actual_isFraud,fraud_probability,predicted_isFraud
0,0.014730592,0
0,0.0013200872,0
0,0.012232913,0
0,0.083681926,0
0,0.013351442,0
0,0.050641827,0
0,0.0025555138,0
0,0.0066735097,0
0,0.101602696,0
0,0.038332738,0
0,0.0052359574,0
0,0.019059679,0
0,0.013152961,0
0,0.0044145538,0
0,0.17569584,0
0,0.002403084,0
0,0.017998952,0
0,0.016742403,0
0,0.0084303105,0
0,0.09785227,0
0,0.011296815,0
0,0.39821538,1
0,0.0047510513,0
0,0.01327164,0
1,0.24542153,0
0,0.0041101538,0
0,0.010371533,0
0,0.006983383,0
0,0.0057811397,0
0,0.014225081,0
0,0.0025991276,0
0,0.00387257,0
0,0.012141272,0
0,0.030331312,0
0,0.0069355173,0
0,0.021982202,0
0,0.0053887907,0
0,0.010683678,0
0,0.04897922,0
0,0.025790105,0
0,0.15980923,0
0,0.16238843,0
0,0.007765759,0
0,0.014890491,0
0,0.0150743555,0
0,0.006316097,0
0,0.003650717,0
0,0.00707403,0
0,0.01861451,0
0,0.029626796,0
0,0.020486876,0
0,0.041282386,0
0,0.014832589,0
0,0.21452612,0
0,0.0021901566,0
0,0.027638452,0
0,0.023122441,0
1,0.7520116,1
0,0.0058594584,0
0,0.015161996,0
0,0.03503708,0
0,0.009399496,0
0,0.007851727,0
0,0.0048665074,0
0,0.004300368,0
0,0.05665259,0
0,0.016830698,0
0,0.007695177,0
0,0.06104845,0
0,0.007884491,0
0,0.012218039,0
0,0.02854702,0
0,0.78606784,1
0,0.021913636,0
0,0.012742843,0
0,0.036674663,0
0,0.0060314895,0
0,0.027105073,0
0,0.009983448,0
0,0.002352249,0
0,0.026080092,0
0,0.002935302,0
0,0.0043813796,0
0,0.0058387155,0
0,0.013614866,0
0,0.007520444,0
0,0.005587291,0
0,0.019379392,0
0,0.016554419,0
0,0.006010087,0
0,0.031031603,0
0,0.12639636,0
0,0.0077569643,0
0,0.011317953,0
0,0.032516796,0
0,0.053891506,0
0,0.00979496,0
0,0.18636978,0
0,0.031487368,0
0,0.009940928,0
1,0.60053355,1
0,0.02392791,0
0,0.013719267,0
0,0.16983633,0
0,0.0167062,0
0,0.09371742,0
0,0.011617571,0
0,0.016634889,0
0,0.02799071,0
0,0.010831749,0
0,0.014371693,0
0,0.022467718,0
0,0.080498025,0
0,0.036077783,0
0,0.002768167,0
0,0.013822339,0
1,0.11230211,0
0,0.017490873,0
0,0.010356734,0
0,0.081516705,0
0,0.0409556,0
0,0.029269569,0
0,0.055837743,0
0,0.011757696,0
0,0.01552267,0
0,0.020608349,0
0,0.008360996,0
0,0.008222496,0
0,0.5007733,1
0,0.010912977,0
0,0.012173771,0
0,0.009274404,0
0,0.0030540484,0
0,0.023110442,0
0,0.026284281,0
0,0.006388784,0
0,0.002563908,0
0,0.004252602,0
0,0.0037947444,0
0,0.0022549478,0
0,0.011532916,0
0,0.020536514,0
0,0.0063645807,0
0,0.0029777025,0
0,0.016724978,0
0,0.07164483,0
0,0.017600613,0
0,0.008091093,0
0,0.007739452,0
0,0.017978614,0
0,0.035681326,0
0,0.007385669,0
0,0.0101677235,0
0,0.024529751,0
0,0.04142347,0
0,0.008417688,0
0,0.12735485,0
0,0.005470696,0
0,0.03748341,0
0,0.045650914,0
0,0.005262085,0
0,0.0066658584,0
0,0.016588558,0
0,0.009573902,0
0,0.093836665,0
0,0.005718641,0
0,0.016180404,0
0,0.01063295,0
0,0.017652633,0
0,0.03440958,0
0,0.0076468075,0
0,0.0031381142,0
1,0.39303938,1
0,0.008938305,0
0,0.20753632,0
0,0.10330453,0
0,0.01426374,0
0,0.026415493,0
0,0.012938347,0
0,0.0143506685,0
0,0.0130272815,0
0,0.116086185,0
0,0.018844742,0
0,0.016079035,0
0,0.027858766,0
0,0.005321546,0
0,0.012372423,0
0,0.0072712917,0
0,0.002900568,0
0,0.021377863,0
0,0.022822514,0
0,0.008297223,0
0,0.005323677,0
0,0.0056384476,0
0,0.022127317,0
0,0.05430479,0
0,0.004684594,0
0,0.038577553,0
0,0.03409072,0
0,0.14030544,0
0,0.008359932,0
0,0.012565464,0
0,0.0011526803,0
0,0.028541224,0
0,0.019168373,0
0,0.016580764,0
0,0.0070454674,0
0,0.050568286,0
0,0.029590832,0
0,0.005108017,0
0,0.0037248181,0
0,0.10284987,0
0,0.012496377,0
0,0.0021478462,0
0,0.012578622,0
0,0.009535059,0
0,0.18743932,0
0,0.02781778,0
0,0.030175127,0
0,0.0035439646,0
0,0.0027333107,0
0,0.008365611,0
0,0.1636881,0
0,0.011867728,0
0,0.017632732,0
0,0.023728874,0
0,0.028760262,0
0,0.003971953,0
0,0.010506051,0
0,0.010915483,0
0,0.002719318,0
0,0.003199328,0
0,0.04274542,0
0,0.018635122,0
0,0.015523573,0
0,0.013517434,0
1,0.013851814,0
0,0.08200112,0
0,0.1028346,0
0,0.01132259,0
0,0.019402022,0
0,0.038435914,0
0,0.22774428,0
0,0.03527787,0
0,0.017923085,0
0,0.0052768216,0
0,0.0029952158,0
0,0.009279588,0
0,0.01084612,0
0,0.01039437,0
0,0.0049033416,0
0,0.015331997,0
0,0.04019836,0
0,0.0068125725,0
0,0.0076269065,0
0,0.050208725,0
0,0.24718347,0
0,0.0035841458,0
0,0.054071218,0
0,0.099285714,0
0,0.025481846,0
0,0.011034646,0
0,0.005853847,0
0,0.005815922,0
0,0.1312775,0
0,0.17015682,0
0,0.0316617,0
0,0.004065544,0
0,0.041076303,0
0,0.035917953,0
0,0.06171489,0
0,0.007905747,0
0,0.019086491,0
0,0.029174855,0
0,0.0037295155,0
0,0.0015268335,0
0,0.002493171,0
0,0.016733605,0
0,0.0080676675,0
0,0.0126247415,0
0,0.012522158,0
0,0.009342579,0
0,0.008785855,0
0,0.018009908,0
0,0.010866116,0
0,0.010971073,0
0,0.060499925,0
0,0.08542902,0
0,0.05524235,0
0,0.023454433,0
0,0.00092239806,0
0,0.008859133,0
0,0.031254087,0
0,0.0069238516,0
0,0.022999004,0
0,0.009474653,0
0,0.042401813,0
0,0.0042107967,0
0,0.029898591,0
0,0.029389603,0
0,0.08457252,0
0,0.002819616,0
0,0.0034096194,0
0,0.010951972,0
0,0.014405391,0
0,0.025958424,0
0,0.038324267,0
0,0.004311606,0
0,0.011898943,0
0,0.033369485,0
0,0.02805832,0
0,0.24269006,0
0,0.004983643,0
0,0.011397452,0
0,0.0023204144,0
0,0.0020978814,0
0,0.003478682,0
0,0.0074727717,0
0,0.022028293,0
0,0.020555278,0
0,0.068387374,0
0,0.0068264077,0
0,0.00472341,0
0,0.010402977,0
0,0.0040180543,0
0,0.009034024,0
0,0.03856391,0
0,0.078613065,0
0,0.0012401532,0
0,0.010842069,0
0,0.022763228,0
0,0.054835662,0
0,0.010026569,0
0,0.04243101,0
0,0.019373892,0
0,0.18053173,0
0,0.14271677,0
0,0.011000719,0
0,0.009045556,0
0,0.019023325,0
1,0.028219555,0
0,0.014205555,0
0,0.005548267,0
0,0.022081299,0
0,0.024491169,0
0,0.028215645,0
0,0.024876285,0
0,0.024519728,0
0,0.0054640896,0
0,0.028136391,0
0,0.013622379,0
0,0.06569497,0
1,0.046536867,0
0,0.006314266,0
0,0.005389409,0
0,0.10526985,0
0,0.0081046745,0
0,0.002794892,0
0,0.020193739,0
0,0.018626582,0
0,0.019822003,0
0,0.008326453,0
0,0.012708534,0
0,0.016527185,0
0,0.0052592056,0
0,0.0076091415,0
0,0.0033750932,0
0,0.0018592258,0
0,0.008730966,0
0,0.017377961,0
0,0.024784936,0
0,0.047890723,0
0,0.014554449,0
0,0.0057485295,0
0,0.009667915,0
0,0.0026757813,0
0,0.024186421,0
0,0.010683109,0
0,0.011262738,0
0,0.005082462,0
0,0.021897433,0
0,0.037891045,0
0,0.009287508,0
0,0.021428585,0
0,0.026857637,0
0,0.027019367,0
0,0.041607168,0
0,0.031991407,0
1,0.98823756,1
0,0.15524644,0
0,0.018739853,0
0,0.010210456,0
0,0.11190743,0
0,0.0073571145,0
0,0.017803198,0
0,0.038884975,0
1,0.8016409,1
0,0.0075948606,0
0,0.005109071,0
0,0.0068804235,0
0,0.060072154,0
0,0.018492555,0
0,0.0108925775,0
1,0.90398693,1
0,0.008402709,0
0,0.027476545,0
0,0.003369668,0
0,0.011618654,0
0,0.010137759,0
0,0.012326959,0
0,0.07161692,0
0,0.008576715,0
0,0.00730031,0
0,0.07889282,0
0,0.0038120362,0
0,0.0033551955,0
0,0.06807555,0
0,0.024174606,0
0,0.009731691,0
0,0.004324103,0
0,0.05677893,0
0,0.03147189,0
0,0.024683647,0
0,0.017716788,0
0,0.059996866,0
0,0.0043991376,0
0,0.0323308,0
0,0.004419184,0
0,0.02053267,0
0,0.006979638,0
0,0.012948142,0
0,0.008559055,0
0,0.0043047396,0
0,0.0072327503,0
1,0.38341528,1
0,0.06497703,0
0,0.0054357736,0
0,0.019531613,0
0,0.041408762,0
0,0.003555841,0
0,0.0051901364,0
0,0.008182522,0
0,0.024477791,0
0,0.0028603354,0
0,0.0052854135,0
0,0.028891062,0
0,0.010108602,0
0,0.0283316,0
0,0.0020973664,0
0,0.008968651,0
0,0.019924374,0
0,0.014405397,0
0,0.01708945,0
0,0.03047957,0
0,0.011138981,0
0,0.01730853,0
0,0.04875023,0
0,0.09578094,0
0,0.0070617753,0
0,0.018820535,0
0,0.017613497,0
0,0.009615503,0
0,0.010098387,0
0,0.0054353634,0
0,0.019602092,0
0,0.11437819,0
0,0.011481644,0
0,0.0019276362,0
0,0.026860593,0
0,0.064294666,0
0,0.0055874684,0
0,0.10918462,0
0,0.11113789,0
0,0.043614946,0
0,0.032051653,0
0,0.0348417,0
0,0.01741025,0
0,0.07487491,0
0,0.0021927976,0
1,0.36261702,1
0,0.054324284,0
0,0.004422401,0
0,0.039987303,0
0,0.019509777,0
0,0.01915149,0
0,0.012340453,0
0,0.021498254,0
0,0.003141093,0
0,0.0033236942,0
0,0.021659384,0
0,0.027312266,0
0,0.0034747072,0
0,0.0050053424,0
0,0.012787919,0
0,0.01292428,0
0,0.009115851,0
0,0.11233697,0
0,0.0668201,0
0,0.013656629,0
0,0.031768937,0
0,0.024842665,0
0,0.0061516217,0
0,0.08953843,0
0,0.0098351855,0
0,0.00909973,0
0,0.016027192,0
0,0.0025146466,0
0,0.003192222,0
0,0.006303603,0
0,0.039622277,0
1,0.6101162,1
0,0.28198877,0
0,0.021075513,0
0,0.0037702573,0
0,0.005622555,0
0,0.013347316,0
0,0.016433904,0
0,0.012018766,0
0,0.018318119,0
0,0.002493501,0
0,0.031918842,0
0,0.024420165,0
0,0.004038935,0
0,0.0062895147,0
0,0.03105048,0
0,0.04783288,0
0,0.007947263,0
0,0.0417856,0
0,0.021168523,0
0,0.026384424,0
0,0.012641895,0
0,0.015071786,0
0,0.010370417,0
0,0.008200795,0
0,0.004083209,0
0,0.010345973,0
0,0.017245201,0
0,0.06595227,0
0,0.0045697563,0
0,0.061337966,0
1,0.008128452,0
0,0.016098138,0
0,0.013989025,0
0,0.016993018,0
0,0.048157357,0
0,0.024951058,0
0,0.014000868,0
0,0.08938086,0
0,0.009329949,0
0,0.036051326,0
0,0.012199844,0
0,0.021257946,0
0,0.023038251,0
0,0.007000033,0
0,0.0060871127,0
0,0.0020716153,0
0,0.005511359,0
0,0.010781393,0
0,0.015632257,0
0,0.0044955746,0
0,0.0031521043,0
0,0.01688488,0
0,0.33580807,0
0,0.13896637,0
0,0.016412666,0
0,0.008246629,0
0,0.019013144,0
0,0.018712923,0
0,0.0021881098,0
0,0.0077223107,0
0,0.017846782,0
0,0.0060709673,0
1,0.02073739,0
0,0.0063516754,0
0,0.03243886,0
0,0.020712104,0
0,0.038061872,0
0,0.018153885,0
0,0.02347506,0
0,0.004537559,0
0,0.03439686,0
0,0.035153806,0
0,0.003856138,0
0,0.0051252022,0
0,0.52033144,1
0,0.0017579783,0
0,0.012669607,0
0,0.048329808,0
0,0.01158755,0
0,0.0049832673,0
0,0.019358207,0
0,0.1557416,0
0,0.048162665,0
0,0.0079153115,0
0,0.0032387269,0
0,0.005409101,0
0,0.007335969,0
0,0.086634144,0
0,0.004643512,0
0,0.0025557007,0
0,0.10841333,0
0,0.057706274,0
0,0.0061690737,0
0,0.021853382,0
0,0.009836848,0
0,0.019894633,0
0,0.0025306996,0
0,0.017506981,0
0,0.016147994,0
0,0.01659651,0
0,0.011705669,0
0,0.0030025512,0
0,0.013644919,0
0,0.012727177,0
0,0.004654542,0
0,0.008905136,0
0,0.031100102,0
0,0.011582056,0
0,0.019983757,0
0,0.0031348357,0
0,0.0054095597,0
0,0.052753847,0
0,0.003728391,0
0,0.010946885,0
0,0.35468307,1
0,0.1199347,0
0,0.016182886,0
0,0.017917043,0
0,0.010822848,0
0,0.0073656337,0
0,0.04734798,0
0,0.028745946,0
0,0.0016426868,0
0,0.055554878,0
0,0.016077736,0
0,0.045321148,0
0,0.08625953,0
0,0.004961513,0
0,0.026505899,0
0,0.009197604,0
0,0.05661122,0
0,0.0017637577,0
0,0.025192058,0
0,0.036551133,0
0,0.037919678,0
0,0.006612297,0
0,0.0031232238,0
0,0.0037644962,0
0,0.0673134,0
0,0.01118836,0
0,0.028963614,0
0,0.020351829,0
0,0.015255633,0
0,0.0055730925,0
0,0.001040658,0
0,0.15985458,0
0,0.0061151544,0
0,0.05815357,0
0,0.015358007,0
0,0.080479614,0
0,0.0077661565,0
0,0.0064123617,0
0,0.0027138973,0
1,0.9757816,1
0,0.004543795,0
0,0.0024333945,0
0,0.0067806193,0
0,0.0027907542,0
0,0.036566693,0
0,0.008907595,0
0,0.017288256,0
0,0.024494348,0
0,0.015453101,0
0,0.024721242,0
1,0.014530103,0
0,0.02067265,0
0,0.011780551,0
0,0.010882703,0
0,0.0065400144,0
0,0.03630248,0
0,0.009163802,0
0,0.0483449,0
0,0.019379988,0
0,0.06274227,0
0,0.018328903,0
1,0.43230358,1
0,0.0071259583,0
0,0.13778669,0
0,0.022468336,0
0,0.089040354,0
0,0.0024691923,0
0,0.01010645,0
0,0.005714958,0
0,0.022294177,0
0,0.011050232,0
0,0.08423183,0
0,0.0187756,0
0,0.0045077293,0
0,0.0101141045,0
0,0.024127172,0
0,0.003094616,0
0,0.010248795,0
0,0.051893856,0
1,0.22804783,0
0,0.0025508325,0
0,0.010256954,0
0,0.05690308,0
0,0.037218187,0
0,0.5405314,1
0,0.002778238,0
0,0.0025324828,0
0,0.015508372,0
0,0.0034062946,0
0,0.041306917,0
0,0.03691276,0
0,0.001532752,0
0,0.0036794355,0
0,0.04473268,0
0,0.008244858,0
0,0.014960009,0
0,0.0034085063,0
0,0.00868507,0
0,0.035994124,0
0,0.07050133,0
0,0.008425824,0
0,0.0033264155,0
0,0.005229608,0
0,0.118985645,0
0,0.02059687,0
0,0.0040158243,0
0,0.0065379827,0
0,0.009342615,0
0,0.00346462,0
0,0.02126276,0
0,0.012328109,0
0,0.016182832,0
0,0.035844035,0
0,0.01301241,0
0,0.010241475,0
0,0.0053124395,0
0,0.004931937,0
0,0.02929708,0
1,0.9603151,1
0,0.0055127656,0
0,0.009454993,0
0,0.0051980205,0
0,0.021648642,0
0,0.04006377,0
1,0.09116552,0
0,0.0066595683,0
0,0.03543011,0
0,0.036880456,0
0,0.013854048,0
0,0.005419243,0
0,0.12932831,0
0,0.014742016,0
0,0.011529056,0
0,0.011766443,0
0,0.03825204,0
0,0.032010317,0
0,0.037983406,0
0,0.05525371,0
0,0.0025090578,0
0,0.047366746,0
0,0.0071997093,0
0,0.14868608,0
0,0.026191995,0
0,0.038378257,0
0,0.009907877,0
0,0.019540928,0
0,0.02151863,0
0,0.030680312,0
0,0.004996971,0
0,0.028653497,0
0,0.0034478302,0
0,0.35613787,1
0,0.016855998,0
0,0.009770414,0
0,0.001233557,0
0,0.014298867,0
0,0.009817171,0
0,0.02701654,0
0,0.104143724,0
0,0.0075983224,0
0,0.0014466633,0
0,0.009303348,0
0,0.011415449,0
0,0.025464296,0
0,0.0024797267,0
0,0.010881856,0
0,0.005192276,0
0,0.011408439,0
0,0.0017422744,0
0,0.033461522,0
0,0.021596236,0
0,0.021511363,0
0,0.01725643,0
0,0.023769187,0
0,0.07823403,0
0,0.015371778,0
0,0.005443151,0
0,0.006848005,0
0,0.008664994,0
0,0.004823309,0
0,0.0027943766,0
0,0.01046519,0
0,0.020345384,0
1,0.7450773,1
0,0.0042352863,0
0,0.02802335,0
0,0.008365963,0
0,0.05737722,0
0,0.050719216,0
0,0.010001349,0
0,0.014797818,0
0,0.004388953,0
0,0.0152476905,0
0,0.01498145,0
0,0.014737182,0
0,0.003955426,0
0,0.034514617,0
0,0.0045239995,0
0,0.006751282,0
0,0.04937053,0
0,0.012567215,0
0,0.056800656,0
0,0.04628943,0
0,0.016177118,0
0,0.009557016,0
0,0.0035004583,0
0,0.0061885924,0
0,0.0050922176,0
0,0.11200811,0
0,0.033756416,0
0,0.02075932,0
0,0.054511838,0
0,0.013659129,0
0,0.018597988,0
0,0.015225533,0
0,0.023353973,0
0,0.06130512,0
0,0.013608304,0
0,0.014351309,0
0,0.004231678,0
0,0.009737483,0
0,0.016690588,0
0,0.024044482,0
0,0.0046519605,0
0,0.015696177,0
0,0.023336202,0
0,0.006422185,0
0,0.005010489,0
1,0.03519006,0
1,0.71634203,1
0,0.013046627,0
0,0.019730479,0
0,0.011580392,0
0,0.0037388518,0
0,0.011411005,0
0,0.0018005156,0
0,0.0036699853,0
0,0.012308135,0
0,0.0065796687,0
0,0.005642832,0
0,0.0041251904,0
0,0.0076603084,0
0,0.0045371824,0
0,0.005342065,0
0,0.22479817,0
0,0.017932313,0
0,0.0060568936,0
0,0.0035243863,0
0,0.0025144445,0
0,0.011607456,0
0,0.0035431732,0
0,0.0029180022,0
0,0.061631594,0
0,0.031094704,0
0,0.0051994435,0
0,0.0035372996,0
0,0.010852947,0
0,0.0025603934,0
0,0.059244554,0
0,0.015719306,0
0,0.0054520173,0
0,0.045759186,0
0,0.012029755,0
0,0.040237106,0
0,0.0050740973,0
0,0.108283676,0
0,0.008705038,0
0,0.0033206707,0
1,0.037084654,0
0,0.040359512,0
0,0.0039273836,0
0,0.052178506,0
0,0.04738454,0
0,0.005119346,0
0,0.0175655,0
1,0.0047522765,0
0,0.008313922,0
0,0.007662966,0
0,0.013680287,0
1,0.8634185,1
0,0.01626399,0
0,0.0064530047,0
0,0.013087255,0
0,0.010016181,0
0,0.009296521,0
0,0.03536953,0
0,0.018107375,0
0,0.020437153,0
0,0.013550099,0
0,0.17574672,0
0,0.078946084,0
0,0.030383946,0
0,0.025068592,0
0,0.008941157,0
0,0.00134882,0
0,0.0036127903,0
0,0.020739216,0
0,0.009583833,0
0,0.0045845993,0
0,0.022711152,0
0,0.005265351,0
0,0.032020792,0
0,0.028970461,0
0,0.011140567,0
0,0.06442213,0
0,0.0070203,0
0,0.018864105,0
0,0.0097945165,0
0,0.020689,0
0,0.029275898,0
0,0.014295029,0
0,0.0076844757,0
0,0.058832176,0
0,0.016971678,0
0,0.04142342,0
0,0.20586911,0
0,0.01642502,0
0,0.026149582,0
0,0.08650289,0
0,0.0120387925,0
0,0.025740916,0
0,0.07250297,0
0,0.017756281,0
0,0.019271404,0
1,0.19684957,0
0,0.051789146,0
0,0.21455546,0
0,0.036302224,0
0,0.031284478,0
0,0.00531903,0
0,0.0034424278,0
1,0.09029556,0
0,0.10388831,0
0,0.032718353,0
0,0.0054953457,0
0,0.0073531144,0
0,0.00347547,0
0,0.007562182,0
0,0.0070844973,0
0,0.013145188,0
0,0.00199322,0
0,0.0047935722,0
0,0.005404716,0
0,0.018360334,0
0,0.074723415,0
0,0.011105646,0
0,0.023182495,0
0,0.15302046,0
0,0.005632639,0
0,0.041885808,0
0,0.0016759344,0
0,0.011880911,0
0,0.02665482,0
0,0.011425764,0
0,0.017538546,0
0,0.005697743,0
0,0.01611486,0
0,0.033619322,0
0,0.09496128,0
0,0.013949773,0
0,0.0377722,0
0,0.004527409,0
0,0.016257185,0
0,0.09652679,0
0,0.0027686502,0
0,0.13111183,0
0,0.014423308,0
0,0.03401985,0
0,0.029850049,0
0,0.005587606,0
0,0.017011372,0
0,0.004507725,0
0,0.062657565,0
0,0.009356699,0
0,0.043497283,0
0,0.014929404,0
0,0.015472207,0
0,0.018873267,0
0,0.04180337,0
0,0.025726868,0
0,0.01096377,0
0,0.0073850187,0
0,0.02973397,0
0,0.00831498,0
0,0.011471257,0
0,0.082478456,0
0,0.008641416,0
0,0.038950253,0
0,0.012651052,0
1,0.03395136,0
0,0.003487114,0
0,0.0010883891,0
0,0.009311342,0
0,0.026309157,0
0,0.014307478,0
0,0.0053110565,0
0,0.030851549,0
0,0.02843922,0
0,0.012574595,0
0,0.0012229967,0
1,0.2923678,0
0,0.030678654,0
0,0.002445212,0
0,0.004000483,0
0,0.026961192,0
0,0.005222818,0
0,0.013786694,0
0,0.07296699,0
0,0.0070493817,0
0,0.0037699454,0
0,0.0125923045,0
0,0.05973639,0
0,0.009890982,0
0,0.00984802,0
0,0.081760325,0
0,0.022465592,0
0,0.0055606356,0
0,0.004463555,0
0,0.054811094,0
1,0.01978964,0
0,0.035528723,0
0,0.051043548,0
0,0.019613307,0
0,0.027347725,0
0,0.009058144,0
0,0.035918355,0
0,0.021769429,0
0,0.07670328,0
0,0.018864969,0
0,0.013505961,0
0,0.04201411,0
0,0.5587421,1
0,0.011372201,0
0,0.045021232,0
0,0.11018457,0
0,0.02681223,0
0,0.0033112895,0
0,0.038546175,0
0,0.008405491,0
0,0.004477049,0
1,0.9660104,1
0,0.037218552,0
0,0.01074344,0
0,0.017457446,0
0,0.045021232,0
0,0.0063963165,0
0,0.012932611,0
0,0.030145451,0
0,0.004582839,0
0,0.019568168,0
0,0.0032599152,0
0,0.030995682,0
0,0.024276672,0
0,0.11366371,0
0,0.12916408,0
0,0.0155183915,0
0,0.0042179027,0
0,0.01025239,0
0,0.005262327,0
0,0.009747738,0
0,0.06539468,0
0,0.0029273832,0
0,0.016745646,0
0,0.0027843611,0
0,0.013491979,0
1,0.14287472,0
0,0.02434244,0
0,0.009876031,0
0,0.0470887,0
0,0.059762828,0
0,0.012854367,0
0,0.0022616736,0
0,0.017386219,0
0,0.031456444,0
0,0.0040672123,0
0,0.03259869,0
0,0.027576355,0
0,0.03579454,0
0,0.018691538,0
0,0.0055766082,0
0,0.0032786997,0
0,0.1537857,0
0,0.0683031,0
0,0.049432583,0
0,0.021857537,0
0,0.19361043,0
0,0.0012554808,0
0,0.0024297154,0
0,0.041780945,0
0,0.012169242,0
0,0.019949274,0
0,0.03152304,0
0,0.025363853,0
0,0.02028046,0
0,0.12559924,0
0,0.01575742,0
0,0.0018902475,0
0,0.0145998895,0
0,0.038892496,0
0,0.020324402,0
0,0.05082085,0
0,0.053192742,0
0,0.0137271155,0
0,0.016911702,0
0,0.025921136,0
0,0.0026902335,0
0,0.0049199774,0
0,0.016299695,0
0,0.0036547917,0
0,0.01424172,0
0,0.0148421945,0
0,0.013569558,0
0,0.012585073,0
0,0.02432697,0
0,0.07418136,0
0,0.086875886,0
0,0.0054679546,0
1,0.89632875,1
0,0.02163925,0
0,0.014213437,0
0,0.0035755918,0
0,0.0065163597,0
0,0.0075295465,0
0,0.010642415,0
0,0.01950872,0
0,0.004658472,0
0,0.0127267875,0
1,0.97886753,1
1,0.048732556,0
0,0.004491541,0
0,0.011051602,0
0,0.11500579,0
0,0.015623499,0
0,0.027877336,0
0,0.025775876,0
0,0.009719824,0
0,0.012100449,0
0,0.012005416,0
0,0.00517556,0
0,0.0027589945,0
0,0.016661562,0
0,0.05032881,0
0,0.056612737,0
0,0.19996415,0
1,0.67754275,1
0,0.012224986,0
0,0.008750992,0
0,0.007113547,0
0,0.036357917,0
0,0.013286929,0
0,0.016450398,0
0,0.03038639,0
0,0.011418587,0
0,0.033036582,0
0,0.035257787,0
0,0.022151778,0
0,0.041992776,0
0,0.017192341,0
0,0.05554097,0
0,0.025058327,0
0,0.0036999672,0
0,0.0049397545,0
0,0.005352374,0
1,0.06856544,0
0,0.025526127,0
0,0.0052288687,0
0,0.087712094,0
0,0.007853708,0
0,0.010789167,0
0,0.051975984,0
0,0.050849423,0
0,0.033124365,0
0,0.0035336893,0
0,0.020963296,0
0,0.020407196,0
0,0.03750498,0
0,0.0149985505,0
0,0.0033214125,0
1,0.09662209,0
0,0.0103824185,0
0,0.028260455,0
0,0.016602611,0
0,0.008553372,0
0,0.013326565,0
0,0.047982942,0
0,0.029266639,0
0,0.022248868,0
0,0.0071606254,0
0,0.05585834,0
0,0.0025975928,0
0,0.014603375,0
0,0.051165525,0
0,0.0048461845,0
0,0.007105644,0
0,0.0068397014,0
0,0.019188985,0
0,0.008014155,0
0,0.05205047,0
0,0.034559134,0
0,0.011227666,0
0,0.018238235,0
0,0.0095969755,0
0,0.009821125,0
0,0.003988598,0
0,0.0021453674,0
0,0.014329573,0
0,0.008168471,0
0,0.036956944,0
0,0.009169493,0
0,0.0045097456,0
0,0.053364906,0
0,0.010527572,0
0,0.03494536,0
0,0.004800085,0
0,0.003069326,0
0,0.03317197,0
0,0.004105515,0
0,0.011546127,0
0,0.010201377,0
0,0.001986078,0
0,0.3997357,1
0,0.0055370913,0
0,0.014339854,0
0,0.0349477,0
0,0.022758365,0
1,0.60882574,1
0,0.00501929,0
0,0.017058576,0
1,0.9757883,1
0,0.0132391825,0
0,0.12690479,0
0,0.02253204,0
0,0.016812393,0
0,0.25909287,0
0,0.0023196572,0
0,0.0067667183,0
0,0.013372205,0
0,0.008007849,0
0,0.013153578,0
0,0.008993458,0
0,0.048876505,0
0,0.07814781,0
0,0.0051976284,0
0,0.011596422,0
0,0.0046340576,0
0,0.024561135,0
0,0.009254774,0
0,0.062337153,0
0,0.026345193,0
0,0.004229165,0
0,0.010202291,0
0,0.05282181,0
0,0.024262572,0
0,0.02019212,0
0,0.010482773,0
0,0.0054806517,0
0,0.02425538,0
0,0.0035400535,0
0,0.03152353,0
0,0.02506368,0
0,0.0020797944,0
0,0.013218984,0
0,0.043829396,0
0,0.0027359636,0
0,0.01872951,0
0,0.019969687,0
0,0.02673272,0
0,0.010671912,0
0,0.035281986,0
0,0.01626657,0
0,0.13055676,0
0,0.0033640072,0
0,0.014112904,0
0,0.005646624,0
0,0.020925066,0
0,0.011047788,0
0,0.004020761,0
0,0.045630008,0
0,0.01009272,0
0,0.037165012,0
0,0.014683407,0
0,0.007670933,0
0,0.0397465,0
0,0.008485355,0
0,0.14270295,0
0,0.048791766,0
0,0.00767395,0
1,0.20866796,0
0,0.0070209177,0
0,0.01940059,0
0,0.014227481,0
0,0.012499873,0
0,0.016843438,0
0,0.009717485,0
0,0.013927084,0
0,0.022180308,0
0,0.0054984293,0
0,0.03213255,0
0,0.0067374445,0
0,0.0032452433,0
0,0.021924565,0
0,0.006552878,0
0,0.028679887,0
0,0.019371795,0
0,0.010825207,0
0,0.0064455126,0
0,0.0087739695,0
0,0.01649762,0
0,0.008329029,0
0,0.0034454078,0
0,0.014684111,0
0,0.0045178705,0
0,0.012111877,0
0,0.0138016,0
0,0.015207942,0
0,0.022445086,0
1,0.28097415,0
0,0.0154662905,0
0,0.044030197,0
0,0.0028358854,0
0,0.005167243,0
0,0.012541448,0
0,0.022023533,0
0,0.024325415,0
0,0.022591865,0
0,0.009248729,0
0,0.0064579467,0
0,0.013465673,0
0,0.0031309088,0
0,0.02325122,0
0,0.015387071,0
0,0.0047751092,0
0,0.008960517,0
0,0.032426104,0
0,0.08768171,0
0,0.01973717,0
0,0.006022243,0
0,0.0053388965,0
0,0.059560306,0
0,0.0064207735,0
0,0.007496898,0
0,0.07968939,0
0,0.010918361,0
0,0.0033090727,0
0,0.0067313565,0
0,0.017626,0
0,0.014201422,0
0,0.060580976,0
0,0.0053970953,0
0,0.008856722,0
0,0.008520024,0
0,0.020183489,0
0,0.03369929,0
0,0.06281993,0
0,0.07442277,0
1,0.012298394,0
0,0.024371773,0
0,0.005325753,0
0,0.013064568,0
0,0.0033571178,0
0,0.006920046,0
0,0.018571092,0
0,0.017583283,0
1,0.8968656,1
0,0.055096768,0
0,0.008118352,0
0,0.030416507,0
0,0.0021606064,0
0,0.0026173287,0
0,0.010543488,0
0,0.13062772,0
0,0.0102221975,0
0,0.00555073,0
0,0.0068277335,0
0,0.0018647761,0
0,0.010357726,0
0,0.009719173,0
0,0.011949185,0
0,0.025252337,0
0,0.009461224,0
0,0.015581291,0
0,0.024978891,0
0,0.048050847,0
0,0.021906937,0
0,0.0031527607,0
0,0.0040281713,0
0,0.04521763,0
0,0.00663172,0
0,0.01718059,0
0,0.055623762,0
0,0.0038848198,0
0,0.004158066,0
0,0.0058830315,0
0,0.08950037,0
0,0.015364808,0
0,0.0127101485,0
0,0.049711857,0
0,0.12816899,0
0,0.045095574,0
0,0.07466417,0
0,0.018905869,0
0,0.030809807,0
0,0.07151713,0
0,0.03199639,0
0,0.0046909214,0
0,0.024146428,0
0,0.01724689,0
0,0.026975669,0
0,0.01049998,0
0,0.33713877,0
0,0.09524464,0
0,0.009011942,0
0,0.012035242,0
0,0.02684382,0
0,0.007534711,0
0,0.02413885,0
0,0.019057874,0
0,0.0029960817,0
0,0.009970283,0
0,0.3423119,0
0,0.023696166,0
0,0.019948687,0
0,0.012789285,0
0,0.028759763,0
0,0.014367465,0
0,0.043631032,0
0,0.05265219,0
0,0.008976792,0
0,0.005358953,0
0,0.044491295,0
0,0.02210552,0
0,0.015751926,0
0,0.003251615,0
1,0.034843873,0
0,0.014498135,0
0,0.08798443,0
0,0.011291294,0
0,0.0066837277,0
0,0.0058901524,0
0,0.01843711,0
0,0.11933476,0
0,0.007695032,0
0,0.014686815,0
0,0.2917285,0
0,0.10278903,0
0,0.024011835,0
0,0.03121978,0
0,0.00919108,0
0,0.0025489465,0
1,0.19971727,0
0,0.009012713,0
0,0.010370403,0
0,0.10483725,0
0,0.016468199,0
0,0.011519595,0
0,0.0032144075,0
0,0.033177007,0
0,0.056224126,0
0,0.016495492,0
0,0.005576005,0
0,0.013798511,0
0,0.023436796,0
0,0.058445513,0
0,0.0056928312,0
0,0.005156535,0
0,0.15377983,0
0,0.008188073,0
0,0.029897286,0
0,0.03327608,0
0,0.06602888,0
0,0.006738833,0
0,0.017999573,0
0,0.0060421648,0
0,0.0078493245,0
0,0.041725066,0
0,0.004838356,0
0,0.009755852,0
0,0.014322921,0
0,0.012221993,0
0,0.010621168,0
0,0.0010569401,0
0,0.0088820355,0
0,0.010042513,0
0,0.019333005,0
0,0.0031835656,0
0,0.09758836,0
0,0.073517,0
0,0.010079433,0
0,0.0035781902,0
0,0.01888542,0
0,0.0044890833,0
0,0.051907558,0
0,0.018964522,0
0,0.011164426,0
0,0.039681993,0
0,0.015895318,0
0,0.022168497,0
0,0.0078052166,0
0,0.09600457,0
0,0.009236721,0
0,0.008860733,0
0,0.0057210657,0
0,0.005625054,0
0,0.038626563,0
0,0.21451133,0
0,0.04234463,0
0,0.0076557063,0
0,0.009045193,0
0,0.030616816,0
0,0.012295793,0
0,0.01627149,0
0,0.0938749,0
0,0.0070651225,0
0,0.014309713,0
0,0.037749507,0
0,0.04491053,0
0,0.039800655,0
0,0.04747432,0
0,0.007042269,0
0,0.08919884,0
0,0.024547145,0
0,0.014594994,0
0,0.005462043,0
0,0.054405622,0
0,0.013571345,0
0,0.019775765,0
0,0.008809085,0
0,0.033968005,0
0,0.0009551926,0
0,0.031344686,0
0,0.01200156,0
0,0.0051179253,0
0,0.034875724,0
0,0.003677403,0
0,0.015904877,0
0,0.030770145,0
0,0.1199722,0
0,0.0045367796,0
0,0.0491252,0
1,0.37624168,1
0,0.0038507315,0
0,0.3667317,1
0,0.004073392,0
0,0.005359507,0
0,0.016246513,0
0,0.008597304,0
0,0.007871671,0
0,0.017660256,0
0,0.07438995,0
0,0.027797032,0
0,0.0074454825,0
0,0.021925392,0
0,0.031714868,0
0,0.006593085,0
0,0.018935932,0
0,0.17147227,0
0,0.04753509,0
0,0.025934556,0
0,0.009782929,0
0,0.008275303,0
0,0.0020267535,0
0,0.010190679,0
0,0.014782644,0
1,0.09478719,0
0,0.027047252,0
0,0.005763656,0
0,0.032609414,0
0,0.012373087,0
0,0.014854526,0
0,0.046953246,0
0,0.008020878,0
0,0.012117995,0
0,0.008010603,0
0,0.025806354,0
0,0.01320699,0
0,0.004222798,0
0,0.009819683,0
0,0.014139567,0
0,0.00449508,0
0,0.21646863,0
0,0.048684523,0
0,0.0068858373,0
0,0.012526026,0
0,0.024168275,0
0,0.0066079483,0
0,0.0020426977,0
0,0.05963128,0
0,0.0044061183,0
0,0.0032214182,0
0,0.016384378,0
0,0.015681649,0
0,0.054102175,0
0,0.010462726,0
0,0.004749591,0
0,0.03429656,0
0,0.012470524,0
0,0.0045071132,0
0,0.0116781015,0
0,0.0030787282,0
0,0.010352506,0
0,0.015940381,0
0,0.0041013546,0
0,0.015951432,0
0,0.004612785,0
0,0.026093964,0
0,0.0018532331,0
0,0.011118672,0
0,0.0040671043,0
0,0.003027999,0
0,0.083571054,0
0,0.02771567,0
0,0.0026188204,0
0,0.022323979,0
0,0.17320558,0
0,0.02644508,0
0,0.003032602,0
0,0.00940193,0
0,0.0065645785,0
0,0.018705266,0
0,0.02364871,0
0,0.006660322,0
0,0.033019852,0
0,0.049238116,0
0,0.012749383,0
0,0.007647788,0
0,0.025316881,0
0,0.005578957,0
0,0.038810205,0
0,0.017764276,0
0,0.7523777,1
0,0.028109789,0
0,0.013322183,0
0,0.003993822,0
0,0.16654672,0
0,0.008482408,0
0,0.019980734,0
0,0.005047581,0
0,0.032444946,0
0,0.015740575,0
0,0.0068390477,0
0,0.56712425,1
0,0.009943706,0
0,0.02958433,0
0,0.3151878,0
0,0.2680187,0
0,0.006317432,0
0,0.009090331,0
0,0.0035425825,0
0,0.05677486,0
0,0.13595793,0
0,0.01052201,0
0,0.004090369,0
0,0.00660552,0
0,0.0066417134,0
0,0.014482079,0
0,0.014312005,0
0,0.012949598,0
0,0.01920515,0
0,0.0038196996,0
0,0.0092817405,0
0,0.0075208144,0
0,0.0033479403,0
0,0.031186007,0
0,0.0016432904,0
1,0.24747679,0
0,0.0026016987,0
0,0.0036859054,0
0,0.033870123,0
0,0.017939845,0
0,0.012988909,0
0,0.017069181,0
0,0.07039435,0
0,0.012740047,0
0,0.008144823,0
1,0.3098146,0
0,0.014252556,0
0,0.0036457928,0
0,0.09331463,0
0,0.051774316,0
0,0.11149928,0
0,0.025361208,0
0,0.116064206,0
0,0.0033585953,0
0,0.0073840017,0
0,0.010311827,0
0,0.009911082,0
0,0.008310291,0
0,0.20123698,0
0,0.020024288,0
0,0.0077125067,0
0,0.0067754057,0
0,0.084059976,0
0,0.043868203,0
0,0.003131866,0
0,0.006782761,0
0,0.010292336,0
0,0.024540609,0
0,0.00447608,0
0,0.0058253203,0
0,0.03618479,0
0,0.0121254,0
0,0.021292368,0
0,0.16651967,0
0,0.008886133,0
0,0.02933107,0
0,0.09564575,0
0,0.026004516,0
0,0.0010585205,0
0,0.010584022,0
0,0.18155058,0
0,0.012619815,0
0,0.08487211,0
0,0.006398393,0
0,0.0359643,0
0,0.02459105,0
0,0.0052428516,0
0,0.0037694962,0
0,0.010075328,0
0,0.0044281827,0
0,0.0070136017,0
0,0.041805986,0
0,0.03456789,0
0,0.008671238,0
0,0.0022898384,0
0,0.009434003,0
0,0.04129187,0
0,0.0029068056,0
0,0.0020761972,0
0,0.026516605,0
0,0.020011827,0
0,0.28308484,0
0,0.03737046,0
0,0.018503858,0
0,0.010976352,0
0,0.011041846,0
0,0.15594323,0
0,0.004284398,0
0,0.012032209,0
0,0.002765429,0
1,0.5580319,1
0,0.02275316,0
0,0.038802747,0
0,0.008425155,0
0,0.0025702298,0
0,0.018301988,0
1,0.26507828,0
0,0.014435927,0
0,0.0071270713,0
0,0.003538979,0
0,0.0029932372,0
0,0.010043807,0
0,0.0033939194,0
0,0.019844355,0
0,0.006600544,0
0,0.011962428,0
0,0.01657938,0
0,0.008904757,0
0,0.020504432,0
0,0.0142003605,0
1,0.62746847,1
0,0.002831968,0
0,0.014270326,0
0,0.012617658,0
0,0.007262163,0
0,0.019539477,0
0,0.0071354783,0
0,0.010216212,0
0,0.052299567,0
0,0.011711644,0
1,0.4346764,1
0,0.006375071,0
0,0.036084365,0
0,0.037332535,0
0,0.050351445,0
0,0.029005896,0
1,0.066449866,0
0,0.012205298,0
0,0.017694661,0
0,0.0027277442,0
0,0.09435641,0
0,0.006965016,0
0,0.025569312,0
0,0.019513244,0
0,0.006287247,0
0,0.010241209,0
0,0.013364437,0
0,0.0034568515,0
0,0.09730036,0
0,0.0073351567,0
0,0.048201263,0
0,0.004702722,0
0,0.010250426,0
1,0.9832323,1
0,0.009201268,0
0,0.0024607014,0
0,0.0046541956,0
0,0.009882734,0
0,0.0070197983,0
1,0.93905526,1
0,0.0037911406,0
0,0.055791605,0
0,0.004456528,0
0,0.03220394,0
1,0.123150386,0
0,0.096230514,0
0,0.10414442,0
0,0.018484408,0
0,0.060973037,0
0,0.0045238473,0
0,0.022749756,0
0,0.0025341795,0
0,0.0035274234,0
0,0.0072828354,0
0,0.03594625,0
0,0.0057796654,0
0,0.005146137,0
0,0.010378069,0
0,0.018646052,0
0,0.0031505318,0
0,0.012042484,0
0,0.0068645123,0
0,0.0021739947,0
0,0.0044935844,0
0,0.026723139,0
0,0.010722879,0
0,0.027102651,0
0,0.005638819,0
0,0.024509855,0
0,0.005155931,0
0,0.04165438,0
1,0.44757247,1
0,0.0066914437,0
0,0.03380102,0
0,0.010963563,0
0,0.008840609,0
0,0.020640397,0
0,0.004288939,0
0,0.012985314,0
0,0.072449826,0
0,0.03412022,0
0,0.0035826168,0
0,0.0135457,0
0,0.012756059,0
0,0.014830199,0
0,0.014062563,0
0,0.016255539,0
0,0.18852425,0
0,0.017485244,0
1,0.9951508,1
0,0.06103116,0
0,0.03843979,0
0,0.0097810915,0
0,0.0337621,0
0,0.023813993,0
0,0.0073688314,0
0,0.013281353,0
0,0.018953994,0
0,0.017408611,0
0,0.046726275,0
0,0.035743807,0
0,0.002116106,0
0,0.005985511,0
0,0.009261164,0
0,0.0070323865,0
0,0.026804896,0
0,0.01908626,0
0,0.015900668,0
0,0.022263967,0
0,0.03799048,0
0,0.007884655,0
0,0.013988169,0
0,0.025523445,0
1,0.95479345,1
0,0.01126421,0
0,0.0053128474,0
0,0.011340507,0
0,0.013968998,0
0,0.014374943,0
0,0.003410958,0
0,0.014996164,0
0,0.01303001,0
0,0.010678377,0
0,0.026485348,0
0,0.038842022,0
0,0.08320698,0
0,0.028530456,0
0,0.01447639,0
0,0.008509021,0
0,0.015345133,0
0,0.042003404,0
0,0.054610983,0
0,0.0034408628,0
0,0.048807327,0
0,0.016395872,0
0,0.01835946,0
0,0.20366809,0
0,0.028436417,0
0,0.008756154,0
0,0.10250661,0
0,0.0055939765,0
0,0.008865211,0
0,0.017363245,0
0,0.013044877,0
0,0.027500292,0
0,0.012030236,0
0,0.005158375,0
0,0.0084217535,0
0,0.0050597726,0
0,0.0051214714,0
0,0.008462215,0
0,0.003860146,0
0,0.016169561,0
0,0.007588462,0
0,0.03228869,0
0,0.17860794,0
0,0.014099905,0
0,0.01732285,0
0,0.007848199,0
0,0.034294523,0
0,0.008772995,0
0,0.013496511,0
1,0.04720943,0
0,0.00921333,0
0,0.03777539,0
0,0.043101426,0
0,0.0043012765,0
0,0.23555233,0
0,0.015495236,0
0,0.0030753845,0
0,0.0028276355,0
0,0.0028847833,0
0,0.020681234,0
0,0.017231904,0
0,0.16366707,0
0,0.021132259,0
0,0.07429119,0
0,0.010369258,0
0,0.018337427,0
0,0.0052727913,0
0,0.029235315,0
0,0.029590108,0
0,0.012236451,0
1,0.15258129,0
0,0.010355316,0
0,0.07238855,0
0,0.6745295,1
0,0.1654454,0
0,0.0284338,0
0,0.00852612,0
0,0.008176703,0
0,0.076534756,0
0,0.021647807,0
0,0.041435495,0
0,0.034760345,0
0,0.01119255,0
0,0.013182082,0
0,0.17201668,0
0,0.009805089,0
0,0.022290928,0
0,0.07830373,0
0,0.005854424,0
0,0.004783719,0
1,0.9384045,1
0,0.011697881,0
0,0.00885797,0
0,0.011193448,0
0,0.0076180086,0
0,0.039956562,0
0,0.020714546,0
0,0.014931108,0
0,0.033967115,0
0,0.0021722969,0
0,0.1817345,0
0,0.015355844,0
0,0.0034565558,0
0,0.0017111924,0
0,0.0800295,0
0,0.02777655,0
0,0.06678565,0
0,0.0073842704,0
0,0.047932092,0
0,0.010058839,0
1,0.9522313,1
0,0.03650698,0
0,0.025027975,0
0,0.003481746,0
0,0.016871555,0
0,0.074372105,0
0,0.0060216095,0
0,0.019589216,0
0,0.004705801,0
0,0.113365844,0
0,0.0092518795,0
0,0.0022139202,0
0,0.003848879,0
0,0.0036657664,0
0,0.13131523,0
0,0.017206196,0
0,0.004660885,0
0,0.015493018,0
0,0.05672737,0
0,0.004479373,0
0,0.037891045,0
0,0.019546013,0
0,0.0028425178,0
0,0.014596008,0
0,0.019343317,0
0,0.016745277,0
0,0.02712931,0
0,0.0072997157,0
0,0.0027987647,0
0,0.02658374,0
0,0.0014562849,0
0,0.0789277,0
0,0.01470132,0
0,0.058834065,0
0,0.015507703,0
0,0.01892229,0
0,0.007587906,0
0,0.02365261,0
0,0.054319408,0
0,0.025718207,0
0,0.2888225,0
0,0.013406036,0
0,0.004897475,0
0,0.022762476,0
0,0.116252325,0
0,0.019135011,0
0,0.033030648,0
0,0.036028232,0
0,0.006255065,0
0,0.0076609757,0
0,0.09071049,0
0,0.008199609,0
0,0.05302253,0
0,0.06672144,0
0,0.012924543,0
0,0.0034194624,0
0,0.0037082464,0
0,0.00493072,0
0,0.015060331,0
0,0.027655296,0
0,0.02961801,0
0,0.23195367,0
0,0.0113362735,0
0,0.02097334,0
0,0.021402778,0
0,0.013383867,0
0,0.0025186841,0
0,0.0036978477,0
0,0.0113880215,0
0,0.013736764,0
0,0.021746704,0
0,0.0117285615,0
0,0.019691845,0
0,0.025641687,0
0,0.0757157,0
0,0.037816845,0
0,0.008702799,0
0,0.048432015,0
0,0.02070403,0
0,0.0015490052,0
0,0.029556368,0
0,0.302749,0
0,0.012941056,0
0,0.014248355,0
0,0.020477232,0
0,0.0016546595,0
0,0.106516495,0
0,0.03218946,0
0,0.01989137,0
0,0.060583293,0
0,0.041411135,0
0,0.0051357895,0
0,0.0024690505,0
0,0.0114084715,0
0,0.013828925,0
0,0.011149343,0
0,0.027697928,0
0,0.0037864465,0
0,0.013115993,0
0,0.028596984,0
0,0.021959204,0
1,0.62211597,1
0,0.008859088,0
0,0.011827646,0
0,0.0019707023,0
0,0.003937247,0
0,0.090658724,0
0,0.052294485,0
0,0.037747037,0
0,0.086735845,0
0,0.005681625,0
0,0.022675121,0
0,0.005015828,0
0,0.024393141,0
0,0.01247272,0
0,0.005260358,0
0,0.0065048486,0
1,0.9626331,1
0,0.017689308,0
0,0.050092347,0
0,0.025792249,0
0,0.041408762,0
0,0.007178975,0
0,0.009826817,0
0,0.0038933593,0
0,0.045486115,0
0,0.028399086,0
0,0.15342727,0
0,0.0026071726,0
0,0.043401282,0
0,0.009298405,0
0,0.011782395,0
0,0.01819994,0
0,0.024594251,0
0,0.03554175,0
0,0.18273711,0
0,0.0068535726,0
0,0.12845437,0
0,0.0025452503,0
0,0.04005252,0
0,0.0049367156,0
0,0.006561638,0
0,0.03183946,0
0,0.0075307866,0
0,0.01609449,0
0,0.0033170069,0
0,0.008964723,0
0,0.031393137,0
0,0.24129683,0
1,0.111899205,0
0,0.0028716498,0
0,0.022851141,0
0,0.0046933107,0
0,0.057854194,0
1,0.21690562,0
0,0.018820371,0
0,0.01225867,0
0,0.020722987,0
0,0.032424144,0
0,0.025880484,0
0,0.17214748,0
0,0.020512776,0
0,0.022649653,0
0,0.016779274,0
0,0.03414023,0
0,0.007530227,0
0,0.024800295,0
0,0.005253047,0
0,0.011889047,0
0,0.0052090148,0
0,0.0062475945,0
0,0.010027326,0
0,0.00406627,0
0,0.007118509,0
0,0.015871594,0
0,0.0047468375,0
0,0.0053747725,0
0,0.094451696,0
0,0.0041285986,0
1,0.9831177,1
0,0.013796986,0
0,0.03297528,0
0,0.0042811735,0
0,0.005322121,0
0,0.010298425,0
0,0.03327441,0
0,0.011060633,0
0,0.014943429,0
0,0.0036246153,0
1,0.047038037,0
0,0.009642997,0
0,0.01923944,0
0,0.010289375,0
0,0.0058435965,0
0,0.007297954,0
0,0.41957492,1
0,0.0027776726,0
0,0.07779659,0
0,0.017307717,0
0,0.046589185,0
0,0.036886394,0
0,0.019114094,0
0,0.038345125,0
0,0.046003122,0
0,0.003093407,0
0,0.0058597024,0
0,0.0075061996,0
0,0.0069986205,0
0,0.023509327,0
0,0.051176082,0
0,0.0042178845,0
0,0.07637885,0
0,0.0128051285,0
0,0.01756564,0
0,0.008957367,0
0,0.0051369737,0
0,0.005867513,0
0,0.0048910445,0
0,0.01969501,0
0,0.032169122,0
0,0.0023083636,0
0,0.023165017,0
0,0.014761213,0
0,0.21810687,0
0,0.02426223,0
0,0.0053794114,0
0,0.058463097,0
0,0.061585765,0
0,0.003085509,0
0,0.06231574,0
0,0.00825124,0
0,0.051318258,0
0,0.005954576,0
0,0.024478737,0
0,0.015705677,0
0,0.07888969,0
0,0.016426189,0
0,0.003784325,0
0,0.003835496,0
0,0.0126329055,0
0,0.010073207,0
0,0.0072182436,0
0,0.016719898,0
0,0.044183705,0
0,0.009583316,0
0,0.0077955737,0
0,0.023857716,0
0,0.033339914,0
0,0.061531283,0
0,0.03450584,0
0,0.022011068,0
0,0.00746119,0
0,0.0035373059,0
0,0.0053901533,0
0,0.040701468,0
0,0.00614693,0
0,0.009184976,0
0,0.01904138,0
0,0.00384094,0
0,0.0014403207,0
0,0.14961176,0
0,0.041618045,0
0,0.0055275215,0
0,0.0011285519,0
0,0.021800362,0
0,0.011785421,0
0,0.012487824,0
0,0.0027785855,0
0,0.015866509,0
0,0.0023791648,0
0,0.014978065,0
0,0.0038220154,0
0,0.014981688,0
0,0.042595606,0
0,0.0038930362,0
0,0.0027938625,0
0,0.005278837,0
0,0.04650683,0
0,0.11001433,0
0,0.06122262,0
0,0.0022321863,0
0,0.03129635,0
0,0.019906694,0
0,0.014497993,0
1,0.6608968,1
0,0.01918876,0
0,0.20785058,0
0,0.006253563,0
0,0.2039358,0
0,0.11474492,0
0,0.03380437,0
0,0.05564803,0
0,0.022377498,0
0,0.024487626,0
0,0.012758064,0
0,0.013352132,0
0,0.025385074,0
0,0.0076591563,0
1,0.95774084,1
0,0.026512612,0
0,0.0130300345,0
0,0.00560114,0
0,0.018519303,0
0,0.03473129,0
0,0.0023174006,0
0,0.011949579,0
0,0.003917409,0
0,0.03362731,0
0,0.014673323,0
0,0.010051529,0
1,0.9183812,1
0,0.00861602,0
0,0.027526686,0
0,0.017373368,0
0,0.0023624506,0
0,0.0066733453,0
0,0.009559896,0
0,0.0367953,0
0,0.037215315,0
0,0.012311237,0
1,0.89587134,1
0,0.051878434,0
0,0.044446982,0
0,0.01688956,0
0,0.004976411,0
0,0.008238431,0
0,0.100112386,0
0,0.037736706,0
0,0.027566142,0
0,0.0113449935,0
0,0.006853673,0
0,0.020263677,0
0,0.0148531925,0
0,0.0042387526,0
0,0.011542318,0
0,0.017298117,0
0,0.010339383,0
0,0.026225189,0
0,0.009052018,0
0,0.015776629,0
0,0.009642756,0
0,0.0053445715,0
0,0.07334359,0
0,0.019607417,0
0,0.028642233,0
0,0.04674409,0
0,0.004174141,0
0,0.5180638,1
0,0.010002217,0
0,0.014501473,0
0,0.0058513554,0
0,0.07826708,0
0,0.0077684964,0
0,0.17976911,0
0,0.0037028843,0
0,0.03380664,0
0,0.015432078,0
0,0.0019059234,0
0,0.020191068,0
0,0.002279493,0
0,0.009943533,0
0,0.0054620584,0
0,0.08713723,0
0,0.006789784,0
0,0.0046225535,0
0,0.064223096,0
0,0.021368364,0
0,0.0047432096,0
0,0.06735981,0
0,0.020859336,0
0,0.010487017,0
0,0.024616374,0
0,0.005238541,0
0,0.015596331,0
0,0.029269664,0
0,0.09258409,0
0,0.0026206956,0
0,0.03406756,0
0,0.0045856615,0
0,0.003201814,0
0,0.011966695,0
0,0.01064831,0
0,0.0035333738,0
0,0.14592296,0
0,0.101695076,0
0,0.010956972,0
0,0.022152731,0
0,0.0056979326,0
0,0.04728917,0
0,0.007479416,0
0,0.012758335,0
0,0.016397048,0
0,0.024902172,0
0,0.024005657,0
0,0.020233234,0
0,0.007723926,0
0,0.028038327,0
0,0.036575105,0
0,0.0071270377,0
0,0.008351062,0
0,0.012092704,0
0,0.040914096,0
0,0.050286204,0
0,0.008069976,0
0,0.018182715,0
0,0.025179572,0
0,0.0050490876,0
0,0.10567705,0
0,0.14823548,0
0,0.010169835,0
0,0.0051369444,0
0,0.005162233,0
0,0.017576406,0
0,0.0028308427,0
0,0.0027027887,0
0,0.029240144,0
1,0.5794579,1
0,0.057184372,0
0,0.010094726,0
0,0.021676883,0
0,0.015543844,0
0,0.0081086885,0
0,0.025650017,0
0,0.0074866023,0
0,0.0028336775,0
0,0.013603121,0
0,0.0031087275,0
0,0.06799165,0
0,0.021168701,0
0,0.021858392,0
0,0.058990806,0
0,0.027691111,0
0,0.007854904,0
0,0.009075688,0
0,0.0031962104,0
0,0.015197617,0
0,0.0047305822,0
0,0.045432895,0
0,0.0060466505,0
0,0.019764122,0
0,0.006144597,0
0,0.06230274,0
0,0.005098911,0
0,0.025805473,0
0,0.0058506513,0
0,0.10883564,0
0,0.005269556,0
0,0.012991402,0
0,0.0071183173,0
0,0.013002487,0
0,0.035286654,0
0,0.025958966,0
0,0.037161797,0
0,0.002915844,0
0,0.007237984,0
0,0.01848905,0
0,0.029778665,0
0,0.0036972102,0
0,0.0045096683,0
0,0.019491976,0
0,0.04251635,0
0,0.02254141,0
0,0.069205046,0
0,0.0018570281,0
0,0.022183571,0
0,0.04379367,0
0,0.013328527,0
0,0.017592436,0
0,0.07788571,0
0,0.012664741,0
0,0.08582487,0
0,0.02213033,0
0,0.05877881,0
0,0.015537228,0
0,0.0030069423,0
0,0.014010079,0
0,0.012386024,0
0,0.0035301868,0
0,0.012481633,0
0,0.029259324,0
1,0.12817316,0
0,0.065052,0
0,0.008094703,0
0,0.0025883622,0
0,0.012086059,0
0,0.0137912715,0
0,0.004584482,0
0,0.009085114,0
0,0.004823426,0
0,0.014843059,0
0,0.047925893,0
0,0.0320507,0
0,0.002221582,0
0,0.014237851,0
0,0.0051577706,0
0,0.0038071156,0
0,0.010284539,0
0,0.06379456,0
0,0.0018406486,0
0,0.2648091,0
0,0.038320884,0
0,0.008183721,0
0,0.0054813875,0
0,0.031397253,0
0,0.011006774,0
0,0.008582766,0
0,0.0059950505,0
0,0.17693657,0
1,0.11678331,0
0,0.02279617,0
0,0.004100122,0
0,0.0037245704,0
0,0.0026824612,0
0,0.022629337,0
1,0.04875525,0
0,0.108288854,0
0,0.0070427395,0
0,0.016535688,0
1,0.027193088,0
0,0.18674651,0
0,0.098214746,0
0,0.013622277,0
0,0.12861586,0
0,0.006572974,0
0,0.015484395,0
0,0.020138728,0
0,0.021709017,0
0,0.0035822953,0
0,0.005536023,0
0,0.15392661,0
0,0.004668534,0
0,0.007715255,0
0,0.013494346,0
0,0.027950495,0
0,0.043964975,0
0,0.0034312585,0
0,0.013773427,0
0,0.022313066,0
0,0.026925575,0
0,0.012848105,0
0,0.008666005,0
1,0.08860875,0
0,0.02368017,0
0,0.008815429,0
0,0.030972669,0
0,0.0062240288,0
0,0.01643408,0
0,0.025221929,0
0,0.028623566,0
0,0.007293889,0
0,0.024912903,0
0,0.012039189,0
0,0.017971981,0
0,0.027875729,0
0,0.005225752,0
0,0.20546141,0
0,0.013958722,0
0,0.0059037884,0
0,0.0037076173,0
0,0.24338013,0
0,0.0088968575,0
0,0.011680138,0
0,0.0050135157,0
0,0.008885987,0
0,0.03632374,0
0,0.019323776,0
0,0.121488504,0
0,0.046409246,0
0,0.0205217,0
0,0.03800732,0
0,0.009272375,0
0,0.009571809,0
0,0.033081625,0
0,0.005415271,0
0,0.009357618,0
0,0.007581631,0
0,0.07456963,0
0,0.04505782,0
0,0.01993809,0
1,0.004933758,0
0,0.0026732704,0
0,0.013462702,0
0,0.016417649,0
0,0.00210998,0
0,0.014176537,0
0,0.0017828947,0
0,0.0031406377,0
0,0.006358378,0
0,0.009241142,0
0,0.0005967876,0
0,0.0089563215,0
0,0.009787928,0
0,0.0047034076,0
0,0.012217561,0
0,0.05052379,0
0,0.014453489,0
0,0.020776315,0
0,0.00307211,0
0,0.010841849,0
0,0.009677247,0
0,0.01601301,0
0,0.0019420369,0
0,0.0040518683,0
0,0.00892849,0
0,0.031485934,0
0,0.0034827108,0
0,0.013762149,0
0,0.025814971,0
0,0.008543745,0
0,0.04392634,0
0,0.012505382,0
0,0.09811811,0
0,0.013215992,0
0,0.008727966,0
0,0.014555825,0
0,0.010358909,0
1,0.98428947,1
0,0.012719068,0
0,0.17386025,0
0,0.009401224,0
0,0.008707544,0
0,0.0036729106,0
1,0.011146762,0
0,0.036965095,0
1,0.7734072,1
0,0.005144907,0
0,0.010626846,0
0,0.009844594,0
0,0.035155818,0
0,0.009159348,0
0,0.015249874,0
0,0.08559299,0
0,0.003979496,0
0,0.0272261,0
0,0.0089513,0
1,0.9414181,1
0,0.008522295,0
0,0.015055521,0
0,0.0057059987,0
0,0.02324493,0
0,0.004222718,0
0,0.0092757,0
0,0.07615135,0
0,0.028392136,0
0,0.009123146,0
0,0.00092239806,0
0,0.001086602,0
0,0.050993025,0
0,0.13469775,0
0,0.014815465,0
0,0.006529545,0
0,0.012145693,0
0,0.0052399454,0
0,0.009582094,0
0,0.0012399418,0
0,0.0028997918,0
0,0.011630269,0
0,0.009860582,0
0,0.012577231,0
0,0.043918148,0
0,0.04070202,0
0,0.005216007,0
0,0.020724066,0
0,0.0016676926,0
0,0.03549327,0
0,0.011244396,0
0,0.09222701,0
0,0.021809377,0
1,0.057809807,0
0,0.003137215,0
0,0.01193531,0
0,0.012137521,0
0,0.020835781,0
0,0.039194398,0
0,0.015818749,0
0,0.015389428,0
0,0.03947731,0
0,0.0069833603,0
0,0.004045168,0
0,0.0077250297,0
0,0.0011154887,0
0,0.006315786,0
0,0.007201741,0
0,0.004471843,0
0,0.006122671,0
0,0.009390802,0
0,0.07937793,0
0,0.0022093,0
0,0.010269455,0
0,0.005787927,0
0,0.014645862,0
0,0.023699118,0
0,0.030951152,0
0,0.026469884,0
0,0.021494994,0
1,0.042669713,0
0,0.011678031,0
0,0.018349202,0
0,0.059687424,0
0,0.010783214,0
0,0.008043096,0
0,0.029978428,0
0,0.015506945,0
0,0.02223701,0
0,0.07938235,0
0,0.011029825,0
0,0.009200715,0
0,0.0024032486,0
0,0.006877749,0
0,0.053836953,0
0,0.03891132,0
0,0.027625216,0
0,0.041365057,0
0,0.0090170195,0
0,0.0049331915,0
0,0.1645972,0
0,0.03193282,0
0,0.022213116,0
0,0.016715406,0
0,0.0027647926,0
0,0.005599547,0
0,0.004117034,0
0,0.014284934,0
0,0.009744374,0
0,0.016445676,0
0,0.02360115,0
0,0.024709528,0
0,0.0036448005,0
0,0.069106914,0
0,0.0029350647,0
0,0.030649176,0
0,0.0028094223,0
0,0.003968634,0
0,0.009985795,0
0,0.048034143,0
0,0.008276023,0
1,0.016401064,0
0,0.0038425857,0
0,0.020141518,0
0,0.014335232,0
0,0.0024581277,0
0,0.039418817,0
0,0.019724444,0
0,0.011075387,0
0,0.088812225,0
0,0.01487138,0
0,0.00395232,0
0,0.0046160114,0
0,0.009658647,0
0,0.005348885,0
0,0.005701686,0
0,0.034364447,0
0,0.031574108,0
0,0.01603798,0
0,0.008869439,0
0,0.006608055,0
0,0.002841715,0
0,0.09450098,0
0,0.03857849,0
0,0.0035877388,0
0,0.01646874,0
0,0.015947511,0
1,0.9817811,1
0,0.016649488,0
0,0.011979286,0
0,0.017232712,0
0,0.003035087,0
0,0.007324401,0
0,0.08267852,0
0,0.009130934,0
0,0.006604081,0
0,0.021347754,0
0,0.0051772343,0
0,0.0046118484,0
0,0.010075085,0
0,0.0009410012,0
0,0.21447386,0
0,0.06936761,0
0,0.0049436,0
0,0.018053466,0
1,0.09884687,0
0,0.010995806,0
0,0.023202863,0
0,0.019688334,0
0,0.027862862,0
0,0.14000517,0
0,0.027126815,0
0,0.08264122,0
0,0.05824876,0
0,0.040799458,0
0,0.022137256,0
0,0.0040323646,0
0,0.0046947123,0
0,0.03985816,0
0,0.01966788,0
0,0.012285704,0
0,0.011851423,0
0,0.005116787,0
0,0.027281571,0
0,0.0057371077,0
0,0.019792717,0
0,0.0018330128,0
0,0.0483247,0
0,0.008035707,0
0,0.026417,0
0,0.09066686,0
0,0.010403222,0
1,0.89621496,1
0,0.02507502,0
0,0.0027767653,0
0,0.011594066,0
0,0.0022729663,0
0,0.009285614,0
0,0.00684334,0
0,0.0033476222,0
0,0.021361155,0
0,0.18079609,0
0,0.008755592,0
0,0.013920263,0
0,0.0031730325,0
0,0.04080628,0
0,0.01174909,0
0,0.0049775066,0
0,0.053038914,0
0,0.0035045743,0
0,0.007423294,0
0,0.0055801817,0
0,0.0060368404,0
0,0.01892765,0
0,0.011273613,0
0,0.012916806,0
0,0.0012901758,0
0,0.00464098,0
0,0.08815508,0
0,0.0040111123,0
0,0.010875145,0
0,0.0273642,0
0,0.025962139,0
0,0.019002963,0
0,0.027568396,0
0,0.15169078,0
0,0.014775139,0
0,0.023586057,0
0,0.07467546,0
0,0.020078149,0
0,0.0044729877,0
0,0.024697972,0
0,0.81741714,1
0,0.008754892,0
0,0.02514417,0
0,0.006524171,0
0,0.022335185,0
0,0.017137334,0
0,0.011372115,0
0,0.008858066,0
1,0.90332913,1
0,0.021854548,0
0,0.008568321,0
0,0.014318021,0
0,0.10309722,0
0,0.0038476908,0
0,0.020173317,0
0,0.0066611934,0
0,0.012553069,0
0,0.009841605,0
0,0.004128163,0
0,0.020416645,0
0,0.0060784267,0
0,0.009778043,0
0,0.009800248,0
0,0.019102832,0
0,0.0021146708,0
0,0.018745605,0
0,0.0030946103,0
0,0.008336804,0
0,0.0075319377,0
0,0.0625447,0
0,0.011616098,0
0,0.02386895,0
0,0.021606289,0
0,0.002908698,0
0,0.016878383,0
0,0.013118259,0
0,0.13046494,0
0,0.012837563,0
0,0.02655821,0
0,0.06169903,0
0,0.018286038,0
0,0.040603857,0
0,0.04839558,0
0,0.09008389,0
0,0.0055897073,0
0,0.0038608192,0
0,0.012217325,0
0,0.016593162,0
1,0.019037575,0
0,0.009319407,0
0,0.065513045,0
0,0.0038363466,0
1,0.18225938,0
0,0.018114757,0
0,0.0019102714,0
0,0.035219375,0
0,0.048227414,0
0,0.01871378,0
0,0.0034507266,0
0,0.013091185,0
0,0.0059495177,0
0,0.018692413,0
0,0.036662266,0
0,0.004414573,0
0,0.024769463,0
0,0.07552196,0
0,0.0029390794,0
0,0.014063243,0
0,0.012487576,0
0,0.029927013,0
0,0.18546905,0
0,0.029454343,0
0,0.013299111,0
0,0.053202342,0
0,0.0055679367,0
1,0.0577246,0
0,0.057986524,0
0,0.027685078,0
0,0.0045072716,0
0,0.043187276,0
0,0.016179021,0
0,0.0074293115,0
0,0.008471986,0
0,0.030074198,0
0,0.01790349,0
0,0.014780303,0
0,0.026423004,0
0,0.07661976,0
0,0.016302997,0
0,0.0050436193,0
0,0.036792576,0
0,0.16451037,0
0,0.115663305,0
1,0.96974194,1
0,0.041006375,0
0,0.0037538726,0
0,0.0034428597,0
0,0.0035597591,0
0,0.014309867,0
0,0.005855168,0
0,0.005455566,0
0,0.03625541,0
0,0.008651057,0
0,0.05284146,0
1,0.5827337,1
0,0.057897888,0
0,0.09972294,0
0,0.00072065054,0
0,0.017653532,0
0,0.008479861,0
0,0.018041935,0
0,0.007257946,0
0,0.016550025,0
0,0.004536915,0
0,0.011891882,0
0,0.011558804,0
0,0.008836265,0
0,0.0066729817,0
1,0.051347822,0
0,0.030774212,0
0,0.0054704915,0
0,0.012932428,0
0,0.014523352,0
0,0.04148521,0
0,0.021737263,0
0,0.00787068,0
0,0.033022776,0
0,0.010496156,0
0,0.023685187,0
0,0.019369679,0
0,0.0052972673,0
0,0.019231241,0
0,0.010303256,0
0,0.009879156,0
0,0.0036422368,0
0,0.008834698,0
0,0.02037707,0
0,0.06115899,0
0,0.0029837082,0
0,0.038026955,0
0,0.022486344,0
0,0.01619822,0
0,0.015065701,0
0,0.09469958,0
0,0.0216344,0
0,0.0077161416,0
0,0.0014168654,0
0,0.037875768,0
1,0.25991726,0
0,0.0060969354,0
0,0.06582048,0
0,0.012472045,0
0,0.022621967,0
0,0.0027679827,0
0,0.009708743,0
0,0.015078979,0
0,0.011195496,0
0,0.08400126,0
0,0.011358576,0
0,0.0016780588,0
0,0.014532035,0
0,0.035228085,0
0,0.05570111,0
0,0.047198534,0
0,0.031574108,0
0,0.03294093,0
0,0.0022224626,0
0,0.016415808,0
0,0.0022713547,0
0,0.041408762,0
0,0.0035252455,0
0,0.022869091,0
0,0.0058026393,0
0,0.023830192,0
0,0.06304965,0
0,0.014840222,0
0,0.015619898,0
0,0.0034534724,0
0,0.020996371,0
0,0.007513375,0
0,0.01617242,0
0,0.014518472,0
0,0.028230228,0
0,0.019522434,0
0,0.006788446,0
0,0.0143011715,0
0,0.017696867,0
0,0.0052590733,0
0,0.04104981,0
0,0.090332426,0
0,0.09358936,0
0,0.005461652,0
0,0.058719758,0
0,0.013934925,0
0,0.013488235,0
0,0.011935592,0
0,0.11020647,0
0,0.29228604,0
0,0.027188338,0
0,0.0645696,0
0,0.056785133,0
0,0.023812683,0
0,0.02248517,0
0,0.013080833,0
0,0.009126397,0
0,0.009579629,0
0,0.011533574,0
0,0.013781617,0
0,0.013235376,0
0,0.0075691743,0
0,0.012499208,0
0,0.005534254,0
0,0.0046284744,0
0,0.0174863,0
0,0.00946831,0
0,0.013652372,0
0,0.038526632,0
0,0.018534482,0
0,0.045065925,0
0,0.014708615,0
0,0.004919195,0
0,0.045759298,0
0,0.005233345,0
0,0.009726386,0
0,0.01020745,0
0,0.031381305,0
0,0.074970394,0
0,0.056276496,0
0,0.016635371,0
1,0.17038113,0
0,0.016719725,0
0,0.046726964,0
1,0.096230656,0
0,0.0066991304,0
0,0.042404052,0
0,0.023066623,0
0,0.0391305,0
0,0.047290772,0
0,0.0042115343,0
0,0.017510919,0
0,0.0034116306,0
0,0.0072111874,0
0,0.005981155,0
0,0.014107974,0
0,0.02500285,0
0,0.021128746,0
0,0.003510746,0
0,0.023117198,0
0,0.0030392031,0
0,0.031993963,0
0,0.15342727,0
0,0.15579136,0
0,0.012099793,0
0,0.006747545,0
0,0.031106243,0
0,0.003111865,0
0,0.013537483,0
0,0.002125679,0
0,0.0062538497,0
0,0.050815385,0
0,0.0046387627,0
0,0.007129633,0
0,0.009526291,0
0,0.022161402,0
0,0.0037453936,0
0,0.0038568012,0
0,0.020065075,0
0,0.009764354,0
0,0.006597796,0
0,0.006503814,0
0,0.009512578,0
0,0.0253393,0
0,0.038472332,0
0,0.0069681923,0
0,0.015411615,0
0,0.01970668,0
0,0.2924527,0
0,0.007226466,0
0,0.023165682,0
0,0.012697529,0
0,0.010552714,0
0,0.02377699,0
0,0.026241533,0
0,0.0020469977,0
0,0.054168552,0
0,0.005194454,0
0,0.063745864,0
0,0.014254592,0
0,0.20928715,0
0,0.01963317,0
0,0.018959513,0
0,0.005516003,0
0,0.01920117,0
0,0.027908923,0
0,0.016820112,0
0,0.11683608,0
0,0.02477489,0
0,0.04824208,0
0,0.007291628,0
0,0.006708218,0
0,0.034654535,0
0,0.020768303,0
0,0.007421991,0
0,0.0026666094,0
0,0.03891984,0
0,0.00899648,0
0,0.0052552633,0
0,0.006434565,0
0,0.002420102,0
0,0.0026527226,0
0,0.014862812,0
0,0.012344871,0
0,0.014582922,0
0,0.014728012,0
0,0.01181282,0
0,0.021410765,0
0,0.021643233,0
0,0.026405532,0
0,0.012359046,0
0,0.006335397,0
0,0.016494788,0
0,0.010157472,0
0,0.009774272,0
0,0.012962227,0
0,0.07780858,0
0,0.014346589,0
0,0.016867688,0
0,0.25571853,0
0,0.00492898,0
0,0.011735992,0
0,0.007095256,0
0,0.003300111,0
0,0.0043165465,0
0,0.026932534,0
0,0.025543759,0
0,0.013753071,0
0,0.030162243,0
0,0.025867881,0
0,0.042262614,0
0,0.015823707,0
0,0.0056921216,0
0,0.037483726,0
0,0.04672221,0
0,0.22651517,0
0,0.03010104,0
0,0.0057816026,0
0,0.007907235,0
0,0.099089585,0
0,0.009909056,0
0,0.039132662,0
0,0.025326516,0
0,0.032310925,0
0,0.010799009,0
0,0.042686105,0
0,0.048336465,0
0,0.014078743,0
0,0.0036039988,0
0,0.010738738,0
0,0.020468421,0
0,0.00816206,0
0,0.121504046,0
0,0.017774936,0
0,0.08671817,0
0,0.017579485,0
0,0.0017275574,0
0,0.0050729923,0
0,0.05231941,0
0,0.018482279,0
0,0.0026849587,0
0,0.0013634441,0
0,0.022461388,0
0,0.016313493,0
0,0.0024901123,0
0,0.03854778,0
0,0.00437044,0
0,0.07538852,0
0,0.0069431243,0
0,0.015839184,0
0,0.00718249,0
0,0.043690693,0
0,0.0044460613,0
0,0.05777427,0
0,0.0053721275,0
0,0.0071114358,0
0,0.0073678307,0
0,0.005037354,0
0,0.025404802,0
0,0.004765375,0
0,0.028446883,0
0,0.019181406,0
0,0.036130883,0
0,0.020333726,0
0,0.00789244,0
0,0.025507681,0
0,0.017673133,0
0,0.02365641,0
0,0.017025212,0
0,0.020968141,0
0,0.025341026,0
0,0.003224056,0
0,0.010215566,0
0,0.026013,0
0,0.0060929027,0
0,0.011383968,0
0,0.0033984608,0
0,0.07897937,0
0,0.051434085,0
0,0.024743708,0
0,0.0667613,0
0,0.012213239,0
0,0.01973903,0
0,0.01770126,0
0,0.008246769,0
0,0.017260022,0
0,0.03211551,0
0,0.022722686,0
0,0.016344152,0
0,0.013541019,0
0,0.015334892,0
0,0.0031433303,0
0,0.0059127305,0
0,0.01826245,0
0,0.010051135,0
0,0.005702608,0
0,0.040243458,0
0,0.0021243677,0
0,0.097460136,0
0,0.0032887035,0
0,0.008405789,0
0,0.0060039656,0
0,0.26743987,0
0,0.017358836,0
0,0.077122994,0
1,0.016889036,0
0,0.013106632,0
0,0.004894485,0
0,0.08251237,0
0,0.0063755065,0
0,0.023904214,0
0,0.035771146,0
0,0.0026371628,0
0,0.034512267,0
0,0.009368393,0
0,0.0066156182,0
0,0.0040931026,0
0,0.040172815,0
0,0.028570557,0
0,0.02528686,0
0,0.007536552,0
0,0.02325338,0
0,0.10621236,0
0,0.0068377843,0
0,0.020829275,0
0,0.009681177,0
0,0.037266064,0
0,0.0030716981,0
0,0.20744246,0
0,0.010827668,0
0,0.0100301,0
0,0.03650673,0
0,0.027985359,0
0,0.0037084755,0
1,0.15820214,0
0,0.0090916725,0
0,0.004047743,0
0,0.0024985217,0
0,0.020424861,0
0,0.041457742,0
0,0.110214986,0
0,0.021877885,0
0,0.011192271,0
0,0.0034132637,0
0,0.010486814,0
1,0.48726228,1
1,0.995891,1
0,0.10442126,0
0,0.03534128,0
0,0.0076397914,0
0,0.0071979985,0
0,0.007304223,0
0,0.0065684672,0
0,0.005840462,0
0,0.005888411,0
0,0.0139219845,0
0,0.0041095703,0
0,0.020451205,0
0,0.03083252,0
0,0.016183281,0
0,0.031588696,0
0,0.020576673,0
0,0.017852735,0
0,0.28286973,0
0,0.012985094,0
0,0.009547501,0
0,0.026788326,0
0,0.017252896,0
0,0.003112028,0
0,0.0017240584,0
0,0.16908549,0
0,0.036531046,0
0,0.013366669,0
0,0.001649772,0
0,0.030971235,0
0,0.027191827,0
0,0.01085131,0
0,0.0036260916,0
0,0.23596576,0
0,0.0042484603,0
0,0.018773988,0
0,0.21649684,0
0,0.012842349,0
0,0.0041158493,0
0,0.02785683,0
0,0.03220388,0
0,0.025599383,0
0,0.034672678,0
0,0.0061981017,0
0,0.042743694,0
0,0.015044381,0
0,0.13566618,0
0,0.017428426,0
0,0.014161172,0
0,0.0066146846,0
0,0.028056527,0
0,0.0032163498,0
0,0.03502252,0
0,0.011915027,0
0,0.02312258,0
0,0.018769816,0
0,0.040514838,0
0,0.009261177,0
0,0.050207745,0
1,0.98610723,1
0,0.00866707,0
0,0.007687189,0
0,0.0054938165,0
0,0.002923718,0
0,0.018159436,0
0,0.013268074,0
0,0.031780675,0
0,0.03720615,0
0,0.0021724044,0
0,0.00092239806,0
0,0.26509565,0
0,0.0053613656,0
0,0.011957052,0
1,0.3514276,1
0,0.0013267361,0
0,0.0015018822,0
0,0.00917497,0
0,0.053661622,0
0,0.012465962,0
0,0.0025514185,0
0,0.039790068,0
0,0.0247622,0
0,0.04198562,0
0,0.0063809277,0
0,0.1460035,0
0,0.058914028,0
0,0.0014271548,0
0,0.05318216,0
0,0.06808774,0
0,0.03811392,0
0,0.013646619,0
0,0.0036043667,0
0,0.002892674,0
0,0.00452293,0
0,0.032059997,0
0,0.022337075,0
0,0.00392124,0
0,0.0145571185,0
0,0.041454483,0
0,0.027600098,0
0,0.0014228453,0
0,0.019498207,0
0,0.0042337924,0
0,0.0066349967,0
0,0.013910101,0
0,0.012886067,0
0,0.50916743,1
0,0.0129117435,0
0,0.022547169,0
0,0.0020574674,0
0,0.18833192,0
0,0.015048735,0
0,0.00545262,0
0,0.008201982,0
0,0.014891982,0
0,0.13188732,0
0,0.010077663,0
0,0.0056492724,0
0,0.016964018,0
1,0.9816999,1
0,0.008017669,0
0,0.012418913,0
0,0.033179402,0
0,0.0028171502,0
0,0.03250342,0
0,0.018203497,0
0,0.13435431,0
0,0.0028740799,0
0,0.002418544,0
0,0.008045321,0
1,0.25018546,0
0,0.0294784,0
0,0.0027047729,0
0,0.007031627,0
0,0.14594774,0
0,0.014850333,0
0,0.0043986114,0
0,0.015196833,0
0,0.05361262,0
0,0.01099982,0
0,0.028952237,0
0,0.0048752488,0
0,0.0075632734,0
1,0.60278594,1
0,0.006476011,0
1,0.96515787,1
0,0.005785749,0
0,0.028113954,0
0,0.0022343572,0
0,0.0015930368,0
1,0.07849315,0
0,0.0095934365,0
0,0.0052456725,0
0,0.18392533,0
0,0.07440425,0
0,0.030145312,0
0,0.013802242,0
0,0.005036816,0
0,0.014801441,0
0,0.024790747,0
0,0.041231826,0
0,0.065831915,0
0,0.011447921,0
0,0.01719715,0
0,0.0018544119,0
0,0.6113096,1
0,0.0031536524,0
0,0.0047908956,0
0,0.006632546,0
0,0.029710066,0
0,0.019331206,0
0,0.013885315,0
0,0.019457439,0
0,0.002000342,0
0,0.012937804,0
0,0.024335153,0
0,0.009303071,0
0,0.016303305,0
0,0.0173163,0
0,0.034466527,0
0,0.034898788,0
1,0.18053316,0
0,0.003847647,0
0,0.002165561,0
0,0.02674657,0
0,0.0073574036,0
0,0.010582474,0
0,0.4438036,1
0,0.007264555,0
0,0.005331088,0
0,0.016861403,0
0,0.008079601,0
0,0.02442433,0
0,0.016776213,0
0,0.014437061,0
0,0.01754457,0
0,0.00709986,0
0,0.0028329971,0
0,0.012827336,0
0,0.0045083095,0
0,0.010556763,0
0,0.0085866945,0
0,0.011339781,0
0,0.012888931,0
0,0.030224677,0
0,0.0046394365,0
0,0.0021807835,0
0,0.03184111,0
0,0.007886532,0
0,0.028664323,0
1,0.3598031,1
0,0.004110525,0
0,0.13621688,0
0,0.014979689,0
0,0.018906439,0
0,0.02004415,0
0,0.009256575,0
0,0.10174972,0
0,0.034946326,0
0,0.017366018,0
0,0.03902341,0
0,0.019720118,0
0,0.08901719,0
0,0.03816068,0
0,0.007062661,0
0,0.018759588,0
0,0.11430799,0
0,0.019011365,0
0,0.00931486,0
0,0.0082339905,0
0,0.007880479,0
1,0.20483251,0
0,0.035591766,0
0,0.029570527,0
0,0.0074661993,0
0,0.0070750816,0
0,0.004488165,0
0,0.0032212778,0
0,0.011723279,0
0,0.081140384,0
0,0.007154218,0
0,0.033982906,0
0,0.017567342,0
0,0.007276515,0
0,0.008041932,0
0,0.01343597,0
0,0.018762529,0
0,0.014650674,0
0,0.04126881,0
0,0.020734927,0
0,0.009511886,0
0,0.013594013,0
0,0.022626933,0
0,0.066324376,0
0,0.006595049,0
0,0.034058217,0
0,0.008488963,0
0,0.02606768,0
0,0.0024951096,0
0,0.003843533,0
0,0.028406302,0
0,0.02408365,0
0,0.0110936975,0
0,0.015878627,0
0,0.0036742107,0
0,0.0121927485,0
0,0.0070016235,0
0,0.010146653,0
0,0.083765596,0
0,0.062739424,0
0,0.0065517114,0
0,0.009895256,0
0,0.004387666,0
0,0.0077589867,0
0,0.0012767068,0
0,0.05453393,0
0,0.016883818,0
0,0.019142276,0
0,0.0045014643,0
0,0.022163706,0
0,0.005034002,0
0,0.009826617,0
0,0.013076033,0
0,0.002112797,0
0,0.0010674811,0
0,0.030738754,0
0,0.006815548,0
1,0.060174663,0
0,0.007605898,0
1,0.90595925,1
0,0.13114175,0
0,0.021785185,0
0,0.12626553,0
0,0.025970308,0
0,0.014617916,0
0,0.025065558,0
0,0.0022301525,0
0,0.014899847,0
1,0.25920957,0
0,0.005673963,0
0,0.0025510713,0
0,0.010505456,0
0,0.024567967,0
0,0.011355138,0
0,0.0052822735,0
0,0.02245663,0
0,0.009995605,0
0,0.0045252065,0
0,0.03491328,0
0,0.006818505,0
0,0.010233459,0
0,0.0033387202,0
0,0.023795692,0
0,0.03206125,0
0,0.015005238,0
1,0.016969299,0
0,0.036646146,0
0,0.04681549,0
0,0.0050218836,0
0,0.003602196,0
0,0.021584718,0
0,0.005355279,0
0,0.0058207875,0
0,0.0024242522,0
0,0.005987829,0
0,0.06897854,0
0,0.007964895,0
0,0.006430241,0
0,0.018075814,0
0,0.0070263254,0
0,0.0080552865,0
0,0.020131858,0
0,0.23307961,0
0,0.01288756,0
0,0.014545699,0
0,0.0031672947,0
0,0.079578124,0
0,0.0135095455,0
0,0.0032948705,0
0,0.025843112,0
0,0.038578067,0
0,0.01683672,0
0,0.0065673785,0
0,0.10746606,0
0,0.030311903,0
0,0.009115911,0
0,0.03297046,0
0,0.022626147,0
0,0.003975169,0
0,0.021867773,0
0,0.0045653963,0
0,0.013138961,0
0,0.0025375083,0
0,0.0025563415,0
0,0.11664671,0
0,0.0055778855,0
0,0.064118646,0
0,0.028001659,0
0,0.0057217656,0
0,0.008484272,0
0,0.027389266,0
0,0.00911872,0
0,0.007237274,0
0,0.009126711,0
0,0.022610297,0
0,0.028837569,0
0,0.04037875,0
1,0.25441587,0
0,0.01950762,0
0,0.007997867,0
0,0.009282412,0
0,0.03957067,0
0,0.002227618,0
0,0.11267621,0
0,0.004212484,0
0,0.024677597,0
0,0.033351954,0
0,0.018016411,0
0,0.0068391087,0
0,0.0030837303,0
0,0.0041368157,0
0,0.02484226,0
0,0.0035682686,0
0,0.008305777,0
0,0.021659702,0
0,0.004517641,0
0,0.035917953,0
0,0.007880703,0
0,0.022461388,0
0,0.0014447937,0
1,0.43202746,1
0,0.064597815,0
0,0.052387115,0
0,0.08974426,0
0,0.033100437,0
0,0.008040681,0
0,0.04289778,0
0,0.0024177732,0
0,0.07740488,0
0,0.010987341,0
0,0.01767464,0
0,0.021077111,0
1,0.022411933,0
0,0.03153566,0
0,0.005043598,0
0,0.043645598,0
0,0.010547274,0
0,0.03053316,0
0,0.06258102,0
0,0.026630694,0
0,0.023643252,0
0,0.015625333,0
0,0.002334003,0
0,0.009635605,0
0,0.36563653,1
0,0.026403746,0
0,0.009554606,0
0,0.037605856,0
0,0.009489087,0
0,0.03040395,0
0,0.027851317,0
0,0.011681273,0
0,0.047418196,0
0,0.06254266,0
0,0.014930877,0
0,0.03397567,0
0,0.013440706,0
1,0.94697785,1
0,0.009324057,0
0,0.01850416,0
0,0.013700698,0
0,0.046790473,0
0,0.1453416,0
0,0.0046499935,0
0,0.043805443,0
0,0.0015853558,0
0,0.04251635,0
0,0.041009508,0
0,0.01627479,0
1,0.9765953,1
0,0.004456737,0
0,0.0068070027,0
0,0.008144503,0
0,0.028742092,0
0,0.03447833,0
0,0.0107100895,0
0,0.0117269475,0
0,0.0011450901,0
0,0.014722111,0
0,0.033064887,0
0,0.025021419,0
0,0.03748973,0
0,0.011913069,0
0,0.043180134,0
0,0.076618046,0
1,0.9790992,1
0,0.032187853,0
0,0.011591913,0
0,0.066561125,0
0,0.012110948,0
0,0.012605688,0
0,0.120583884,0
0,0.002474415,0
1,0.030422384,0
0,0.024683427,0
0,0.008522332,0
0,0.018946113,0
0,0.0059715947,0
0,0.005269326,0
0,0.016559016,0
0,0.009878675,0
0,0.005822708,0
0,0.0018177909,0
0,0.008530317,0
0,0.063237555,0
0,0.041831143,0
0,0.023291169,0
0,0.0058090608,0
0,0.0057977475,0
0,0.02178649,0
0,0.0017934871,0
0,0.031189263,0
0,0.06149243,0
0,0.021347677,0
0,0.0093120355,0
0,0.009440382,0
0,0.014113599,0
0,0.014513834,0
0,0.008052658,0
0,0.012925618,0
0,0.020078149,0
0,0.042168565,0
0,0.0035259104,0
0,0.02063625,0
0,0.0057185707,0
0,0.007413028,0
0,0.0327338,0
0,0.010219776,0
0,0.007828456,0
0,0.018694429,0
0,0.042657956,0
0,0.020815898,0
0,0.016602011,0
0,0.012789959,0
0,0.019036334,0
0,0.0405815,0
0,0.0037831063,0
0,0.0130511895,0
0,0.010411208,0
0,0.022026675,0
0,0.012671217,0
0,0.014720353,0
0,0.010246735,0
0,0.022030108,0
0,0.008337493,0
0,0.035820298,0
0,0.0058993152,0
0,0.009683313,0
0,0.0025994082,0
0,0.008467626,0
0,0.014618398,0
0,0.023835978,0
0,0.04049395,0
0,0.040850986,0
0,0.01926047,0
0,0.010660091,0
0,0.014890435,0
0,0.011069712,0
0,0.026810296,0
0,0.15017633,0
0,0.03191811,0
0,0.01636626,0
0,0.008990938,0
0,0.008301858,0
0,0.010096714,0
0,0.040990856,0
0,0.12812158,0
0,0.017278438,0
0,0.0020893002,0
0,0.0044562086,0
0,0.028549349,0
0,0.016461635,0
0,0.022461388,0
0,0.004149283,0
0,0.028342983,0
0,0.027612442,0
0,0.019471144,0
0,0.0046460363,0
0,0.015454641,0
0,0.006577104,0
0,0.20266727,0
0,0.00804705,0
0,0.013019785,0
0,0.0022252917,0
0,0.020033754,0
1,0.9415574,1
0,0.072109334,0
0,0.029207109,0
0,0.014190772,0
0,0.023238229,0
0,0.028878072,0
1,0.009476359,0
0,0.0018154097,0
0,0.011183281,0
0,0.021486716,0
0,0.0024337845,0
0,0.0085880635,0
0,0.027289795,0
0,0.0076883715,0
0,0.01690621,0
0,0.011013056,0
0,0.008714671,0
0,0.0057160635,0
0,0.010570917,0
0,0.016560685,0
0,0.004909467,0
1,0.023506224,0
0,0.014306013,0
0,0.0045594606,0
0,0.0036473696,0
0,0.08678479,0
0,0.3856747,1
0,0.0033663968,0
0,0.028198922,0
0,0.37541133,1
0,0.035665017,0
1,0.9093777,1
0,0.0049666734,0
0,0.006594318,0
0,0.09119809,0
0,0.10540161,0
0,0.0019369306,0
0,0.010986399,0
0,0.23474059,0
0,0.0029270686,0
0,0.20976242,0
0,0.0122283045,0
0,0.0037220817,0
0,0.012996491,0
0,0.017830215,0
0,0.1306799,0
0,0.003933785,0
0,0.013769556,0
0,0.007077993,0
0,0.07485511,0
0,0.0103070745,0
0,0.03409339,0
0,0.033442006,0
0,0.0026124278,0
0,0.030625697,0
0,0.15727422,0
1,0.7333743,1
0,0.041886173,0
0,0.008929085,0
0,0.031834867,0
0,0.0029526579,0
0,0.008532689,0
0,0.09293683,0
0,0.015622114,0
0,0.007159632,0
0,0.0029068927,0
1,0.42377424,1
0,0.022996914,0
0,0.006085489,0
0,0.0068141245,0
0,0.017145215,0
0,0.016508084,0
0,0.010822394,0
0,0.007878749,0
0,0.01825868,0
0,0.018991144,0
0,0.00985181,0
0,0.010332799,0
0,0.03627276,0
0,0.011192297,0
0,0.017763793,0
0,0.014756561,0
0,0.1261749,0
0,0.003125092,0
0,0.00493428,0
0,0.02995912,0
0,0.019122502,0
0,0.030843358,0
0,0.009090774,0
0,0.020057023,0
0,0.0403859,0
0,0.0321814,0
0,0.020418428,0
0,0.033933263,0
0,0.053012837,0
0,0.0040769316,0
0,0.043879203,0
0,0.0065377722,0
0,0.02712189,0
0,0.005402614,0
0,0.0041698227,0
0,0.003471182,0
0,0.057839148,0
0,0.0050233635,0
0,0.006653909,0
0,0.010647517,0
0,0.0011345682,0
0,0.033967115,0
0,0.18980844,0
0,0.0054000732,0
0,0.004713009,0
0,0.003733756,0
0,0.009118548,0
0,0.0015867755,0
0,0.0042320956,0
0,0.22427598,0
0,0.008228833,0
0,0.013968761,0
0,0.005877908,0
0,0.084564894,0
0,0.0054955543,0
0,0.01938888,0
0,0.02395694,0
0,0.0069831614,0
0,0.020129314,0
0,0.020508254,0
0,0.009440748,0
0,0.034042433,0
0,0.027091797,0
0,0.014803499,0
0,0.023503438,0
0,0.02638753,0
0,0.01914433,0
0,0.030586045,0
0,0.021312537,0
0,0.011588904,0
0,0.0059718266,0
0,0.03725491,0
0,0.0011450901,0
0,0.019207777,0
0,0.015871363,0
0,0.03328514,0
0,0.019088482,0
0,0.00324497,0
0,0.0025095316,0
0,0.0029453097,0
0,0.019895831,0
0,0.048408285,0
0,0.015582009,0
1,0.035110727,0
0,0.008274712,0
0,0.016353201,0
0,0.0069500487,0
0,0.008829335,0
0,0.035384882,0
0,0.014028846,0
0,0.015956337,0
0,0.023085225,0
0,0.1477767,0
0,0.01942548,0
1,0.16057457,0
0,0.15154813,0
0,0.041822802,0
0,0.01077632,0
0,0.026795065,0
0,0.031987082,0
0,0.016281005,0
0,0.11697251,0
0,0.004107937,0
0,0.014090899,0
0,0.09199294,0
0,0.026136162,0
0,0.030942041,0
0,0.021427285,0
0,0.013845797,0
0,0.005015593,0
1,0.89059985,1
0,0.0085378615,0
0,0.018731773,0
0,0.043370586,0
0,0.014983222,0
0,0.019815473,0
0,0.026455486,0
0,0.021135746,0
0,0.0139265405,0
0,0.009958265,0
0,0.015623543,0
0,0.012371614,0
0,0.017235322,0
0,0.027228134,0
0,0.0048313057,0
0,0.009689401,0
0,0.07476058,0
0,0.009301476,0
0,0.056785133,0
0,0.30865112,0
0,0.00427471,0
0,0.10202686,0
0,0.028297085,0
0,0.0021887494,0
0,0.0026775415,0
0,0.01277007,0
0,0.019073093,0
0,0.014756422,0
0,0.0073141353,0
0,0.0035704803,0
0,0.017161671,0
0,0.002955655,0
0,0.02415334,0
1,0.10774036,0
0,0.0022915013,0
0,0.1416219,0
0,0.006613052,0
0,0.0080627585,0
0,0.006966912,0
0,0.0020396379,0
0,0.0047437,0
0,0.01813722,0
0,0.20503463,0
0,0.015402365,0
0,0.020382969,0
0,0.00860623,0
0,0.015444227,0
0,0.012686589,0
0,0.057405513,0
0,0.018148327,0
0,0.0032838504,0
0,0.023219934,0
0,0.008182745,0
0,0.007382272,0
0,0.018557167,0
0,0.013712694,0
0,0.02947919,0
0,0.01463901,0
0,0.06928503,0
0,0.0053701275,0
0,0.014306793,0
0,0.014422942,0
0,0.014764819,0
0,0.011811611,0
0,0.012799801,0
0,0.04040456,0
0,0.004123514,0
0,0.022974983,0
0,0.039480593,0
0,0.0069189253,0
0,0.034039,0
0,0.02495413,0
0,0.033797383,0
0,0.019419082,0
0,0.0051054126,0
0,0.0028748987,0
0,0.0074517927,0
0,0.019367384,0
0,0.02586868,0
0,0.0018018305,0
0,0.04353467,0
0,0.021985317,0
0,0.0017365813,0
0,0.003943419,0
0,0.0077329106,0
0,0.030829126,0
0,0.0075236517,0
0,0.106338285,0
0,0.010826483,0
0,0.38259387,1
0,0.0022360438,0
0,0.009594806,0
0,0.004074044,0
0,0.039429814,0
0,0.0030620745,0
0,0.01780996,0
0,0.020716669,0
0,0.0091306195,0
0,0.028224152,0
0,0.013463424,0
0,0.021083197,0
0,0.0051804474,0
1,0.86946815,1
0,0.009219736,0
0,0.008578872,0
0,0.10256633,0
0,0.011258772,0
0,0.00309143,0
0,0.03522886,0
0,0.005243023,0
1,0.9949981,1
0,0.047795687,0
0,0.005838341,0
0,0.033377986,0
0,0.033110913,0
0,0.005832991,0
0,0.016189432,0
0,0.030506535,0
0,0.016846856,0
0,0.020860367,0
0,0.017933832,0
0,0.025134785,0
0,0.004183988,0
0,0.006871639,0
0,0.020084323,0
0,0.045903284,0
0,0.030349748,0
0,0.033482704,0
0,0.00872514,0
0,0.10893449,0
0,0.018143332,0
0,0.03949945,0
0,0.013664655,0
1,0.31217846,0
0,0.005015507,0
0,0.018351968,0
0,0.0035668805,0
0,0.017944356,0
0,0.100367434,0
0,0.031374693,0
0,0.0151249515,0
0,0.003636505,0
0,0.027401531,0
0,0.010653948,0
0,0.047330115,0
0,0.008546201,0
0,0.012530316,0
0,0.0663649,0
0,0.0029886742,0
0,0.06700471,0
0,0.007846818,0
0,0.014725687,0
0,0.008478783,0
0,0.039286204,0
0,0.012286739,0
0,0.0075079687,0
0,0.040695533,0
0,0.022279266,0
0,0.010631254,0
0,0.18362303,0
0,0.004974199,0
0,0.0029815217,0
0,0.018112455,0
1,0.04328665,0
1,0.27021518,0
0,0.022503288,0
0,0.099547915,0
0,0.0030294491,0
0,0.014803701,0
0,0.022045089,0
0,0.0017659174,0
0,0.00520117,0
0,0.013533434,0
0,0.011246612,0
0,0.0057396595,0
0,0.0081449235,0
0,0.010067142,0
0,0.037276484,0
0,0.008671747,0
0,0.0046284418,0
0,0.049208187,0
0,0.199016,0
0,0.01614338,0
0,0.036821637,0
0,0.0059402636,0
0,0.0514347,0
0,0.03540187,0
0,0.018499972,0
0,0.03650673,0
0,0.03110959,0
0,0.007112722,0
0,0.043826938,0
0,0.00569491,0
0,0.017256293,0
0,0.07303171,0
0,0.01003665,0
0,0.02983196,0
0,0.0078849755,0
0,0.039851725,0
0,0.036186505,0
0,0.010720184,0
0,0.013001025,0
0,0.05163323,0
0,0.08897963,0
0,0.020879604,0
1,0.8833391,1
0,0.062106214,0
0,0.014897242,0
0,0.0059728744,0
0,0.038715888,0
0,0.013227558,0
0,0.005790746,0
0,0.015324843,0
0,0.004510362,0
0,0.017120227,0
0,0.014975983,0
0,0.0075348145,0
0,0.0038794354,0
0,0.11346107,0
0,0.002958703,0
0,0.06916573,0
0,0.0022899876,0
0,0.0143854655,0
0,0.0023655298,0
0,0.025544403,0
0,0.01301924,0
0,0.0074564638,0
0,0.10090552,0
0,0.010573756,0
0,0.023666669,0
0,0.0051372587,0
0,0.19099863,0
0,0.024065107,0
0,0.013489028,0
0,0.0025094824,0
0,0.025593262,0
0,0.0036129444,0
0,0.03936858,0
0,0.011980692,0
0,0.020475343,0
0,0.0064161513,0
0,0.007821871,0
0,0.0023007416,0
0,0.00278669,0
0,0.007852173,0
0,0.034420356,0
0,0.0033175303,0
1,0.05648725,0
0,0.028088553,0
0,0.015083385,0
0,0.028789839,0
0,0.0014981825,0
0,0.0026829191,0
0,0.008442984,0
0,0.005476012,0
0,0.024355778,0
0,0.008672853,0
0,0.0218731,0
0,0.014675435,0
0,0.022806035,0
0,0.012909385,0
0,0.04811438,0
0,0.011914585,0
0,0.0170465,0
0,0.07301699,0
0,0.060473137,0
0,0.030935673,0
0,0.008216906,0
0,0.008788525,0
0,0.0037468853,0
0,0.02533791,0
0,0.0070758625,0
0,0.005308749,0
0,0.0074893767,0
0,0.3381008,0
1,0.038979847,0
0,0.0026974857,0
0,0.030062126,0
0,0.018677287,0
0,0.028970413,0
0,0.041630723,0
0,0.01910671,0
0,0.001468314,0
1,0.22607341,0
0,0.024790367,0
0,0.0042968965,0
0,0.010344088,0
0,0.013148059,0
0,0.002175057,0
0,0.006788559,0
0,0.038966417,0
0,0.041333653,0
0,0.036560647,0
0,0.01097082,0
0,0.011977366,0
0,0.053293027,0
0,0.012135372,0
0,0.0039225942,0
0,0.008468302,0
0,0.0043974067,0
0,0.010017372,0
0,0.15913178,0
1,0.8634231,1
0,0.018452965,0
0,0.012435704,0
0,0.0027162847,0
0,0.014978439,0
0,0.00669099,0
0,0.01686662,0
0,0.0028830597,0
0,0.011080742,0
0,0.0076842327,0
0,0.019553203,0
0,0.0035849293,0
0,0.012497665,0
0,0.02764361,0
0,0.012695156,0
0,0.011703037,0
0,0.02519073,0
0,0.0035827481,0
0,0.006487071,0
0,0.03913597,0
0,0.0008576947,0
0,0.021751555,0
0,0.009172981,0
1,0.9482953,1
0,0.0070395023,0
0,0.011790169,0
0,0.0011096167,0
0,0.008694001,0
0,0.0039387713,0
0,0.012043279,0
0,0.016684547,0
0,0.03328992,0
0,0.0037725074,0
0,0.0027784545,0
0,0.020278223,0
0,0.019722737,0
0,0.0046771034,0
0,0.008760663,0
0,0.06522166,0
0,0.0036175014,0
0,0.004424117,0
0,0.05519671,0
0,0.021018755,0
0,0.0021127497,0
0,0.01916269,0
0,0.009676502,0
0,0.0058731204,0
0,0.021188535,0
0,0.0031145066,0
0,0.006694446,0
0,0.019443119,0
0,0.0038994502,0
0,0.011622882,0
0,0.0070123165,0
0,0.019172585,0
0,0.0113227395,0
0,0.016983876,0
0,0.028315721,0
0,0.0047355914,0
0,0.02047671,0
0,0.024966456,0
0,0.021463184,0
0,0.044253543,0
0,0.022918765,0
1,0.07080889,0
0,0.014851986,0
0,0.012996498,0
0,0.07157715,0
0,0.011011691,0
0,0.010300836,0
0,0.022868814,0
0,0.0045805713,0
0,0.011221925,0
0,0.0120888315,0
0,0.020947149,0
0,0.0056036613,0
0,0.013640914,0
1,0.92345417,1
0,0.018408306,0
0,0.038967077,0
0,0.051519085,0
0,0.0035999154,0
0,0.010567895,0
0,0.0038083058,0
0,0.041854724,0
0,0.005250534,0
0,0.026748946,0
0,0.022433242,0
0,0.013446973,0
0,0.070030354,0
0,0.005693077,0
0,0.022915605,0
0,0.062046476,0
1,0.22044827,0
0,0.11043988,0
0,0.045825362,0
0,0.03088108,0
1,0.9730646,1
0,0.06127818,0
0,0.06538034,0
0,0.029778287,0
0,0.014682592,0
0,0.015483718,0
0,0.043309655,0
0,0.015617002,0
0,0.04797268,0
0,0.0023355926,0
0,0.007602307,0
0,0.0024081306,0
0,0.0028008297,0
0,0.012255127,0
0,0.0034879874,0
0,0.020866135,0
0,0.024701297,0
0,0.019334532,0
0,0.019601202,0
0,0.01001951,0
0,0.06071233,0
0,0.009890991,0
0,0.018140325,0
0,0.049194917,0
0,0.0046923133,0
0,0.00887708,0
0,0.0041231597,0
0,0.0186115,0
1,0.035972785,0
0,0.060244508,0
0,0.0037460523,0
0,0.011510758,0
0,0.06213107,0
0,0.003948956,0
0,0.08553785,0
0,0.018091224,0
0,0.00424914,0
0,0.0047150855,0
0,0.009034245,0
0,0.0044799554,0
0,0.019411132,0
0,0.009171763,0
0,0.010457691,0
0,0.013241032,0
0,0.016092021,0
0,0.022012336,0
0,0.0061538173,0
0,0.031725634,0
1,0.21919811,0
0,0.01621138,0
0,0.0033257436,0
0,0.051065117,0
0,0.035936218,0
0,0.016382605,0
0,0.014011931,0
0,0.005856403,0
0,0.009404737,0
1,0.0659066,0
0,0.00528967,0
0,0.006585705,0
0,0.039843865,0
0,0.029885104,0
0,0.10913276,0
0,0.3608011,1
0,0.027758026,0
0,0.012707283,0
1,0.50354415,1
0,0.019933445,0
0,0.06325551,0
0,0.00429098,0
0,0.013258956,0
0,0.0123531,0
0,0.015150822,0
0,0.007424847,0
0,0.3448171,0
0,0.029402515,0
0,0.029357914,0
0,0.020418428,0
0,0.004693456,0
0,0.010510909,0
0,0.0064255726,0
0,0.033687726,0
0,0.036486942,0
0,0.013467908,0
0,0.078786545,0
0,0.022005633,0
0,0.0034544277,0
0,0.008818954,0
0,0.13971606,0
0,0.01445796,0
0,0.023912648,0
0,0.23815176,0
0,0.004644519,0
0,0.009663131,0
0,0.004413056,0
0,0.010625874,0
0,0.048260566,0
0,0.009884274,0
0,0.010026578,0
0,0.056493092,0
0,0.030103782,0
0,0.005911167,0
0,0.002552354,0
0,0.0038731971,0
0,0.0071048094,0
0,0.012963246,0
0,0.04427997,0
0,0.026616279,0
0,0.0040777023,0
0,0.043561555,0
0,0.016122188,0
0,0.020800138,0
0,0.0023066392,0
0,0.05366632,0
0,0.010516733,0
0,0.05321816,0
0,0.004313467,0
0,0.002555792,0
0,0.24276341,0
0,0.018175162,0
0,0.0035712826,0
0,0.07570859,0
0,0.020215703,0
0,0.06462835,0
0,0.03214019,0
0,0.0033896577,0
0,0.006470613,0
0,0.015369865,0
0,0.05034627,0
0,0.019521289,0
0,0.06386276,0
0,0.008157174,0
0,0.03012702,0
0,0.011609207,0
0,0.010143082,0
0,0.053804692,0
0,0.0127560105,0
0,0.016176084,0
0,0.019496994,0
0,0.008316297,0
0,0.011957301,0
0,0.025552513,0
0,0.010785484,0
0,0.0038606431,0
0,0.0061766007,0
0,0.017066518,0
0,0.08551342,0
0,0.014154091,0
0,0.113766074,0
0,0.026302699,0
0,0.11320352,0
0,0.02995778,0
0,0.017040962,0
0,0.02131628,0
0,0.009746371,0
0,0.01160809,0
0,0.013924537,0
0,0.04047052,0
0,0.0020083103,0
0,0.02077238,0
0,0.009990685,0
0,0.041146256,0
0,0.04672804,0
0,0.014553131,0
0,0.003008781,0
1,0.6608968,1
0,0.0106150815,0
0,0.06192691,0
0,0.021607291,0
0,0.0036031133,0
0,0.018675147,0
0,0.03989869,0
0,0.0025364477,0
0,0.0039669625,0
0,0.004577815,0
0,0.0052042576,0
0,0.0019427543,0
0,0.0023175825,0
0,0.006430089,0
0,0.017627487,0
0,0.022211043,0
0,0.08534143,0
1,0.9454776,1
0,0.055503454,0
0,0.02718846,0
0,0.0024788657,0
0,0.009508603,0
0,0.0043266923,0
0,0.0332836,0
0,0.0028160894,0
0,0.025573933,0
0,0.21508181,0
0,0.0033807498,0
0,0.013072464,0
0,0.0019660615,0
0,0.0035602464,0
0,0.011264969,0
0,0.02275079,0
0,0.031688843,0
0,0.0330938,0
0,0.3132061,0
0,0.01249227,0
0,0.009856746,0
0,0.017177852,0
0,0.018223211,0
0,0.011406407,0
0,0.0032372293,0
0,0.012776709,0
0,0.018558169,0
0,0.010244758,0
0,0.008087236,0
0,0.0053224065,0
0,0.055725794,0
0,0.033586573,0
0,0.009796478,0
0,0.1259779,0
0,0.06855551,0
0,0.09761648,0
0,0.0037408755,0
0,0.04563519,0
0,0.049396113,0
0,0.023393027,0
0,0.0014333724,0
0,0.03226949,0
0,0.015387071,0
0,0.0212204,0
0,0.08233594,0
0,0.014935196,0
0,0.01436407,0
0,0.017564455,0
0,0.008572115,0
0,0.026774835,0
0,0.010096842,0
0,0.008376317,0
0,0.0029398843,0
0,0.483428,1
0,0.067885995,0
1,0.006837846,0
0,0.028362708,0
0,0.007643827,0
0,0.012622341,0
0,0.0138595095,0
0,0.005304594,0
0,0.0039359606,0
0,0.012836891,0
0,0.01091012,0
0,0.06699358,0
0,0.017642438,0
0,0.077032596,0
0,0.08934428,0
0,0.036056485,0
0,0.0065993057,0
0,0.0051948875,0
0,0.033376016,0
1,0.009925837,0
0,0.012175216,0
0,0.004644797,0
0,0.008262247,0
0,0.012767804,0
0,0.004151299,0
0,0.017462535,0
0,0.012420662,0
0,0.03146091,0
0,0.011314687,0
0,0.011282338,0
0,0.18493894,0
0,0.01145987,0
0,0.13579482,0
0,0.0026971612,0
0,0.011013066,0
0,0.008563968,0
0,0.012788082,0
0,0.013984993,0
0,0.0138078965,0
0,0.022461388,0
0,0.025975464,0
0,0.061887916,0
0,0.006113868,0
0,0.00769097,0
0,0.016554061,0
0,0.16132627,0
0,0.024325352,0
0,0.0031360164,0
0,0.029313132,0
0,0.0031924846,0
0,0.041154254,0
0,0.05155347,0
0,0.007137428,0
0,0.0030589595,0
0,0.06136061,0
0,0.010865332,0
0,0.006559844,0
0,0.046433628,0
0,0.0064184587,0
0,0.0012283934,0
0,0.09672441,0
1,0.13967037,0
0,0.0037782842,0
0,0.005206317,0
0,0.030198442,0
0,0.0017553446,0
0,0.006657938,0
0,0.020421647,0
0,0.0029880533,0
0,0.027570615,0
0,0.010447881,0
0,0.023208348,0
0,0.0026036273,0
0,0.0063611954,0
0,0.019879818,0
0,0.002858765,0
0,0.01984399,0
0,0.00952312,0
0,0.0059776744,0
0,0.015680414,0
0,0.06682074,0
0,0.011877592,0
0,0.02909628,0
0,0.0069728,0
0,0.009924342,0
0,0.002948294,0
0,0.023717003,0
0,0.011131724,0
0,0.0072243186,0
0,0.0051022796,0
0,0.010326836,0
0,0.18321916,0
0,0.021315923,0
1,0.17363043,0
0,0.05230493,0
0,0.029069627,0
0,0.016833419,0
0,0.025239134,0
0,0.0023527436,0
0,0.0063612466,0
0,0.025831169,0
0,0.017218942,0
0,0.038047567,0
0,0.012765021,0
0,0.014908275,0
0,0.04698006,0
0,0.0082937395,0
0,0.013071801,0
0,0.046614163,0
0,0.0029031772,0
0,0.00088691,0
0,0.053633828,0
0,0.029999923,0
0,0.008082116,0
0,0.026837707,0
0,0.013256437,0
0,0.012713303,0
0,0.024995258,0
0,0.009293456,0
0,0.004118111,0
0,0.0061316206,0
0,0.013434074,0
0,0.026622945,0
0,0.0054691657,0
0,0.018526308,0
0,0.004277658,0
0,0.013630865,0
0,0.0068646064,0
1,0.21598954,0
0,0.04204512,0
0,0.00280605,0
0,0.00365006,0
0,0.018068142,0
0,0.004151299,0
0,0.030723007,0
0,0.030134903,0
0,0.0031850077,0
0,0.0043979534,0
0,0.0077107516,0
0,0.024504691,0
0,0.0025866663,0
0,0.0120485,0
0,0.039392147,0
0,0.003814313,0
0,0.019334704,0
0,0.01224406,0
0,0.06884868,0
0,0.01914244,0
0,0.0036016877,0
0,0.009096532,0
0,0.021878436,0
0,0.015412928,0
0,0.03707991,0
0,0.12885503,0
0,0.08190148,0
0,0.0040300083,0
0,0.0113801975,0
0,0.018176856,0
0,0.009133717,0
1,0.59210163,1
0,0.03463264,0
0,0.0019598568,0
0,0.026436605,0
0,0.04805628,0
0,0.037063938,0
0,0.005861033,0
0,0.080426015,0
0,0.03289519,0
0,0.0022895902,0
0,0.008526181,0
0,0.0075091626,0
0,0.00749256,0
0,0.017035605,0
0,0.01681416,0
1,0.025816241,0
0,0.041368682,0
0,0.015205662,0
0,0.02508139,0
0,0.013751145,0
0,0.07396514,0
0,0.0039054055,0
0,0.0016737354,0
0,0.017772973,0
0,0.011549044,0
0,0.021918451,0
0,0.0055211475,0
0,0.03549358,0
0,0.0040886407,0
0,0.011690426,0
1,0.34213775,0
0,0.008602505,0
0,0.005850474,0
0,0.0054061026,0
0,0.016486429,0
0,0.0077481978,0
0,0.0036470853,0
0,0.009750716,0
0,0.023272114,0
0,0.049386952,0
0,0.010062828,0
0,0.010117557,0
0,0.00479364,0
0,0.07063251,0
0,0.05174686,0
0,0.017892232,0
0,0.0032680302,0
0,0.00610937,0
0,0.0068099923,0
0,0.0026803787,0
0,0.04497483,0
0,0.011663037,0
0,0.012123151,0
0,0.017182456,0
0,0.073201284,0
0,0.0041218814,0
0,0.019968502,0
0,0.0055354848,0
0,0.009084526,0
0,0.017327486,0
0,0.016428879,0
0,0.05210926,0
0,0.19653629,0
0,0.01327026,0
0,0.032000497,0
0,0.11073482,0
0,0.009701062,0
0,0.004488116,0
0,0.005450394,0
0,0.004964642,0
0,0.04213327,0
0,0.118529744,0
0,0.20513591,0
0,0.016406633,0
0,0.024046116,0
0,0.032424774,0
0,0.0050742514,0
0,0.017194888,0
0,0.028727515,0
0,0.005094305,0
0,0.009547862,0
0,0.017381886,0
0,0.002309138,0
0,0.0043247496,0
0,0.008693248,0
0,0.005154273,0
0,0.010059736,0
0,0.012936946,0
0,0.033793148,0
0,0.060097616,0
0,0.012180884,0
0,0.0057029026,0
0,0.0025654107,0
0,0.010153946,0
0,0.030390872,0
1,0.122165896,0
0,0.00448582,0
1,0.029186863,0
0,0.0135567095,0
0,0.021486912,0
0,0.24997556,0
0,0.013881143,0
0,0.0022813256,0
0,0.0039959126,0
0,0.0041621295,0
0,0.040141046,0
0,0.030162243,0
0,0.0127960965,0
0,0.01907786,0
0,0.10417423,0
0,0.0046752435,0
0,0.028659785,0
0,0.020621205,0
1,0.92765695,1
0,0.0036498746,0
0,0.07823165,0
0,0.0048327297,0
0,0.006817646,0
0,0.005678711,0
0,0.020487813,0
0,0.012506425,0
0,0.007352506,0
0,0.008537317,0
0,0.024184018,0
0,0.010474862,0
0,0.012370261,0
0,0.01708865,0
0,0.011637249,0
0,0.0020827686,0
0,0.29174653,0
0,0.027322078,0
0,0.0023624506,0
0,0.0030732667,0
0,0.07558129,0
0,0.00596739,0
0,0.021379914,0
0,0.017442314,0
0,0.015325245,0
0,0.13509713,0
0,0.015950445,0
0,0.013915903,0
0,0.008912572,0
0,0.005387395,0
0,0.016883858,0
0,0.27843386,0
0,0.014366514,0
0,0.027256114,0
0,0.0025746147,0
0,0.32349858,0
0,0.0033450315,0
0,0.013241923,0
0,0.0067907614,0
0,0.0074158004,0
0,0.008594927,0
1,0.99337655,1
0,0.10577557,0
0,0.042344805,0
0,0.0148531925,0
0,0.055466376,0
0,0.12049159,0
0,0.0029280805,0
0,0.018621553,0
0,0.00493993,0
0,0.0054639936,0
0,0.013915119,0
0,0.0060036583,0
0,0.040527433,0
0,0.07193943,0
0,0.00150389,0
0,0.40976787,1
0,0.017823495,0
0,0.0042961966,0
0,0.00405836,0
0,0.060691245,0
0,0.012248669,0
0,0.005525726,0
0,0.01248777,0
0,0.038898103,0
0,0.0111433305,0
0,0.005104715,0
0,0.0026915823,0
0,0.0027748093,0
0,0.019049015,0
0,0.0044814358,0
0,0.013206872,0
0,0.043265726,0
0,0.0061774612,0
0,0.08226186,0
0,0.003540395,0
0,0.007874613,0
0,0.019325372,0
0,0.012255102,0
0,0.07584356,0
0,0.035591245,0
0,0.018523725,0
0,0.008218915,0
0,0.01607033,0
0,0.055785943,0
0,0.01146638,0
1,0.048584487,0
0,0.008361648,0
0,0.0052818446,0
0,0.036847703,0
0,0.045968916,0
0,0.04444677,0
0,0.007869578,0
0,0.052800413,0
0,0.016302967,0
0,0.036372613,0
0,0.0042616916,0
0,0.0035246878,0
0,0.026105316,0
0,0.0016380685,0
0,0.0125893885,0
0,0.004225189,0
0,0.24153598,0
0,0.009862313,0
0,0.020084416,0
0,0.0023734132,0
0,0.011676253,0
0,0.044527553,0
0,0.005125956,0
0,0.011752401,0
0,0.010730723,0
0,0.017730303,0
0,0.018120881,0
0,0.029577924,0
0,0.013831207,0
0,0.05487213,0
0,0.049522534,0
1,0.034067836,0
0,0.005121532,0
1,0.8948247,1
0,0.025425069,0
0,0.040026154,0
0,0.008746439,0
0,0.017608942,0
1,0.9828203,1
0,0.015322454,0
0,0.01306094,0
0,0.060242064,0
0,0.04269132,0
0,0.017910173,0
0,0.06385387,0
0,0.027846877,0
0,0.020576298,0
0,0.021816123,0
0,0.023260383,0
0,0.0018769053,0
0,0.028732399,0
0,0.04428447,0
0,0.30775943,0
0,0.01677974,0
0,0.03443173,0
0,0.005424411,0
0,0.0017130384,0
0,0.012041344,0
0,0.0094018765,0
0,0.010562671,0
0,0.010446515,0
0,0.80779076,1
0,0.005586647,0
0,0.0077851573,0
0,0.01544042,0
0,0.01800871,0
0,0.0035768321,0
0,0.0215763,0
0,0.0050012353,0
0,0.002932791,0
0,0.0023960697,0
0,0.015755348,0
0,0.020122623,0
0,0.008756652,0
0,0.04258899,0
0,0.0066175647,0
0,0.010695024,0
0,0.0033556325,0
0,0.010348121,0
0,0.012797433,0
0,0.020330293,0
0,0.006907723,0
0,0.05288276,0
0,0.011564797,0
0,0.028593883,0
0,0.0038907179,0
0,0.0038974076,0
0,0.013493172,0
0,0.008432045,0
0,0.0009937921,0
0,0.009021971,0
0,0.03453187,0
0,0.0030593579,0
0,0.052063674,0
0,0.0026002466,0
0,0.0050727376,0
0,0.015113727,0
0,0.0649005,0
0,0.014103432,0
0,0.041344088,0
0,0.0034259455,0
0,0.00742041,0
0,0.40146038,1
0,0.013023463,0
0,0.025781045,0
0,0.047479197,0
0,0.0074538845,0
0,0.17464551,0
1,0.87574506,1
0,0.2291054,0
0,0.005821621,0
0,0.008930807,0
0,0.008883103,0
0,0.016852932,0
0,0.035092954,0
0,0.03236298,0
0,0.020232314,0
0,0.03379894,0
0,0.01480953,0
0,0.009275464,0
0,0.014653469,0
0,0.037739728,0
0,0.0123426085,0
0,0.01908626,0
0,0.00187118,0
0,0.008276051,0
0,0.048597198,0
0,0.035956,0
0,0.0021265573,0
0,0.094133556,0
0,0.008881427,0
0,0.018287351,0
0,0.025405364,0
0,0.0037148318,0
0,0.030886378,0
0,0.026933353,0
0,0.015711067,0
0,0.008252945,0
0,0.0064547346,0
0,0.01642901,0
0,0.0049635214,0
0,0.08593824,0
0,0.06492595,0
0,0.005767012,0
0,0.027450277,0
0,0.011496742,0
0,0.022461388,0
0,0.022487907,0
0,0.023883432,0
0,0.047065243,0
0,0.019858714,0
0,0.11819936,0
0,0.017403431,0
0,0.020681204,0
0,0.0013052411,0
0,0.0382983,0
0,0.022111615,0
0,0.0017650198,0
0,0.018566681,0
0,0.035230085,0
0,0.019823467,0
0,0.005821814,0
0,0.0036869927,0
1,0.8966556,1
0,0.05240844,0
0,0.01442053,0
0,0.0032872737,0
0,0.021773107,0
0,0.039341927,0
0,0.03162949,0
0,0.03650673,0
0,0.02198743,0
0,0.0060201483,0
0,0.17945363,0
0,0.015038688,0
0,0.007987201,0
0,0.0832355,0
0,0.0067747515,0
0,0.005100273,0
0,0.25942504,0
0,0.03936308,0
0,0.0114126615,0
0,0.01626219,0
0,0.004867175,0
0,0.0064800554,0
0,0.03339225,0
0,0.027679661,0
0,0.018942956,0
0,0.0069425753,0
0,0.041350305,0
0,0.0026679833,0
0,0.008714782,0
0,0.057165287,0
0,0.020091493,0
0,0.015084163,0
0,0.018609934,0
0,0.0037206975,0
0,0.0033978748,0
0,0.018223416,0
0,0.006431289,0
0,0.00855914,0
0,0.013853547,0
0,0.0052382527,0
0,0.0063511846,0
0,0.039388943,0
0,0.022038672,0
0,0.031897537,0
0,0.011159036,0
0,0.023998514,0
0,0.012032328,0
0,0.0034262124,0
0,0.015095638,0
0,0.023232358,0
0,0.1693706,0
0,0.005928716,0
0,0.010571631,0
0,0.0026701728,0
0,0.014116579,0
0,0.032695647,0
0,0.013434144,0
0,0.037789933,0
0,0.016234461,0
0,0.020745253,0
0,0.036858037,0
0,0.003244139,0
0,0.071046926,0
0,0.016795393,0
0,0.0012568472,0
0,0.0033208823,0
0,0.0033574463,0
0,0.022181079,0
0,0.0050361757,0
0,0.007476603,0
0,0.0025488872,0
0,0.015088946,0
0,0.0032237421,0
0,0.17365669,0
0,0.027152449,0
0,0.01452056,0
0,0.029420802,0
0,0.029960766,0
0,0.014517414,0
0,0.011460458,0
0,0.008336981,0
0,0.0199351,0
0,0.008027198,0
0,0.0296731,0
0,0.0065468056,0
0,0.0068405503,0
0,0.043187276,0
1,0.61951625,1
0,0.1774857,0
0,0.041933864,0
0,0.025996702,0
0,0.08042078,0
0,0.0083178785,0
0,0.008540373,0
0,0.00443729,0
0,0.0031724083,0
0,0.005266465,0
0,0.03280628,0
0,0.034675974,0
0,0.003459849,0
0,0.006225772,0
0,0.060589124,0
0,0.008555026,0
1,0.94936603,1
0,0.0020907181,0
0,0.01016901,0
0,0.0822577,0
0,0.004487829,0
0,0.0034260433,0
0,0.057445213,0
0,0.0019509577,0
0,0.0052514505,0
0,0.011739305,0
0,0.021716597,0
0,0.012088825,0
0,0.011566187,0
0,0.019705487,0
0,0.012023642,0
0,0.015215141,0
0,0.015314953,0
0,0.0024602835,0
0,0.0017498086,0
0,0.013235102,0
0,0.040514838,0
1,0.0058028097,0
0,0.009872903,0
0,0.0023274315,0
0,0.0436611,0
0,0.004000145,0
0,0.0019540463,0
0,0.0016644305,0
0,0.015435143,0
0,0.09930376,0
0,0.003223681,0
0,0.011470667,0
0,0.0055716974,0
0,0.0072839004,0
0,0.049476072,0
0,0.020935854,0
0,0.03901316,0
0,0.009480393,0
1,0.21566771,0
0,0.01044278,0
0,0.004684732,0
0,0.010463081,0
0,0.034566145,0
0,0.00401217,0
0,0.0073492597,0
1,0.8663732,1
1,0.982037,1
0,0.014437813,0
0,0.018661855,0
0,0.009912701,0
0,0.015674733,0
0,0.019059496,0
1,0.034887638,0
0,0.0015712663,0
0,0.022702755,0
0,0.0150761325,0
0,0.018292177,0
0,0.018337427,0
0,0.007888737,0
0,0.048349366,0
0,0.0033392392,0
0,0.029543834,0
0,0.014325775,0
0,0.0033729253,0
0,0.027832268,0
0,0.023319563,0
0,0.029420264,0
0,0.017117644,0
0,0.00674328,0
0,0.10284432,0
0,0.0030756257,0
0,0.0031281672,0
0,0.007018535,0
0,0.023605416,0
0,0.009057652,0
0,0.01352842,0
0,0.0022566176,0
0,0.061349157,0
0,0.076927245,0
0,0.19540995,0
0,0.0028496115,0
1,0.11675685,0
0,0.007013323,0
0,0.004937847,0
0,0.0046117455,0
0,0.046043348,0
0,0.0048572496,0
0,0.008783388,0
0,0.0011243873,0
0,0.16393898,0
0,0.051479235,0
0,0.0191858,0
0,0.018136948,0
0,0.18145068,0
0,0.016422015,0
0,0.013841443,0
0,0.010831749,0
0,0.0077794907,0
0,0.008245662,0
0,0.076903775,0
0,0.013139969,0
0,0.09667383,0
0,0.033268467,0
0,0.0034574661,0
0,0.068601266,0
0,0.016241148,0
0,0.082915924,0
0,0.06587622,0
0,0.052902196,0
0,0.026126612,0
0,0.051523875,0
0,0.0029232956,0
0,0.07719678,0
0,0.13699591,0
0,0.017781764,0
0,0.122762516,0
0,0.035958882,0
0,0.007971741,0
0,0.040668864,0
0,0.010208091,0
0,0.012615496,0
0,0.008478017,0
0,0.026449716,0
0,0.0369755,0
0,0.14362343,0
0,0.005579354,0
0,0.029555907,0
0,0.00441756,0
0,0.01226276,0
0,0.0028764724,0
0,0.027459312,0
0,0.060100883,0
0,0.02927178,0
0,0.004274162,0
0,0.011380149,0
0,0.022884775,0
0,0.07237682,0
0,0.007892134,0
0,0.0051649474,0
0,0.011568123,0
0,0.38204864,1
0,0.14660673,0
0,0.0068178014,0
0,0.006561728,0
0,0.005013214,0
0,0.0334785,0
0,0.0008043304,0
0,0.017854616,0
0,0.028522044,0
0,0.009243824,0
0,0.0024863784,0
0,0.047200777,0
0,0.05533078,0
0,0.024630064,0
0,0.0012284963,0
0,0.01208274,0
0,0.0039792093,0
0,0.046365198,0
0,0.0027941202,0
0,0.009393837,0
0,0.111797415,0
0,0.016260557,0
0,0.020986978,0
0,0.003283225,0
0,0.00719136,0
1,0.49016893,1
0,0.23533927,0
0,0.017366476,0
0,0.0025775454,0
0,0.001922114,0
0,0.01661117,0
0,0.124813356,0
0,0.016725652,0
0,0.007151045,0
0,0.020985587,0
0,0.0072349245,0
0,0.0050491425,0
0,0.004982442,0
0,0.0037747982,0
0,0.030238379,0
0,0.04927697,0
0,0.0099736545,0
0,0.047642376,0
0,0.004679092,0
0,0.03566038,0
1,0.17189348,0
0,0.01602262,0
0,0.028327866,0
1,0.91973805,1
0,0.1184965,0
0,0.0029941679,0
0,0.004801121,0
0,0.0012288556,0
0,0.003143353,0
0,0.032527015,0
0,0.0502343,0
0,0.011551375,0
0,0.03575975,0
0,0.045311455,0
1,0.9093752,1
0,0.015145714,0
0,0.017866427,0
0,0.003847455,0
0,0.024886841,0
0,0.0143603645,0
0,0.016928501,0
0,0.0037137943,0
0,0.017477047,0
0,0.0024636164,0
0,0.024645947,0
0,0.023693029,0
0,0.0040231887,0
0,0.016716165,0
0,0.22008781,0
0,0.012391105,0
0,0.022098908,0
0,0.0024716153,0
0,0.007354566,0
0,0.03725073,0
0,0.0038596878,0
0,0.0077259257,0
0,0.007536491,0
0,0.009749607,0
0,0.0065811025,0
0,0.0051078037,0
0,0.0028121034,0
0,0.011400729,0
1,0.9106241,1
0,0.031208662,0
0,0.0414297,0
0,0.022461388,0
0,0.0025844737,0
0,0.016760185,0
0,0.0046478333,0
0,0.14103083,0
0,0.008148719,0
0,0.010324259,0
0,0.028479738,0
0,0.015394984,0
0,0.005491217,0
0,0.003836192,0
0,0.0023057668,0
0,0.013897059,0
0,0.019456416,0
0,0.011666639,0
0,0.065905705,0
0,0.057278484,0
0,0.0029791086,0
0,0.07648503,0
0,0.01922671,0
0,0.03636548,0
0,0.0064860997,0
0,0.0085973,0
0,0.01179849,0
0,0.007532882,0
0,0.0033002775,0
0,0.025034592,0
0,0.02120606,0
0,0.051456075,0
0,0.026173491,0
0,0.0261258,0
0,0.047891103,0
0,0.025919648,0
0,0.036930244,0
1,0.9277018,1
0,0.0029694594,0
0,0.006422106,0
0,0.008535691,0
0,0.014342396,0
0,0.002414168,0
0,0.34175748,0
0,0.005323467,0
0,0.023945943,0
0,0.012231534,0
0,0.0035435993,0
1,0.036615107,0
0,0.028716806,0
1,0.046369668,0
0,0.0051480196,0
0,0.0045964066,0
0,0.014638514,0
0,0.0055489643,0
0,0.036427822,0
1,0.63228685,1
0,0.014917452,0
0,0.014185097,0
0,0.023144681,0
0,0.045160044,0
0,0.0057708737,0
1,0.14782958,0
0,0.02761201,0
0,0.346519,0
0,0.03180692,0
0,0.010127083,0
0,0.08713723,0
0,0.03006682,0
0,0.25113124,0
0,0.0053228233,0
0,0.016475892,0
0,0.028567558,0
0,0.045879904,0
0,0.004861213,0
0,0.0019405817,0
0,0.024836082,0
0,0.018945985,0
0,0.0053306986,0
0,0.039741106,0
0,0.030878957,0
0,0.011469435,0
0,0.014691984,0
0,0.011575813,0
0,0.009162922,0
0,0.009357317,0
0,0.017280707,0
0,0.0021820364,0
0,0.0046693403,0
0,0.017370554,0
0,0.032698814,0
0,0.019024331,0
0,0.11637503,0
0,0.016673043,0
0,0.0069666416,0
0,0.0033347665,0
0,0.08209207,0
1,0.035907287,0
0,0.061887253,0
0,0.0905147,0
0,0.06554608,0
1,0.86734164,1
0,0.00954499,0
0,0.013471038,0
1,0.6155771,1
0,0.0045748,0
0,0.015862882,0
0,0.010734075,0
0,0.055221424,0
0,0.0011723902,0
0,0.008249117,0
0,0.02776039,0
0,0.021826465,0
1,0.9892607,1
0,0.017521406,0
0,0.07903006,0
0,0.006155582,0
0,0.013234007,0
0,0.018689176,0
0,0.096548796,0
0,0.0022241909,0
0,0.04093332,0
0,0.004374845,0
0,0.03263166,0
0,0.006325681,0
0,0.01237176,0
0,0.030568376,0
0,0.03342947,0
0,0.0068442216,0
0,0.032464825,0
0,0.009939524,0
0,0.03932979,0
0,0.009692595,0
0,0.007114477,0
0,0.0025675015,0
0,0.13563257,0
0,0.018403534,0
0,0.010684318,0
0,0.013261289,0
0,0.021738093,0
0,0.032084096,0
0,0.0068026553,0
0,0.0064830803,0
0,0.002394725,0
0,0.0025075139,0
0,0.0035007526,0
0,0.001039883,0
0,0.024196116,0
0,0.0016227701,0
0,0.14391755,0
0,0.038416073,0
0,0.008656809,0
0,0.014009421,0
0,0.024629446,0
0,0.018868906,0
0,0.05676652,0
0,0.0034183543,0
0,0.011699083,0
0,0.014826856,0
0,0.038789283,0
1,0.23071416,0
0,0.01730084,0
0,0.016895711,0
0,0.004861344,0
0,0.0062835007,0
0,0.0018181975,0
0,0.13854222,0
0,0.0060888757,0
0,0.05476288,0
0,0.009989515,0
0,0.03710476,0
0,0.0067369086,0
0,0.012907757,0
0,0.050092347,0
0,0.041777696,0
0,0.020511251,0
0,0.071914256,0
0,0.0148256095,0
0,0.003710807,0
1,0.065132946,0
0,0.028291523,0
0,0.023433555,0
0,0.01399705,0
0,0.00942583,0
0,0.037719794,0
0,0.015136932,0
0,0.009961307,0
0,0.0015123774,0
0,0.012935271,0
0,0.04188516,0
0,0.004368728,0
0,0.11712422,0
0,0.008201552,0
0,0.022082891,0
0,0.008127461,0
0,0.019375274,0
0,0.032743547,0
0,0.032769114,0
0,0.010256726,0
0,0.0043757507,0
0,0.07670089,0
0,0.025291849,0
0,0.004741915,0
0,0.022461388,0
0,0.017314224,0
0,0.0063351537,0
0,0.0055592014,0
0,0.027723871,0
0,0.030146394,0
0,0.09217503,0
0,0.0030318405,0
0,0.0045956606,0
0,0.0023854317,0
0,0.036504794,0
0,0.028812218,0
0,0.011314981,0
0,0.022802008,0
0,0.023517117,0
0,0.018822411,0
0,0.004288768,0
0,0.20287122,0
0,0.01824025,0
0,0.011045642,0
0,0.014125654,0
0,0.00962824,0
0,0.014439238,0
0,0.028743885,0
0,0.010341413,0
0,0.0057037566,0
0,0.010513731,0
0,0.027599445,0
0,0.0079695685,0
0,0.015529994,0
0,0.00590834,0
0,0.0024175765,0
1,0.99352324,1
0,0.037306745,0
1,0.99210054,1
0,0.030161407,0
0,0.0028838618,0
0,0.0340195,0
0,0.03438394,0
0,0.00390086,0
0,0.00683243,0
0,0.0117608225,0
0,0.026097728,0
0,0.018260404,0
0,0.0061196308,0
0,0.011438083,0
0,0.0069636735,0
0,0.009157461,0
0,0.0055828365,0
0,0.018156715,0
0,0.03309021,0
0,0.011529708,0
0,0.023440761,0
0,0.021168178,0
0,0.032609273,0
0,0.019599924,0
0,0.034766905,0
0,0.0021011613,0
0,0.0070527135,0
0,0.043115553,0
0,0.0060983486,0
0,0.008573071,0
0,0.0022678194,0
0,0.01774322,0
0,0.014661271,0
0,0.01220604,0
0,0.05457308,0
0,0.04577563,0
0,0.009872605,0
1,0.9722649,1
0,0.015084163,0
0,0.004660002,0
0,0.039413806,0
0,0.015045653,0
0,0.0064654285,0
0,0.003568857,0
0,0.019274198,0
0,0.008985225,0
0,0.0150487125,0
0,0.04048181,0
0,0.0274064,0
0,0.051810995,0
0,0.0052419933,0
0,0.0025224893,0
0,0.011871699,0
0,0.0040726974,0
0,0.0060875453,0
0,0.0036726783,0
0,0.0037168039,0
0,0.0045313993,0
0,0.04424595,0
0,0.006106857,0
0,0.028428268,0
0,0.0039821244,0
0,0.020762747,0
0,0.004629993,0
0,0.012368631,0
0,0.0041104956,0
0,0.013466318,0
0,0.039966293,0
0,0.010238067,0
0,0.010072598,0
0,0.031893812,0
0,0.037333596,0
0,0.0020996712,0
0,0.02118851,0
0,0.05479405,0
0,0.0077316235,0
0,0.024383387,0
0,0.011735992,0
0,0.030722251,0
0,0.029547008,0
0,0.05704615,0
0,0.0017182619,0
0,0.006073422,0
0,0.025394207,0
0,0.019423217,0
0,0.0848538,0
0,0.019892244,0
0,0.011839903,0
0,0.018821396,0
0,0.013202082,0
0,0.0036434657,0
0,0.004673342,0
0,0.0025032512,0
0,0.025280524,0
0,0.013661795,0
0,0.006145774,0
0,0.00434444,0
0,0.018710405,0
0,0.014508324,0
0,0.020397475,0
0,0.036075346,0
0,0.025697818,0
0,0.0025615434,0
0,0.0113491975,0
0,0.006488205,0
0,0.02608587,0
0,0.0035000758,0
0,0.013003656,0
0,0.042602357,0
0,0.06113659,0
0,0.26119554,0
0,0.038871657,0
0,0.013845055,0
0,0.018627763,0
0,0.022968614,0
0,0.00405148,0
1,0.56993914,1
0,0.012768056,0
0,0.0059173093,0
0,0.00253474,0
0,0.004051295,0
0,0.0065618055,0
0,0.03812848,0
0,0.029198702,0
0,0.017731482,0
0,0.004491748,0
0,0.0033332803,0
0,0.007210034,0
0,0.008015079,0
0,0.03405861,0
0,0.03126995,0
0,0.004665437,0
0,0.007615121,0
0,0.049690332,0
0,0.021276198,0
0,0.0032516536,0
0,0.004694253,0
0,0.13893467,0
0,0.009527753,0
1,0.011095079,0
1,0.03554547,0
0,0.0026442572,0
0,0.010982902,0
0,0.004619779,0
0,0.0036539587,0
0,0.06829788,0
0,0.008035833,0
0,0.002450559,0
0,0.025845464,0
0,0.0048485356,0
0,0.1392855,0
0,0.061851084,0
1,0.8068344,1
0,0.0048150234,0
0,0.007216791,0
0,0.032508206,0
0,0.002260998,0
0,0.09483892,0
0,0.023427416,0
0,0.058669597,0
0,0.021216564,0
0,0.007128162,0
0,0.056708425,0
0,0.04378799,0
0,0.0033505745,0
0,0.033987172,0
0,0.019221054,0
0,0.035917953,0
0,0.29526418,0
0,0.0030861693,0
0,0.08194233,0
0,0.014911231,0
1,0.9791405,1
0,0.007746142,0
0,0.012426155,0
0,0.0012297754,0
0,0.027708469,0
0,0.0027046956,0
0,0.010406816,0
0,0.0048394282,0
0,0.027003255,0
0,0.0075222207,0
0,0.008124209,0
0,0.017719982,0
0,0.001638279,0
0,0.0043873535,0
0,0.10701935,0
0,0.035046097,0
0,0.00067964627,0
0,0.0031364008,0
0,0.010099255,0
0,0.031610064,0
1,0.6709009,1
0,0.023030955,0
0,0.0033156814,0
0,0.002826575,0
0,0.012771646,0
0,0.011677789,0
0,0.029778665,0
1,0.077821,0
0,0.15568267,0
0,0.011699635,0
0,0.08492407,0
0,0.10031196,0
0,0.015205156,0
0,0.20534977,0
0,0.11903723,0
0,0.012808371,0
0,0.010529473,0
0,0.0038106584,0
0,0.0057877516,0
0,0.036377285,0
0,0.005952714,0
0,0.022235263,0
0,0.014756762,0
0,0.014198465,0
0,0.017297087,0
0,0.00819195,0
0,0.014274243,0
0,0.041376613,0
0,0.007935125,0
0,0.0043658027,0
0,0.027043633,0
0,0.015344549,0
0,0.01181282,0
0,0.015207956,0
0,0.0017958516,0
1,0.13489793,0
0,0.024020167,0
0,0.1143119,0
0,0.0039113425,0
0,0.0071187657,0
0,0.035983007,0
0,0.005781636,0
0,0.016231438,0
1,0.0045045917,0
0,0.0061502717,0
0,0.0031536105,0
0,0.012754504,0
0,0.0109659,0
0,0.0417295,0
0,0.054555506,0
0,0.004134956,0
0,0.003231824,0
1,0.79447913,1
0,0.014455418,0
0,0.03963971,0
0,0.0038762656,0
0,0.0715135,0
0,0.0069250097,0
0,0.0043036807,0
0,0.021911321,0
0,0.0063452083,0
0,0.006322795,0
0,0.035475202,0
0,0.030636998,0
1,0.3114611,0
0,0.052159853,0
0,0.031137293,0
0,0.008740714,0
0,0.046835396,0
0,0.0065301787,0
0,0.02778292,0
0,0.014434009,0
0,0.013491896,0
0,0.059156235,0
0,0.016613748,0
0,0.0093784565,0
0,0.002932681,0
0,0.012451841,0
0,0.0050578048,0
0,0.018088458,0
0,0.03508499,0
0,0.0056973,0
0,0.014343022,0
0,0.017304214,0
0,0.008350992,0
0,0.018356621,0
0,0.0031385769,0
0,0.026402017,0
0,0.0031603633,0
0,0.0121153975,0
0,0.08333233,0
0,0.010822006,0
0,0.059198998,0
0,0.011838553,0
0,0.013396737,0
0,0.043286443,0
0,0.011637606,0
0,0.013774633,0
0,0.004525374,0
0,0.05737411,0
0,0.0029087216,0
0,0.043009687,0
0,0.005277047,0
0,0.0033395262,0
0,0.0028861347,0
0,0.0010906782,0
0,0.023327999,0
0,0.03153099,0
0,0.08828528,0
0,0.0044881823,0
0,0.1274944,0
0,0.017396111,0
0,0.013988978,0
0,0.0045776176,0
0,0.033297088,0
0,0.02315148,0
0,0.012370012,0
0,0.011522554,0
0,0.0100479135,0
0,0.077944905,0
0,0.002790019,0
0,0.0065230336,0
0,0.0036122769,0
0,0.08766914,0
0,0.010366958,0
0,0.012025896,0
0,0.047936708,0
0,0.005621414,0
0,0.049209252,0
0,0.007818796,0
0,0.014354932,0
0,0.014154675,0
0,0.071826056,0
0,0.062137198,0
0,0.0075039333,0
0,0.0047341264,0
0,0.003409177,0
0,0.005621001,0
0,0.01769408,0
0,0.021931825,0
0,0.041408762,0
0,0.0103751365,0
0,0.0066758175,0
0,0.0069022267,0
0,0.012476309,0
0,0.017836405,0
0,0.013011449,0
0,0.005704463,0
0,0.0019715484,0
0,0.053450078,0
0,0.018294454,0
0,0.04179198,0
0,0.0026053614,0
0,0.028496299,0
0,0.004941393,0
0,0.0263488,0
0,0.043518998,0
0,0.011813209,0
0,0.012981654,0
0,0.0034291737,0
0,0.015405468,0
0,0.0069600567,0
0,0.0061010425,0
0,0.005558158,0
0,0.006217744,0
0,0.11268229,0
0,0.0022184753,0
0,0.034018725,0
0,0.036075346,0
0,0.005177013,0
0,0.012651624,0
0,0.019874759,0
0,0.030862786,0
0,0.021363698,0
0,0.09599656,0
0,0.00606485,0
0,0.017721003,0
0,0.0076236846,0
0,0.017260272,0
0,0.01723042,0
0,0.017973488,0
0,0.014537546,0
0,0.0020677575,0
0,0.0131056085,0
0,0.009512475,0
0,0.006095381,0
0,0.018569658,0
0,0.029456967,0
0,0.34049246,0
0,0.020303437,0
1,0.72677076,1
0,0.020396369,0
0,0.058810372,0
0,0.031097965,0
0,0.046519235,0
0,0.0031952034,0
0,0.06142825,0
0,0.026283897,0
0,0.019040355,0
0,0.009423755,0
0,0.016422639,0
0,0.0076997266,0
0,0.0036478408,0
0,0.029641591,0
0,0.31309855,0
0,0.0019547374,0
0,0.005223123,0
0,0.018378062,0
0,0.041721683,0
0,0.014078459,0
0,0.023621416,0
0,0.0051964703,0
0,0.017346397,0
0,0.031300515,0
0,0.16614938,0
0,0.0050431285,0
0,0.028193047,0
0,0.0057037026,0
0,0.01647091,0
0,0.004085446,0
0,0.0019152663,0
0,0.0847257,0
0,0.056271937,0
0,0.010900425,0
0,0.01891706,0
0,0.0017917039,0
0,0.061472274,0
0,0.052856356,0
0,0.008703807,0
0,0.008668115,0
0,0.04806385,0
0,0.008801008,0
0,0.025554888,0
0,0.0053865802,0
0,0.015854971,0
0,0.008298373,0
0,0.00779134,0
0,0.005692391,0
0,0.030436305,0
0,0.029362202,0
0,0.049093824,0
0,0.0148531925,0
0,0.027351506,0
0,0.08000246,0
0,0.013671637,0
0,0.021134606,0
0,0.012040716,0
0,0.0022909236,0
0,0.023042325,0
0,0.015051597,0
0,0.07891455,0
0,0.07188399,0
0,0.008795203,0
0,0.013777691,0
0,0.004377317,0
0,0.007090407,0
0,0.0058298977,0
1,0.9807804,1
0,0.0021738436,0
0,0.0031533018,0
0,0.030528558,0
0,0.016474308,0
0,0.06539578,0
0,0.0067255306,0
0,0.015218842,0
0,0.0035533092,0
0,0.01364784,0
0,0.015388438,0
0,0.0011161711,0
0,0.025407063,0
0,0.00788854,0
0,0.025925735,0
0,0.13687915,0
0,0.0045798514,0
0,0.0028588357,0
0,0.026004516,0
0,0.022461388,0
0,0.0066065835,0
0,0.0061139865,0
0,0.0070058815,0
0,0.02222547,0
0,0.03949023,0
0,0.0028382528,0
0,0.015269874,0
0,0.011714664,0
0,0.041662734,0
0,0.06432462,0
1,0.060960688,0
0,0.051888425,0
0,0.0032842252,0
0,0.07669368,0
0,0.010293056,0
0,0.014255013,0
0,0.010721468,0
0,0.06048841,0
0,0.02287826,0
0,0.0066488427,0
0,0.016664477,0
0,0.042129774,0
0,0.25650123,0
0,0.0035970341,0
0,0.015535398,0
0,0.0069910293,0
0,0.0441603,0
0,0.017431114,0
0,0.009586979,0
0,0.010020961,0
0,0.013996485,0
1,0.018745588,0
0,0.0015518272,0
0,0.024756446,0
0,0.004815958,0
0,0.003971038,0
0,0.02375387,0
0,0.01816556,0
0,0.00632807,0
0,0.005119703,0
0,0.019860793,0
0,0.017432313,0
0,0.0023007866,0
0,0.05632614,0
0,0.029885441,0
0,0.00785706,0
0,0.023802266,0
0,0.0029178855,0
0,0.010589762,0
0,0.0033364184,0
0,0.08018963,0
0,0.050477926,0
0,0.053322684,0
0,0.005095093,0
0,0.006571047,0
0,0.06511888,0
0,0.005959975,0
0,0.049769558,0
0,0.032230396,0
1,0.95429325,1
0,0.00624167,0
0,0.009084673,0
0,0.0038640315,0
1,0.87852734,1
0,0.006490689,0
0,0.019565606,0
0,0.005248223,0
0,0.02151457,0
0,0.0054091318,0
0,0.03420749,0
0,0.022190005,0
0,0.009074638,0
0,0.040386647,0
0,0.01059322,0
0,0.01018414,0
0,0.0030584186,0
0,0.023960384,0
0,0.008638537,0
0,0.026813406,0
0,0.008934614,0
0,0.05134149,0
0,0.0063698874,0
0,0.018439744,0
0,0.00818465,0
0,0.025692733,0
0,0.0045957826,0
0,0.005098783,0
0,0.06635269,0
0,0.012524052,0
0,0.011295868,0
0,0.058479846,0
0,0.0020415627,0
0,0.011654038,0
0,0.03096429,0
0,0.05452438,0
0,0.0076032314,0
0,0.012984337,0
0,0.014988952,0
0,0.23874491,0
0,0.009694279,0
0,0.011289829,0
0,0.028040804,0
0,0.15644477,0
0,0.07505412,0
0,0.018137466,0
0,0.022634622,0
0,0.017609421,0
0,0.14959818,0
0,0.016834177,0
0,0.009914666,0
0,0.0052141985,0
0,0.009136734,0
0,0.017344438,0
0,0.021363264,0
0,0.0085373735,0
0,0.023369828,0
0,0.06766325,0
0,0.00444008,0
0,0.04570449,0
0,0.0063879155,0
0,0.019487297,0
0,0.00245651,0
0,0.09435056,0
0,0.026878903,0
0,0.00941114,0
0,0.012969062,0
0,0.023366129,0
0,0.026691247,0
0,0.0032070363,0
0,0.051364113,0
0,0.002357631,0
0,0.06282771,0
0,0.019972347,0
0,0.0035850415,0
0,0.035992485,0
0,0.053459678,0
0,0.00963808,0
0,0.048714545,0
0,0.007787,0
0,0.014836178,0
0,0.003220434,0
0,0.00929833,0
0,0.051970627,0
0,0.0052004377,0
0,0.012643496,0
0,0.0057667824,0
0,0.016374491,0
0,0.013484219,0
0,0.06460553,0
0,0.0034562438,0
0,0.029245872,0
0,0.014431933,0
0,0.0020205143,0
0,0.0068193516,0
0,0.015264318,0
0,0.10181148,0
0,0.0063331304,0
0,0.016460408,0
0,0.013182881,0
0,0.0226253,0
0,0.060062326,0
0,0.0030215369,0
0,0.06681851,0
0,0.0014797293,0
0,0.0074329483,0
0,0.012321289,0
0,0.0036446932,0
0,0.026581444,0
0,0.05946164,0
0,0.009059903,0
0,0.042094305,0
0,0.033505403,0
0,0.065380104,0
0,0.014338325,0
0,0.036002357,0
0,0.022274116,0
0,0.010932413,0
0,0.01719371,0
0,0.020253096,0
0,0.0145193795,0
0,0.0014644,0
0,0.07530085,0
0,0.002717547,0
0,0.02156504,0
0,0.0034738537,0
0,0.0024516294,0
0,0.01718807,0
0,0.016568616,0
0,0.010662542,0
0,0.033116836,0
0,0.020062674,0
0,0.10016188,0
1,0.39040157,1
0,0.027025973,0
0,0.020073144,0
0,0.0135616325,0
0,0.0047884905,0
0,0.04832005,0
0,0.020834435,0
0,0.033778228,0
0,0.015009651,0
0,0.009568094,0
0,0.005330041,0
0,0.0044844574,0
0,0.12634972,0
0,0.01903451,0
0,0.1769378,0
0,0.043539606,0
0,0.0076238792,0
0,0.026638972,0
1,0.69808763,1
0,0.003361487,0
0,0.02279829,0
0,0.011002964,0
0,0.11406626,0
0,0.046638273,0
0,0.035367522,0
0,0.010668197,0
0,0.013691757,0
0,0.050183807,0
0,0.0330938,0
0,0.019815885,0
0,0.032052502,0
0,0.023646532,0
0,0.015836798,0
0,0.01409255,0
0,0.008614216,0
1,0.0633355,0
0,0.0034582396,0
0,0.007589378,0
0,0.018020336,0
0,0.017532704,0
1,0.36413598,1
0,0.04767922,0
0,0.014073852,0
0,0.027154213,0
0,0.035080466,0
0,0.0111769345,0
0,0.004751681,0
0,0.019386614,0
0,0.044197086,0
0,0.027010636,0
0,0.019748747,0
0,0.022255031,0
0,0.057785213,0
0,0.009921021,0
0,0.011392687,0
0,0.0065384284,0
0,0.02347986,0
1,0.27309498,0
0,0.0068168063,0
0,0.067092866,0
0,0.008475609,0
0,0.035905827,0
0,0.01820383,0
0,0.035421807,0
0,0.031383395,0
0,0.035917953,0
0,0.01807296,0
0,0.010761289,0
0,0.026643442,0
0,0.017998952,0
0,0.070626736,0
0,0.016967429,0
0,0.01595177,0
0,0.0047436734,0
0,0.04060224,0
0,0.008964397,0
0,0.014534903,0
0,0.008684385,0
0,0.0061359573,0
0,0.016753616,0
0,0.006366442,0
0,0.14376797,0
0,0.011970536,0
0,0.22402301,0
0,0.0027901186,0
0,0.08888347,0
1,0.2720791,0
0,0.027462743,0
0,0.025288887,0
0,0.003968417,0
0,0.011942134,0
0,0.017891167,0
0,0.0038106167,0
0,0.0038053184,0
0,0.0041573117,0
0,0.01799295,0
0,0.0015726823,0
0,0.007807518,0
0,0.099966615,0
0,0.0019909572,0
0,0.248223,0
0,0.016451063,0
0,0.01976344,0
1,0.05237275,0
0,0.008770308,0
0,0.2392341,0
0,0.004386577,0
0,0.037203014,0
0,0.016846605,0
0,0.015568878,0
0,0.008329509,0
0,0.01937217,0
0,0.00092437764,0
0,0.008725759,0
0,0.015101921,0
0,0.0045876577,0
0,0.3346909,0
0,0.031090839,0
0,0.012816664,0
1,0.017555645,0
1,0.07540353,0
0,0.011315002,0
0,0.0124810105,0
0,0.007998457,0
1,0.07629854,0
0,0.18536565,0
0,0.058887936,0
0,0.020972546,0
0,0.033256344,0
0,0.018402668,0
0,0.0059697013,0
0,0.0025322733,0
0,0.013524729,0
0,0.016710343,0
0,0.050497945,0
0,0.055512726,0
0,0.014845702,0
0,0.029501004,0
0,0.011192075,0
0,0.035117093,0
0,0.0019674422,0
0,0.017022276,0
0,0.005520333,0
0,0.028537523,0
0,0.0059479587,0
0,0.0048254677,0
0,0.01251268,0
0,0.0031170363,0
0,0.03361266,0
0,0.005064946,0
0,0.0031789383,0
0,0.02317293,0
0,0.0089762835,0
0,0.012655497,0
0,0.078142,0
0,0.021375261,0
0,0.028040214,0
0,0.05053955,0
0,0.061463073,0
0,0.0025646153,0
0,0.022654431,0
0,0.02716036,0
0,0.021739196,0
0,0.039760634,0
0,0.084822,0
0,0.009337523,0
0,0.0052153217,0
0,0.015760748,0
0,0.03263029,0
0,0.013610384,0
0,0.007259753,0
0,0.00362513,0
0,0.010423202,0
0,0.035849568,0
0,0.014434889,0
0,0.08093059,0
0,0.020718772,0
0,0.009158007,0
0,0.002367679,0
0,0.034354188,0
0,0.04039903,0
0,0.009078176,0
0,0.124067105,0
0,0.000814355,0
0,0.015509501,0
0,0.05445566,0
0,0.0045688935,0
0,0.06113455,0
0,0.027632633,0
0,0.015697159,0
0,0.014649455,0
0,0.021602923,0
0,0.021686308,0
0,0.003398758,0
0,0.017739523,0
0,0.010181217,0
0,0.0055758418,0
0,0.003793059,0
0,0.037356164,0
0,0.005222662,0
0,0.01296579,0
1,0.19055651,0
0,0.028729152,0
0,0.029043267,0
0,0.022500902,0
0,0.043885455,0
0,0.017284699,0
0,0.042083614,0
0,0.06684883,0
0,0.0045691687,0
1,0.9511642,1
0,0.17632754,0
0,0.15182117,0
0,0.028790174,0
0,0.043028623,0
0,0.008109141,0
0,0.006549654,0
0,0.26884973,0
0,0.005828859,0
1,0.08038156,0
0,0.008236464,0
0,0.08919848,0
1,0.2199299,0
0,0.030456936,0
0,0.01563476,0
1,0.9787249,1
0,0.006346889,0
0,0.023496889,0
0,0.003798773,0
0,0.019852018,0
1,0.95824784,1
0,0.013540082,0
0,0.027554192,0
0,0.00895978,0
0,0.026132353,0
0,0.08399668,0
0,0.036677696,0
1,0.81347895,1
0,0.035035674,0
0,0.035374045,0
0,0.0073691662,0
0,0.14347193,0
0,0.031219825,0
0,0.0072448947,0
0,0.007732066,0
0,0.03468815,0
0,0.1357741,0
0,0.03285439,0
0,0.003877486,0
0,0.009720949,0
0,0.005476482,0
0,0.008438115,0
0,0.06918019,0
0,0.010969465,0
0,0.012492281,0
0,0.009096287,0
0,0.006780253,0
0,0.02052882,0
0,0.0029899406,0
0,0.069650844,0
0,0.0042287153,0
0,0.0050889403,0
0,0.0041583106,0
0,0.0052512162,0
0,0.01012489,0
0,0.024722144,0
0,0.028798232,0
0,0.049245026,0
0,0.015416597,0
0,0.0024469353,0
0,0.02181729,0
0,0.040483225,0
0,0.0045873183,0
0,0.0025170075,0
0,0.026048264,0
0,0.0027599484,0
0,0.0022362107,0
0,0.0027415233,0
1,0.007137107,0
0,0.007395663,0
0,0.04109233,0
0,0.03427158,0
0,0.004266358,0
0,0.0065132547,0
0,0.0065586423,0
0,0.032643728,0
0,0.007745185,0
0,0.0044945697,0
0,0.014350237,0
0,0.008305836,0
0,0.013979707,0
0,0.022611147,0
0,0.01596569,0
0,0.05347178,0
0,0.017693227,0
0,0.2126474,0
0,0.022546617,0
0,0.011453902,0
0,0.0070725526,0
0,0.0028197942,0
0,0.0036348086,0
0,0.03519478,0
0,0.026612436,0
0,0.028238673,0
0,0.005646758,0
0,0.027293568,0
0,0.01991204,0
0,0.002876888,0
0,0.004286946,0
0,0.006893446,0
0,0.0072701075,0
0,0.003342735,0
0,0.0027309903,0
0,0.004500785,0
0,0.020860367,0
0,0.016107868,0
0,0.02056394,0
0,0.014861072,0
0,0.008688635,0
0,0.09572991,0
1,0.1984413,0
0,0.02177266,0
0,0.113964505,0
1,0.7615523,1
0,0.06450048,0
0,0.0060105147,0
0,0.01592907,0
0,0.14757319,0
0,0.019616887,0
0,0.90915585,1
0,0.008354396,0
0,0.005640603,0
0,0.006470935,0
0,0.018630335,0
0,0.005796181,0
0,0.026766239,0
0,0.035485834,0
0,0.0035850059,0
0,0.0035206974,0
0,0.01626743,0
0,0.017781148,0
0,0.004222862,0
0,0.081692435,0
0,0.005794445,0
0,0.0091436,0
0,0.00728268,0
0,0.0034944254,0
0,0.015874105,0
0,0.03320863,0
0,0.0021084012,0
0,0.07660268,0
0,0.055077523,0
0,0.0062590474,0
0,0.03992656,0
0,0.030085228,0
0,0.0043014972,0
0,0.00954485,0
0,0.0041126255,0
0,0.00205611,0
1,0.98845196,1
0,0.017161187,0
0,0.0041575646,0
0,0.106160015,0
0,0.0073389523,0
0,0.0019198266,0
0,0.020553768,0
0,0.010944892,0
0,0.015193921,0
0,0.005834125,0
0,0.03372873,0
1,0.016590757,0
0,0.006481876,0
0,0.027915834,0
0,0.036213946,0
1,0.053816006,0
0,0.021048835,0
0,0.011069863,0
0,0.051912557,0
0,0.015493047,0
0,0.009332703,0
0,0.01811969,0
0,0.13215946,0
0,0.015699927,0
0,0.012299257,0
0,0.10727556,0
0,0.008248918,0
0,0.14379291,0
0,0.007828456,0
1,0.37465072,1
0,0.025457704,0
0,0.033282094,0
0,0.016628392,0
0,0.01444494,0
0,0.0058782203,0
0,0.13221072,0
0,0.04577297,0
0,0.0016093135,0
0,0.007987942,0
0,0.41598642,1
0,0.008137111,0
0,0.07344311,0
0,0.0095214285,0
0,0.0026245085,0
0,0.045850467,0
0,0.007723616,0
0,0.004900548,0
0,0.020753495,0
0,0.01272759,0
0,0.010549817,0
0,0.010791997,0
1,0.15612978,0
0,0.02193248,0
0,0.007507735,0
0,0.020463664,0
0,0.019993553,0
0,0.015388806,0
0,0.001679151,0
0,0.007555006,0
0,0.0025313448,0
0,0.0116782505,0
0,0.04355191,0
0,0.011028908,0
0,0.0043757507,0
0,0.018099243,0
0,0.0234802,0
0,0.006508918,0
0,0.020626074,0
0,0.004953013,0
0,0.018793693,0
0,0.017596005,0
0,0.039805777,0
0,0.055849496,0
0,0.0041998024,0
0,0.03752459,0
0,0.0031117483,0
1,0.019208102,0
0,0.00898813,0
0,0.010959929,0
0,0.025076495,0
0,0.01791867,0
0,0.006757066,0
0,0.019263308,0
0,0.017902492,0
0,0.010530855,0
0,0.0018989897,0
0,0.1161052,0
0,0.0020528114,0
0,0.0047825202,0
0,0.005148225,0
0,0.0051426888,0
0,0.11847773,0
0,0.014360209,0
0,0.0030289034,0
0,0.031132331,0
0,0.0090834405,0
0,0.0026010256,0
0,0.010675366,0
0,0.021085624,0
0,0.0068167327,0
0,0.0137804,0
0,0.034345847,0
0,0.14828597,0
0,0.009311953,0
0,0.047532264,0
0,0.01810014,0
0,0.009652045,0
0,0.016538031,0
0,0.066484116,0
0,0.0047145486,0
0,0.0055922526,0
0,0.017808126,0
0,0.009972571,0
0,0.0077666296,0
0,0.016270133,0
0,0.015240998,0
0,0.035519224,0
1,0.9215514,1
0,0.021946236,0
0,0.007009064,0
0,0.0023827064,0
0,0.023430275,0
0,0.026043039,0
0,0.021075562,0
0,0.0074235434,0
0,0.024095139,0
0,0.006243114,0
0,0.041912023,0
0,0.026491748,0
0,0.07073195,0
0,0.005954534,0
0,0.0045613395,0
0,0.017941887,0
0,0.05441279,0
0,0.024213497,0
0,0.045117725,0
0,0.023867536,0
1,0.015305039,0
0,0.015674349,0
0,0.00173793,0
0,0.007975388,0
0,0.0073977355,0
0,0.005094634,0
0,0.3377232,0
0,0.008053256,0
0,0.019602938,0
0,0.23992161,0
0,0.0018118642,0
0,0.0026425526,0
0,0.0054105786,0
0,0.020878347,0
0,0.0125146955,0
0,0.0074692424,0
0,0.015912453,0
0,0.015849533,0
0,0.117147446,0
0,0.004848754,0
0,0.0051286025,0
0,0.02845362,0
0,0.023817655,0
0,0.003258961,0
0,0.001313398,0
0,0.022704098,0
0,0.08183197,0
0,0.03871161,0
0,0.096184656,0
0,0.1607264,0
0,0.0170693,0
0,0.0069872728,0
0,0.00936196,0
0,0.04607909,0
0,0.009601432,0
0,0.032720715,0
0,0.02316613,0
1,0.08089917,0
0,0.0056542405,0
0,0.06130334,0
0,0.01450022,0
0,0.03824271,0
0,0.0014726593,0
0,0.005006117,0
0,0.040931053,0
0,0.059518866,0
0,0.007837688,0
0,0.010294644,0
0,0.006423542,0
0,0.008311529,0
0,0.0045457534,0
0,0.087691896,0
1,0.70568424,1
0,0.003578442,0
0,0.0019897816,0
0,0.024398232,0
0,0.0070847087,0
0,0.022631178,0
0,0.0035880064,0
0,0.0072392793,0
0,0.014667376,0
0,0.010123104,0
0,0.0030561527,0
0,0.009374882,0
0,0.011750231,0
0,0.016849488,0
0,0.17750177,0
0,0.00355085,0
0,0.033907622,0
0,0.0023429361,0
0,0.009038344,0
1,0.77240133,1
0,0.002717848,0
0,0.014024381,0
0,0.009542326,0
0,0.043208443,0
0,0.026123757,0
0,0.0111970045,0
0,0.014515914,0
0,0.19563808,0
0,0.01441292,0
0,0.0043834727,0
0,0.013739232,0
0,0.016052252,0
0,0.002677385,0
0,0.019527445,0
0,0.013373306,0
0,0.09317724,0
0,0.0045794733,0
0,0.014309012,0
0,0.0046552494,0
0,0.03177527,0
0,0.009954387,0
0,0.024527946,0
0,0.03797682,0
0,0.0025591978,0
0,0.015263408,0
0,0.010655517,0
0,0.032859247,0
1,0.3433511,0
0,0.011386164,0
0,0.0196512,0
0,0.008398911,0
0,0.006644388,0
0,0.0086973,0
0,0.024322648,0
0,0.031746365,0
0,0.035034407,0
0,0.037146743,0
0,0.032536283,0
0,0.0072969906,0
0,0.0209657,0
0,0.0042949934,0
0,0.0047571454,0
0,0.037786692,0
0,0.010088872,0
0,0.18233989,0
0,0.00946755,0
0,0.015346207,0
0,0.0094220955,0
1,0.89485604,1
0,0.04881626,0
0,0.012339691,0
0,0.040491745,0
0,0.006783423,0
0,0.011614762,0
1,0.04153413,0
0,0.024700487,0
0,0.0066525885,0
0,0.0042109126,0
0,0.0041874405,0
0,0.022165183,0
0,0.021823207,0
0,0.011777038,0
0,0.058220986,0
0,0.0033053616,0
0,0.009537411,0
0,0.028226126,0
0,0.008833551,0
0,0.0048426213,0
0,0.004166642,0
0,0.1443805,0
0,0.030572725,0
0,0.04350485,0
1,0.073088415,0
0,0.024608225,0
0,0.011369472,0
0,0.036947623,0
0,0.008972245,0
0,0.007547466,0
0,0.0040656887,0
0,0.035574537,0
0,0.24571028,0
0,0.012027879,0
0,0.016498981,0
0,0.0035986088,0
0,0.026350467,0
0,0.007776624,0
0,0.03006985,0
0,0.0031842645,0
0,0.04466421,0
0,0.058106102,0
0,0.016331661,0
0,0.0036962125,0
0,0.013604554,0
0,0.027095824,0
0,0.008217481,0
0,0.015620806,0
0,0.010174031,0
0,0.05838282,0
0,0.0139242755,0
1,0.027410366,0
0,0.0030249446,0
0,0.006524814,0
0,0.07044425,0
0,0.0026485575,0
0,0.010046961,0
0,0.006115789,0
0,0.0064388867,0
0,0.01005729,0
0,0.012240509,0
0,0.0067390823,0
0,0.008388021,0
0,0.025038712,0
0,0.0038421114,0
0,0.004137733,0
0,0.0027842526,0
0,0.010007881,0
0,0.012816278,0
0,0.0029901324,0
0,0.0048495107,0
0,0.009872404,0
0,0.072921015,0
0,0.0073218527,0
0,0.004639811,0
1,0.9615216,1
0,0.058201984,0
0,0.035891145,0
0,0.0031998418,0
0,0.02755611,0
0,0.009770798,0
0,0.019601816,0
0,0.025941392,0
0,0.05732276,0
0,0.010247088,0
0,0.009118267,0
0,0.040550802,0
0,0.0038600692,0
0,0.017070374,0
0,0.0023572226,0
0,0.018928332,0
0,0.02855559,0
0,0.018880637,0
0,0.01637533,0
0,0.008837697,0
0,0.0050506853,0
1,0.5544092,1
0,0.029885227,0
0,0.004269268,0
0,0.0072213574,0
0,0.00983128,0
0,0.0147952745,0
0,0.044492774,0
0,0.017181845,0
0,0.011397506,0
0,0.012617218,0
0,0.0047760564,0
0,0.26960388,0
0,0.023203678,0
0,0.022568375,0
0,0.06165492,0
0,0.0038410728,0
0,0.012176823,0
0,0.021040559,0
0,0.01875375,0
0,0.013332672,0
0,0.018154334,0
0,0.027031377,0
0,0.03042742,0
0,0.0020624404,0
0,0.014931816,0
0,0.0025952638,0
0,0.008309041,0
0,0.015440239,0
0,0.007574868,0
0,0.010400479,0
0,0.0018340722,0
0,0.00091782486,0
0,0.0028814126,0
0,0.016372425,0
0,0.013603229,0
0,0.011316506,0
0,0.19781582,0
0,0.008883955,0
0,0.0021933643,0
0,0.052851316,0
0,0.009346062,0
0,0.011993748,0
0,0.028850265,0
0,0.008588883,0
0,0.05349901,0
0,0.0060610627,0
0,0.01237314,0
0,0.022244569,0
0,0.004887038,0
0,0.016010664,0
0,0.002850327,0
0,0.015662715,0
0,0.0030838007,0
0,0.01479223,0
0,0.003500122,0
0,0.0010755791,0
0,0.0027722965,0
0,0.006690512,0
0,0.004523654,0
0,0.009375418,0
0,0.016441528,0
0,0.0077562225,0
0,0.0035286457,0
0,0.11011942,0
0,0.06412307,0
0,0.07305142,0
0,0.015155149,0
0,0.010802809,0
0,0.06028526,0
0,0.058559995,0
0,0.1447378,0
0,0.0077669094,0
0,0.015306397,0
0,0.0028320516,0
0,0.011239011,0
0,0.005746682,0
0,0.007786248,0
0,0.015098161,0
0,0.016887777,0
0,0.008055321,0
0,0.038324848,0
0,0.0504182,0
0,0.03139687,0
0,0.07277353,0
0,0.002507002,0
1,0.024033166,0
0,0.025526863,0
0,0.020634307,0
1,0.9289778,1
1,0.0431368,0
0,0.0038383664,0
0,0.013641082,0
0,0.022066822,0
0,0.019061605,0
0,0.15595743,0
0,0.007532761,0
0,0.044991583,0
0,0.0061661745,0
0,0.0068345373,0
0,0.027259199,0
0,0.0037671672,0
0,0.002347688,0
0,0.0066238153,0
0,0.0078033186,0
0,0.103029326,0
0,0.022546617,0
0,0.02912529,0
0,0.005427957,0
0,0.016342243,0
0,0.0061754826,0
0,0.08597018,0
0,0.05739001,0
0,0.032760248,0
0,0.06378686,0
0,0.012970033,0
0,0.0021387902,0
0,0.011260339,0
0,0.018984878,0
0,0.0036400864,0
0,0.020913864,0
0,0.0087893475,0
1,0.9921681,1
0,0.040443365,0
0,0.018245602,0
0,0.0050754286,0
0,0.036445536,0
0,0.037722934,0
0,0.046747625,0
0,0.0035263211,0
0,0.013664244,0
0,0.13931416,0
0,0.006050237,0
1,0.08892572,0
0,0.010405627,0
0,0.008213627,0
0,0.06352396,0
0,0.0047943546,0
0,0.006250417,0
0,0.026675476,0
0,0.0142373815,0
0,0.020532247,0
0,0.019915424,0
0,0.009669001,0
0,0.013203063,0
0,0.011609043,0
0,0.004513168,0
0,0.04339773,0
0,0.0067584324,0
0,0.022919877,0
0,0.15561286,0
0,0.007034041,0
0,0.019025244,0
0,0.009968863,0
0,0.022779038,0
0,0.0022911287,0
0,0.0049332525,0
0,0.00663517,0
0,0.036894865,0
0,0.018255273,0
0,0.0054443926,0
0,0.06552511,0
0,0.006732606,0
0,0.010529274,0
0,0.0036035175,0
0,0.01185936,0
0,0.005596518,0
0,0.0045817452,0
0,0.01302833,0
0,0.020419877,0
0,0.028952915,0
0,0.0027295218,0
0,0.07362056,0
0,0.0049168402,0
0,0.018700741,0
0,0.026058046,0
0,0.0115996525,0
0,0.0035448289,0
0,0.03765515,0
0,0.010830487,0
0,0.01039152,0
0,0.0050251517,0
0,0.016761174,0
0,0.0035123692,0
0,0.09971756,0
0,0.019256957,0
0,0.0023593353,0
0,0.010419296,0
0,0.006962068,0
0,0.0046153846,0
0,0.0011454037,0
0,0.00082808424,0
0,0.013886732,0
0,0.0066517247,0
0,0.034123357,0
0,0.021284198,0
0,0.04765288,0
0,0.0054607973,0
0,0.01723721,0
0,0.00613973,0
0,0.04942388,0
0,0.033823263,0
0,0.061687503,0
0,0.01895323,0
0,0.035270903,0
0,0.009594787,0
0,0.0268602,0
0,0.01305858,0
0,0.030708537,0
0,0.019181756,0
0,0.0052059074,0
0,0.011087161,0
0,0.014866532,0
0,0.0031413275,0
0,0.0096364,0
0,0.07976561,0
0,0.0030339833,0
0,0.016803307,0
0,0.02099812,0
0,0.02814332,0
0,0.023765393,0
0,0.07600332,0
0,0.010871909,0
0,0.021580966,0
0,0.008354503,0
0,0.0037478607,0
0,0.06015467,0
0,0.0076914174,0
0,0.0041339956,0
0,0.15491545,0
0,0.010000386,0
0,0.009220563,0
0,0.0032880392,0
0,0.0118451305,0
0,0.011095575,0
0,0.0313077,0
0,0.015723363,0
0,0.020721234,0
0,0.011749417,0
0,0.0026758525,0
0,0.07334709,0
0,0.011144208,0
0,0.006847026,0
0,0.009521937,0
0,0.07504059,0
0,0.00299914,0
0,0.0066211238,0
0,0.025648396,0
0,0.024545724,0
0,0.05245685,0
0,0.15610702,0
0,0.0015303604,0
0,0.006970222,0
1,0.028869228,0
0,0.006949766,0
1,0.25238708,0
1,0.06400168,0
0,0.017931657,0
0,0.0034353014,0
0,0.0072995634,0
0,0.010364855,0
0,0.0070362133,0
0,0.037786078,0
0,0.012304947,0
0,0.032143537,0
0,0.0050502084,0
0,0.023375344,0
0,0.009973108,0
0,0.007657134,0
0,0.23715493,0
0,0.029990813,0
0,0.0008414308,0
0,0.0053850887,0
0,0.0018994379,0
0,0.009476327,0
0,0.023893533,0
0,0.003072351,0
0,0.02114066,0
0,0.008548989,0
0,0.011119895,0
0,0.008946871,0
0,0.025083328,0
0,0.046523813,0
0,0.002709192,0
0,0.07470833,0
0,0.021444354,0
0,0.0062319175,0
0,0.0046332553,0
0,0.12662663,0
0,0.0021655436,0
0,0.00613628,0
0,0.01767271,0
0,0.0038497073,0
0,0.012675168,0
0,0.05363355,0
0,0.0059171016,0
0,0.028988058,0
0,0.057875134,0
0,0.04342061,0
0,0.0049338983,0
0,0.018761005,0
0,0.0019645137,0
0,0.0032499048,0
0,0.0026141305,0
0,0.037602015,0
0,0.013559712,0
0,0.001495713,0
0,0.019054567,0
0,0.04212293,0
0,0.018650629,0
0,0.020534702,0
0,0.0067723165,0
0,0.0054859594,0
0,0.013441869,0
0,0.0019935253,0
0,0.025438234,0
0,0.02933656,0
0,0.01250049,0
0,0.020442633,0
0,0.039131884,0
0,0.04978647,0
0,0.040164907,0
0,0.003853103,0
0,0.017340692,0
0,0.010113518,0
0,0.014814804,0
0,0.0061089178,0
0,0.7361224,1
0,0.0050826455,0
0,0.014137964,0
0,0.025746347,0
0,0.02805318,0
0,0.0044309394,0
0,0.0047579654,0
0,0.060505804,0
0,0.02245396,0
1,0.17747594,0
0,0.011452461,0
0,0.024506353,0
0,0.019346366,0
0,0.0060554096,0
0,0.15146905,0
0,0.10334425,0
0,0.0138810845,0
0,0.15599833,0
0,0.01240818,0
0,0.010053379,0
0,0.06589964,0
0,0.08416588,0
0,0.010078538,0
0,0.0044283844,0
0,0.022391988,0
0,0.17404214,0
0,0.02374074,0
1,0.627389,1
0,0.004860387,0
0,0.01721306,0
1,0.045147356,0
0,0.004394047,0
0,0.0045310487,0
0,0.0044308743,0
0,0.0026025984,0
0,0.07130247,0
0,0.003871724,0
0,0.0055493247,0
0,0.13579294,0
0,0.026244387,0
0,0.028902005,0
0,0.0031181255,0
0,0.03458558,0
0,0.029162372,0
0,0.008177538,0
0,0.01269178,0
0,0.010034102,0
0,0.02795786,0
0,0.0070329057,0
0,0.013735859,0
0,0.00279197,0
0,0.0021309268,0
0,0.005096708,0
0,0.005041899,0
0,0.019041095,0
0,0.10414343,0
1,0.80097675,1
0,0.09387987,0
0,0.0125185205,0
0,0.050177794,0
0,0.018763006,0
0,0.0023349482,0
0,0.007304735,0
0,0.08160952,0
0,0.016615741,0
0,0.007452604,0
0,0.0074882247,0
0,0.007137181,0
0,0.0042396383,0
0,0.014241939,0
0,0.058500946,0
0,0.030265529,0
0,0.08696733,0
0,0.011693401,0
0,0.012532398,0
0,0.007134688,0
0,0.0059609558,0
0,0.06720307,0
0,0.022476902,0
0,0.004634933,0
0,0.003913217,0
0,0.004713405,0
0,0.005920056,0
0,0.063745864,0
0,0.054992825,0
0,0.01112749,0
0,0.004605736,0
0,0.0053485828,0
0,0.07382624,0
0,0.006252623,0
0,0.041001763,0
0,0.018428769,0
0,0.0071872897,0
0,0.004434742,0
0,0.008742768,0
0,0.010882682,0
0,0.059003845,0
0,0.023611499,0
0,0.07277507,0
0,0.030779155,0
0,0.010097105,0
0,0.0033412122,0
0,0.003910261,0
0,0.031154338,0
0,0.0077599566,0
0,0.0065170075,0
0,0.0033317092,0
0,0.030372087,0
0,0.015670884,0
0,0.0060914303,0
0,0.0066253245,0
1,0.0095888795,0
0,0.009190224,0
0,0.0042019864,0
0,0.0058646603,0
0,0.0051590847,0
0,0.017664641,0
0,0.011093018,0
0,0.013793516,0
0,0.018776584,0
0,0.036081605,0
0,0.012251058,0
0,0.021593375,0
0,0.006135033,0
0,0.004581954,0
0,0.0068139047,0
0,0.113682054,0
0,0.08082401,0
0,0.0603497,0
0,0.012629278,0
0,0.006341112,0
0,0.010648667,0
0,0.015519406,0
0,0.015787177,0
0,0.010811588,0
0,0.003929059,0
0,0.021804174,0
0,0.019836437,0
0,0.079391725,0
0,0.0036010272,0
0,0.06805525,0
0,0.08222249,0
0,0.0023023568,0
0,0.0063784793,0
0,0.023102475,0
0,0.09507112,0
0,0.016819742,0
0,0.030285722,0
0,0.25128213,0
0,0.013730439,0
0,0.02931364,0
0,0.0039648395,0
0,0.03568686,0
0,0.017261267,0
0,0.01884341,0
0,0.0017096406,0
0,0.096917875,0
0,0.013739451,0
0,0.030591192,0
0,0.007833577,0
0,0.07050531,0
0,0.024633719,0
0,0.0062722117,0
0,0.0026172204,0
0,0.015128064,0
0,0.0049990816,0
0,0.03829182,0
0,0.012674768,0
0,0.007908867,0
0,0.025110504,0
0,0.018856484,0
0,0.012812979,0
0,0.020993367,0
0,0.013492182,0
0,0.15245835,0
0,0.0037049323,0
0,0.012171587,0
0,0.011566967,0
0,0.004199938,0
0,0.0031397748,0
0,0.014309079,0
0,0.012701858,0
0,0.019583208,0
0,0.48176324,1
0,0.020219326,0
0,0.007699923,0
0,0.036278218,0
0,0.0012407327,0
0,0.017711045,0
0,0.009790387,0
0,0.043708943,0
0,0.022615721,0
0,0.039851725,0
0,0.012623291,0
0,0.011255848,0
0,0.009655446,0
0,0.008447748,0
0,0.009648736,0
0,0.0075500384,0
0,0.0031602266,0
0,0.00804116,0
0,0.025291936,0
0,0.01790992,0
0,0.005053423,0
0,0.004454808,0
0,0.018001722,0
0,0.02693231,0
0,0.024167972,0
0,0.022546617,0
0,0.020360777,0
0,0.03590558,0
1,0.65936244,1
0,0.02105945,0
0,0.007933752,0
0,0.011272699,0
0,0.00798818,0
0,0.009487568,0
0,0.043692235,0
0,0.009884125,0
0,0.0047055264,0
0,0.09507781,0
0,0.0075608147,0
0,0.09684315,0
0,0.020395977,0
0,0.020732632,0
0,0.01078932,0
0,0.15650345,0
0,0.016613202,0
0,0.0059403908,0
0,0.030883504,0
0,0.012048545,0
0,0.023551853,0
0,0.0042861584,0
0,0.058203954,0
0,0.00308674,0
0,0.01250947,0
0,0.002240333,0
0,0.019378554,0
0,0.017692912,0
0,0.010725368,0
0,0.0030490973,0
0,0.07945215,0
0,0.006079317,0
0,0.0042089815,0
0,0.04836039,0
0,0.005233978,0
0,0.008690914,0
0,0.011092494,0
0,0.027624944,0
0,0.046610188,0
0,0.002723629,0
0,0.0024249258,0
0,0.0091951145,0
0,0.0049025086,0
0,0.01560349,0
0,0.0071034436,0
0,0.022200137,0
0,0.006769985,0
0,0.0038214347,0
0,0.019389555,0
0,0.018337427,0
0,0.04659565,0
0,0.0058848616,0
0,0.015690042,0
0,0.11127176,0
0,0.0088245245,0
0,0.0059694354,0
1,0.21679324,0
0,0.067596145,0
0,0.013097205,0
0,0.055792373,0
0,0.0071669137,0
0,0.1021715,0
0,0.01750452,0
1,0.92414284,1
0,0.011339422,0
0,0.28018406,0
0,0.0027089783,0
0,0.008286122,0
0,0.007090682,0
0,0.052312743,0
0,0.2713767,0
0,0.0042797974,0
0,0.018535826,0
0,0.020351838,0
0,0.008753664,0
0,0.017085453,0
0,0.012896152,0
0,0.010001798,0
0,0.006414039,0
0,0.34718668,0
0,0.04184745,0
0,0.004655174,0
0,0.0062661245,0
0,0.002056524,0
0,0.008884047,0
0,0.018337427,0
0,0.017379899,0
0,0.018349107,0
0,0.014059621,0
0,0.0021842094,0
0,0.024433095,0
1,0.10273003,0
0,0.0014373892,0
0,0.026190875,0
0,0.34731477,0
0,0.12156033,0
0,0.010431566,0
0,0.06692643,0
0,0.003919447,0
0,0.007252684,0
0,0.010918902,0
0,0.03719041,0
0,0.07597026,0
0,0.017873557,0
1,0.030741965,0
0,0.009890753,0
0,0.01229767,0
0,0.021113452,0
0,0.004203449,0
0,0.003120946,0
0,0.0034117054,0
0,0.04042367,0
0,0.00328996,0
0,0.026197413,0
0,0.0065624556,0
0,0.0055348994,0
0,0.006180823,0
0,0.03480423,0
0,0.012403132,0
0,0.24368617,0
0,0.02565804,0
0,0.010791045,0
0,0.018763365,0
0,0.03002181,0
0,0.011746875,0
0,0.063881874,0
0,0.007863642,0
0,0.004088776,0
0,0.0530269,0
0,0.038865887,0
0,0.13509622,0
0,0.0028308143,0
0,0.0081101535,0
0,0.0038674027,0
0,0.011487733,0
0,0.0033454783,0
0,0.013717248,0
0,0.022461388,0
0,0.02125559,0
1,0.052652717,0
0,0.011151373,0
0,0.019932104,0
0,0.014758315,0
0,0.023126809,0
0,0.003009944,0
0,0.010452032,0
0,0.024306014,0
1,0.8086259,1
0,0.0052006375,0
0,0.05667455,0
0,0.0026147694,0
0,0.0032006954,0
0,0.0030891532,0
0,0.031569842,0
0,0.0016887713,0
0,0.0038673698,0
0,0.025509965,0
0,0.00958323,0
0,0.015342539,0
0,0.016845023,0
0,0.0053492375,0
0,0.0060092183,0
0,0.007924131,0
0,0.021228231,0
0,0.015053329,0
0,0.0721872,0
0,0.01720086,0
0,0.0040344186,0
0,0.007613597,0
0,0.016209615,0
1,0.76956254,1
0,0.02984223,0
0,0.018699916,0
0,0.024142388,0
0,0.0115848025,0
0,0.04971668,0
0,0.007582198,0
0,0.037535526,0
0,0.026330605,0
0,0.012015817,0
0,0.12850133,0
0,0.0055514937,0
0,0.024077663,0
0,0.047645826,0
0,0.015513381,0
0,0.010692794,0
0,0.007184646,0
0,0.0037155554,0
0,0.02755191,0
0,0.021889536,0
0,0.010539857,0
0,0.020380992,0
0,0.008300465,0
0,0.011493269,0
0,0.029743722,0
0,0.0044940533,0
0,0.12414405,0
0,0.009669298,0
0,0.019433895,0
0,0.18040963,0
0,0.029069386,0
0,0.02719952,0
0,0.0047771716,0
0,0.004883519,0
0,0.0057733064,0
0,0.0330824,0
0,0.024119196,0
0,0.008200229,0
0,0.0020773278,0
0,0.006350498,0
0,0.025749791,0
0,0.0013964522,0
0,0.26052463,0
0,0.059112735,0
1,0.9927527,1
0,0.0049475865,0
0,0.018449485,0
0,0.009110357,0
0,0.004395927,0
0,0.498126,1
0,0.06749777,0
0,0.0076958262,0
0,0.004167085,0
0,0.15250471,0
0,0.019655459,0
0,0.08069841,0
0,0.036153182,0
0,0.011722417,0
0,0.03267403,0
0,0.017617928,0
0,0.0030012166,0
0,0.015709009,0
0,0.013807833,0
0,0.12468,0
0,0.0056138895,0
0,0.007320917,0
0,0.022250326,0
0,0.026423752,0
0,0.005108368,0
0,0.075340405,0
0,0.0045542866,0
0,0.051369973,0
0,0.048501108,0
0,0.033803467,0
0,0.00512698,0
0,0.02335586,0
0,0.029202249,0
0,0.10291003,0
0,0.040952463,0
0,0.004010798,0
0,0.0042027747,0
0,0.009153027,0
0,0.0019205596,0
0,0.01591842,0
0,0.0070835277,0
0,0.03866582,0
0,0.022507956,0
0,0.0063707987,0
0,0.026720254,0
0,0.0018138713,0
0,0.030760122,0
0,0.002683122,0
0,0.0038862424,0
0,0.0054383157,0
0,0.014721344,0
0,0.017443595,0
0,0.013364671,0
0,0.01650501,0
0,0.008461482,0
0,0.0039360356,0
0,0.0026553986,0
0,0.012914028,0
0,0.008419858,0
0,0.0125954,0
0,0.009312599,0
0,0.020996194,0
0,0.005526371,0
0,0.0112189455,0
0,0.1030704,0
0,0.008967015,0
0,0.03060863,0
0,0.01593383,0
0,0.013875981,0
0,0.012156575,0
0,0.0062823724,0
0,0.0025298416,0
0,0.04944074,0
0,0.001371125,0
0,0.022298345,0
0,0.013919503,0
0,0.0036469968,0
0,0.024025125,0
0,0.009696527,0
0,0.014936459,0
1,0.034501456,0
0,0.042229485,0
0,0.024557006,0
0,0.06800087,0
0,0.053390834,0
0,0.0024038705,0
0,0.08166579,0
0,0.3706927,1
0,0.02263882,0
0,0.07780756,0
0,0.005059482,0
0,0.008995987,0
0,0.209157,0
0,0.0018719514,0
0,0.016687449,0
0,0.056356627,0
1,0.9780506,1
0,0.038958546,0
0,0.028767435,0
0,0.03837243,0
0,0.020222817,0
0,0.03199575,0
0,0.028432878,0
0,0.0058441344,0
0,0.020002732,0
0,0.02010636,0
0,0.02558289,0
0,0.027428022,0
0,0.26410037,0
0,0.0052768444,0
0,0.0031118176,0
0,0.008734251,0
0,0.046536546,0
0,0.0038260354,0
0,0.019599993,0
0,0.03589264,0
0,0.031702228,0
0,0.004431884,0
0,0.0023060937,0
0,0.0076452447,0
0,0.0048359986,0
0,0.016979316,0
0,0.02185169,0
0,0.02515866,0
0,0.033824965,0
0,0.005268444,0
0,0.008281606,0
0,0.011284956,0
0,0.019928416,0
0,0.0046698744,0
0,0.03086134,0
0,0.016568623,0
0,0.032609902,0
0,0.0075587896,0
0,0.008657227,0
0,0.018337427,0
0,0.004774547,0
0,0.02109897,0
0,0.10695739,0
0,0.0030570158,0
0,0.050681476,0
0,0.002185122,0
0,0.0031253344,0
0,0.024311164,0
0,0.036331687,0
0,0.0034904028,0
0,0.46048048,1
0,0.005752417,0
0,0.019387158,0
0,0.017925898,0
0,0.010880685,0
0,0.0061518843,0
0,0.016846146,0
0,0.03413403,0
0,0.0071469396,0
0,0.018002093,0
0,0.013854023,0
0,0.06989108,0
0,0.003159111,0
0,0.004425333,0
0,0.00827901,0
0,0.0017403216,0
0,0.0024425094,0
0,0.006579036,0
0,0.0171858,0
0,0.008187461,0
0,0.012994551,0
0,0.022210635,0
0,0.016532797,0
0,0.016171934,0
0,0.036824115,0
0,0.048744712,0
0,0.02861997,0
0,0.0013512926,0
0,0.025504798,0
0,0.006559024,0
0,0.071931764,0
0,0.0033411502,0
0,0.02221588,0
0,0.344554,0
0,0.016600315,0
0,0.0076353815,0
0,0.009937694,0
0,0.030108552,0
0,0.016901288,0
0,0.007890559,0
0,0.014581825,0
1,0.3905948,1
0,0.015036364,0
0,0.04354323,0
0,0.0300866,0
1,0.2214457,0
0,0.020588031,0
1,0.19395646,0
0,0.016968813,0
0,0.0042369957,0
0,0.003968996,0
0,0.0019346948,0
0,0.03315265,0
0,0.0040646074,0
0,0.0037003376,0
0,0.0040466953,0
0,0.006241055,0
0,0.031974785,0
0,0.008629178,0
0,0.011194102,0
0,0.0031928336,0
0,0.005477407,0
0,0.41687265,1
0,0.015022889,0
0,0.0050453134,0
0,0.0076718335,0
0,0.012508952,0
0,0.0062627527,0
0,0.1383631,0
0,0.0159761,0
0,0.008879942,0
0,0.005348525,0
0,0.100619316,0
0,0.0035986172,0
0,0.00093240006,0
0,0.0029338817,0
0,0.0049900766,0
0,0.005210777,0
0,0.07374967,0
0,0.005341832,0
0,0.01260504,0
0,0.007798248,0
0,0.06740324,0
0,0.012739621,0
0,0.0105818305,0
0,0.074304365,0
0,0.013998591,0
0,0.0059085367,0
0,0.016051952,0
0,0.0052644294,0
0,0.02045449,0
0,0.002809779,0
0,0.0101278825,0
0,0.014144545,0
0,0.10267472,0
0,0.020817759,0
0,0.026684167,0
0,0.008277194,0
0,0.003155017,0
0,0.03965835,0
0,0.027867299,0
0,0.11306666,0
0,0.05022037,0
0,0.011715619,0
1,0.5526084,1
0,0.008861181,0
0,0.30470815,0
0,0.017134957,0
0,0.017083803,0
0,0.0017120749,0
0,0.012203,0
0,0.008891482,0
0,0.0077621257,0
0,0.019736119,0
0,0.0049058385,0
0,0.0067760185,0
0,0.0028337124,0
0,0.046572223,0
0,0.011275872,0
0,0.01526398,0
0,0.0022691805,0
0,0.0138898725,0
0,0.0134321535,0
0,0.024002178,0
0,0.0038043354,0
1,0.826937,1
0,0.045912854,0
0,0.01426846,0
0,0.011045012,0
0,0.006340805,0
0,0.0027231316,0
0,0.008809935,0
0,0.0023088227,0
0,0.018016411,0
0,0.011515817,0
0,0.01977437,0
0,0.02038455,0
0,0.0058012474,0
0,0.010345005,0
0,0.035088733,0
0,0.008626437,0
0,0.0029356636,0
0,0.0069936085,0
0,0.0032895443,0
0,0.021397585,0
0,0.0051021874,0
0,0.008815137,0
0,0.011866432,0
0,0.006680471,0
0,0.02373795,0
0,0.018198943,0
0,0.020084416,0
0,0.023891764,0
0,0.007044033,0
0,0.007687659,0
0,0.033083286,0
0,0.036627203,0
0,0.010094789,0
0,0.015527415,0
0,0.0060403063,0
0,0.0116232,0
0,0.020608088,0
0,0.006318588,0
0,0.08718297,0
0,0.035411112,0
0,0.0031742803,0
0,0.043996934,0
0,0.011772483,0
0,0.091427684,0
0,0.05400964,0
0,0.012309462,0
1,0.5498662,1
0,0.0022186232,0
0,0.022312097,0
0,0.14382835,0
0,0.0033435533,0
1,0.9781814,1
0,0.021379111,0
0,0.007068375,0
0,0.012996498,0
0,0.015466346,0
0,0.015976721,0
0,0.0333454,0
0,0.0056783743,0
0,0.0056125293,0
0,0.013072187,0
0,0.0064814338,0
0,0.015897997,0
0,0.0050990637,0
0,0.006014196,0
0,0.013210453,0
0,0.01646989,0
1,0.009691186,0
0,0.003795543,0
0,0.014417832,0
0,0.01588687,0
0,0.01360861,0
0,0.24528494,0
0,0.015938781,0
0,0.0050271214,0
0,0.008425748,0
0,0.025456885,0
0,0.015531286,0
0,0.038145613,0
0,0.0207092,0
0,0.023675276,0
0,0.0040631755,0
0,0.018241895,0
0,0.0058150366,0
0,0.022931209,0
0,0.014960135,0
0,0.014571434,0
1,0.913568,1
0,0.07471847,0
0,0.031502225,0
0,0.0054523614,0
0,0.0046316613,0
0,0.013427782,0
0,0.0028824182,0
0,0.02662569,0
0,0.013859893,0
0,0.005432539,0
0,0.18683197,0
0,0.0045371954,0
0,0.018217815,0
0,0.035523284,0
0,0.01496164,0
0,0.017582228,0
0,0.013626051,0
0,0.016229983,0
0,0.0050802683,0
0,0.012874506,0
0,0.0031878129,0
0,0.013653708,0
0,0.020969199,0
0,0.020163866,0
0,0.023752792,0
0,0.013650471,0
0,0.06262034,0
0,0.026713146,0
0,0.001290871,0
0,0.0017500452,0
0,0.019530302,0
0,0.009515548,0
0,0.65770596,1
0,0.015005202,0
0,0.0025893224,0
0,0.013494956,0
0,0.009304855,0
0,0.008122542,0
0,0.045685615,0
0,0.013403849,0
0,0.0057695336,0
0,0.011697132,0
0,0.0071904273,0
0,0.0077580293,0
0,0.048623517,0
0,0.008143844,0
0,0.013669822,0
0,0.0022962627,0
0,0.036710378,0
0,0.05940083,0
0,0.03611619,0
0,0.0032597529,0
0,0.011285121,0
0,0.051858358,0
0,0.0060576857,0
0,0.024535017,0
0,0.13307875,0
0,0.016769059,0
0,0.014367621,0
0,0.0013731205,0
0,0.025193838,0
0,0.14069892,0
0,0.010726957,0
0,0.0059206365,0
0,0.5662049,1
0,0.017313767,0
0,0.017410764,0
0,0.031819403,0
0,0.005421441,0
0,0.04177183,0
0,0.006159121,0
0,0.008245798,0
0,0.03459205,0
0,0.009172061,0
0,0.020750564,0
0,0.017128348,0
0,0.027140768,0
0,0.003991738,0
0,0.024522096,0
0,0.0036171991,0
0,0.0028888215,0
0,0.006495297,0
0,0.0060620396,0
0,0.012583587,0
0,0.029472144,0
0,0.010559607,0
0,0.0033305744,0
0,0.0056423475,0
0,0.0056895963,0
0,0.047269754,0
0,0.026526226,0
0,0.011338417,0
0,0.08824088,0
0,0.010537714,0
0,0.0075544133,0
0,0.09394814,0
0,0.010166039,0
0,0.03970409,0
0,0.06966755,0
0,0.003800775,0
0,0.0021625678,0
0,0.017522646,0
0,0.009637156,0
0,0.027148807,0
0,0.025313362,0
0,0.004047316,0
0,0.009019018,0
0,0.030673873,0
0,0.004512026,0
0,0.035190564,0
0,0.0102615915,0
0,0.010570498,0
0,0.0058033136,0
0,0.017554164,0
0,0.03961424,0
0,0.042809363,0
0,0.042736698,0
0,0.004440337,0
0,0.041374523,0
0,0.009961838,0
0,0.009130684,0
0,0.07210271,0
0,0.025634535,0
0,0.004265544,0
0,0.0068231826,0
0,0.008228529,0
0,0.0041584945,0
0,0.0052170935,0
0,0.00889402,0
0,0.0049752938,0
0,0.02506851,0
0,0.14800237,0
0,0.0050643403,0
0,0.006146959,0
0,0.030228863,0
0,0.08114065,0
0,0.017867975,0
0,0.10264029,0
0,0.050562494,0
0,0.06158594,0
0,0.0061060004,0
0,0.031485736,0
0,0.005830492,0
0,0.0035707892,0
0,0.0033148713,0
0,0.0058719707,0
0,0.28280658,0
0,0.008072393,0
0,0.0075884014,0
0,0.015888734,0
0,0.0052416753,0
0,0.005184619,0
0,0.010440912,0
0,0.017022578,0
0,0.0110441,0
0,0.012821027,0
0,0.02026477,0
0,0.004940683,0
0,0.05296356,0
0,0.09334625,0
0,0.023148892,0
0,0.05892415,0
0,0.005900949,0
0,0.00811568,0
0,0.02316114,0
0,0.009073943,0
0,0.028873092,0
0,0.03395622,0
0,0.019374104,0
0,0.0049180887,0
0,0.0072353804,0
0,0.065583736,0
0,0.1129187,0
0,0.0048768106,0
0,0.0069101374,0
0,0.00380119,0
0,0.15102945,0
0,0.027534153,0
0,0.009191818,0
0,0.008099302,0
0,0.024340328,0
0,0.052443504,0
0,0.014392322,0
0,0.006116891,0
0,0.016683694,0
0,0.006546136,0
0,0.0045944,0
0,0.015616571,0
0,0.034000773,0
0,0.0018015115,0
0,0.012751111,0
0,0.0015830013,0
0,0.016214414,0
1,0.09908688,0
0,0.028434856,0
0,0.026661132,0
1,0.18509455,0
0,0.011807705,0
0,0.016612127,0
0,0.0028131627,0
0,0.010679607,0
0,0.028974611,0
0,0.005371804,0
1,0.6704924,1
0,0.031216564,0
0,0.024604801,0
0,0.004508774,0
0,0.0056397635,0
0,0.008152681,0
1,0.013775424,0
0,0.05741504,0
0,0.0059434576,0
0,0.09203271,0
0,0.01385861,0
0,0.0140210455,0
0,0.009467138,0
0,0.0065724603,0
0,0.011207632,0
0,0.08059868,0
0,0.040940423,0
0,0.036191173,0
0,0.04182281,0
0,0.03542119,0
0,0.0078046885,0
0,0.031274553,0
0,0.070550494,0
0,0.0010458461,0
0,0.0020160184,0
0,0.014593718,0
0,0.009733107,0
0,0.006244398,0
0,0.0017986688,0
0,0.012557526,0
0,0.0032183484,0
0,0.005541234,0
0,0.0062426343,0
0,0.023687404,0
0,0.008319449,0
0,0.012476275,0
0,0.0059591136,0
0,0.2449691,0
0,0.0041680923,0
0,0.031772006,0
0,0.052362055,0
0,0.047857616,0
0,0.004529154,0
0,0.07985915,0
0,0.0078036957,0
0,0.0026285194,0
0,0.029221669,0
0,0.002073282,0
0,0.0063101836,0
0,0.07688579,0
0,0.003585159,0
0,0.009630641,0
0,0.013318792,0
0,0.008253991,0
0,0.0020943226,0
0,0.00441026,0
0,0.0023618115,0
0,0.0046498235,0
0,0.045416724,0
0,0.0018323506,0
0,0.015995534,0
0,0.096315295,0
0,0.011000028,0
0,0.0049187304,0
0,0.0056786677,0
0,0.028083226,0
0,0.0067272442,0
0,0.018721137,0
0,0.02361406,0
0,0.0028927936,0
0,0.0047863144,0
0,0.01560744,0
0,0.0030498875,0
0,0.021916198,0
0,0.28014705,0
0,0.028414888,0
0,0.021817574,0
0,0.032095365,0
0,0.0031998816,0
0,0.01988786,0
0,0.0043450734,0
0,0.007444176,0
0,0.013205282,0
0,0.0020513146,0
0,0.014429782,0
0,0.0052828547,0
0,0.022910342,0
0,0.0026050443,0
0,0.0142118335,0
0,0.002421644,0
0,0.0053981524,0
0,0.02453199,0
0,0.023086052,0
0,0.0056268303,0
0,0.057386424,0
0,0.00642902,0
0,0.061680846,0
0,0.029714191,0
0,0.0031772796,0
0,0.009298756,0
0,0.0050398926,0
0,0.018672088,0
0,0.069159605,0
0,0.0322227,0
1,0.046483945,0
1,0.6587614,1
0,0.014257594,0
0,0.010051653,0
0,0.0075156013,0
0,0.0025709267,0
0,0.0031561118,0
0,0.015155199,0
0,0.022417603,0
0,0.006274872,0
1,0.029555907,0
0,0.04551666,0
0,0.005180868,0
0,0.0064257034,0
0,0.0060446826,0
1,0.08627984,0
0,0.0044265348,0
0,0.05542144,0
0,0.0054475977,0
1,0.74581355,1
0,0.0005050087,0
0,0.040862825,0
0,0.07169673,0
0,0.010614091,0
0,0.0054158694,0
0,0.05651932,0
0,0.050970074,0
0,0.038222756,0
0,0.011905185,0
0,0.041307066,0
0,0.059507288,0
0,0.021869091,0
0,0.044214405,0
0,0.0025778862,0
0,0.03044657,0
1,0.01573714,0
0,0.029271638,0
0,0.0061164526,0
0,0.024018174,0
0,0.05567454,0
0,0.023231082,0
0,0.023147842,0
0,0.0604695,0
0,0.02108714,0
0,0.00370887,0
0,0.021203073,0
0,0.009042847,0
0,0.040394504,0
0,0.010605986,0
0,0.0038043407,0
0,0.002263943,0
0,0.06596172,0
0,0.05704265,0
0,0.04837031,0
0,0.008795095,0
0,0.026663482,0
0,0.0040893415,0
0,0.19736046,0
0,0.003798519,0
0,0.020004746,0
0,0.013415746,0
0,0.07676401,0
0,0.0021951152,0
0,0.013506386,0
0,0.0030473368,0
0,0.015986914,0
0,0.02064262,0
0,0.015446465,0
0,0.013003906,0
0,0.012490287,0
1,0.014725037,0
0,0.008079529,0
0,0.012576295,0
0,0.008345413,0
0,0.01370102,0
0,0.0066110413,0
0,0.0071007037,0
0,0.13199,0
0,0.009519123,0
0,0.010800435,0
0,0.0051337895,0
0,0.17627843,0
0,0.036426373,0
0,0.010407788,0
0,0.009365716,0
0,0.0381569,0
0,0.010697047,0
0,0.011188899,0
0,0.024668382,0
0,0.013467788,0
0,0.007660247,0
0,0.08088893,0
0,0.011190788,0
0,0.007871097,0
0,0.008039246,0
0,0.025796227,0
0,0.028221125,0
0,0.0028144938,0
0,0.0138770975,0
0,0.014563194,0
0,0.007198381,0
0,0.009183922,0
1,0.023492575,0
0,0.0057073873,0
1,0.57957894,1
0,0.015168079,0
0,0.018785344,0
0,0.0049490896,0
0,0.0014119867,0
0,0.07714925,0
0,0.0052566966,0
0,0.027102651,0
0,0.10892197,0
0,0.12741567,0
0,0.003148156,0
0,0.01296861,0
0,0.0180776,0
0,0.0066737025,0
0,0.03811788,0
0,0.012050799,0
0,0.010787686,0
0,0.032827538,0
0,0.035247512,0
0,0.02019712,0
0,0.0016171234,0
0,0.0033790106,0
0,0.11987617,0
0,0.0025786234,0
0,0.0067407098,0
0,0.0086233225,0
0,0.01761858,0
0,0.027286986,0
0,0.0038524016,0
0,0.020247571,0
0,0.02336397,0
0,0.0066975476,0
0,0.009846267,0
0,0.019871466,0
0,0.002339448,0
0,0.011389101,0
0,0.021112358,0
0,0.013587741,0
0,0.005807064,0
0,0.005958984,0
0,0.00870166,0
0,0.023517117,0
0,0.056082837,0
0,0.08756083,0
0,0.02188705,0
0,0.051060922,0
0,0.013730266,0
0,0.03439139,0
0,0.008174847,0
0,0.009196661,0
0,0.0030246887,0
0,0.013563675,0
0,0.008244897,0
0,0.0091891475,0
0,0.06704687,0
0,0.0026859066,0
0,0.007973981,0
0,0.024696838,0
0,0.1347834,0
0,0.011782794,0
0,0.0029111484,0
0,0.16509031,0
0,0.037514724,0
0,0.006414297,0
0,0.11823317,0
0,0.0058811605,0
0,0.007985309,0
0,0.00906927,0
0,0.0051206187,0
0,0.14599378,0
0,0.03016347,0
0,0.0058467886,0
0,0.036605425,0
0,0.036306836,0
0,0.012548193,0
0,0.085166894,0
0,0.0042144973,0
0,0.012337384,0
0,0.0155206155,0
0,0.006673314,0
0,0.15846932,0
0,0.033534143,0
0,0.03468159,0
0,0.013094549,0
0,0.012817322,0
0,0.022889946,0
0,0.0061947806,0
0,0.34805575,0
0,0.012778446,0
0,0.0213885,0
0,0.0033268693,0
0,0.0108776735,0
0,0.020898245,0
0,0.02055058,0
0,0.03171904,0
0,0.011406407,0
0,0.23563966,0
0,0.034420323,0
0,0.0303193,0
0,0.0017651435,0
0,0.14409049,0
0,0.007803496,0
0,0.021776728,0
0,0.038477313,0
0,0.032010138,0
0,0.006139244,0
0,0.0046157287,0
0,0.039552517,0
0,0.014149354,0
0,0.0049481126,0
0,0.016260557,0
0,0.0015682449,0
0,0.008156036,0
0,0.017210955,0
0,0.02819651,0
0,0.032212876,0
0,0.002035516,0
0,0.0049301893,0
0,0.11324872,0
0,0.006439076,0
0,0.028605143,0
0,0.014712832,0
0,0.01704026,0
0,0.012161127,0
0,0.028868629,0
0,0.08361347,0
0,0.10938911,0
0,0.01875154,0
0,0.008830883,0
0,0.05457906,0
0,0.0014635058,0
0,0.014465537,0
0,0.007908455,0
0,0.23237558,0
0,0.033740416,0
0,0.025835002,0
0,0.031354874,0
0,0.0050247125,0
0,0.005225782,0
0,0.0058235945,0
1,0.63534486,1
0,0.024562879,0
0,0.0028502252,0
0,0.010131794,0
0,0.004996291,0
0,0.009300469,0
0,0.004636405,0
0,0.014996678,0
0,0.00092437764,0
0,0.035853446,0
0,0.0051431353,0
0,0.09400092,0
0,0.3504013,1
0,0.036053546,0
0,0.19324711,0
0,0.011202545,0
0,0.01826786,0
0,0.02486586,0
0,0.010959964,0
0,0.028411495,0
0,0.014547524,0
0,0.047818687,0
0,0.008042263,0
0,0.010887405,0
0,0.0027568787,0
0,0.01602169,0
0,0.026110716,0
0,0.048986737,0
1,0.54372346,1
0,0.003578578,0
0,0.028396057,0
0,0.014823841,0
0,0.05484461,0
0,0.0062757614,0
0,0.024018709,0
0,0.017228764,0
0,0.023947442,0
0,0.017553909,0
0,0.010659986,0
0,0.011049174,0
0,0.016753945,0
0,0.0020464552,0
0,0.014738679,0
0,0.012787082,0
0,0.074815184,0
0,0.009521905,0
0,0.00554636,0
0,0.034472242,0
0,0.034230057,0
0,0.0075742044,0
0,0.005160872,0
0,0.0050372654,0
0,0.38440123,1
0,0.002091182,0
0,0.021419387,0
0,0.0024983138,0
0,0.010055828,0
0,0.00978055,0
0,0.0075327037,0
0,0.0060279747,0
1,0.022037525,0
0,0.0050743837,0
0,0.0030226964,0
0,0.03869985,0
0,0.012357941,0
0,0.014068217,0
0,0.025686914,0
0,0.020515844,0
0,0.09598301,0
0,0.06673529,0
0,0.00569991,0
0,0.081837125,0
0,0.38670602,1
0,0.017785255,0
0,0.01147144,0
0,0.08604288,0
0,0.022191541,0
0,0.005144907,0
0,0.057466246,0
0,0.07157976,0
0,0.00464477,0
1,0.69124854,1
0,0.024154041,0
0,0.0650047,0
0,0.0036250541,0
0,0.0024569598,0
0,0.023142517,0
0,0.045750942,0
0,0.038243383,0
0,0.012655223,0
0,0.013015074,0
0,0.011819189,0
0,0.012438678,0
0,0.004606707,0
0,0.015172197,0
0,0.0073988982,0
0,0.00639775,0
0,0.055990506,0
0,0.018042384,0
0,0.029960249,0
0,0.035514284,0
0,0.0045952704,0
0,0.0067563653,0
0,0.08513773,0
0,0.02782504,0
0,0.0033152006,0
0,0.0034488284,0
0,0.016060675,0
0,0.0044732825,0
0,0.005539221,0
0,0.039308608,0
0,0.0022695097,0
0,0.014291348,0
0,0.009999022,0
0,0.00796064,0
0,0.0030599588,0
0,0.13013645,0
0,0.1398842,0
0,0.011187691,0
0,0.019033495,0
0,0.09825394,0
0,0.010666017,0
0,0.0090333745,0
0,0.0032667723,0
1,0.12295016,0
0,0.013643366,0
0,0.004572423,0
0,0.0039100996,0
0,0.120035335,0
0,0.008040042,0
0,0.022732148,0
0,0.01624563,0
0,0.017496413,0
0,0.0021582784,0
0,0.008080209,0
0,0.014781603,0
0,0.0118127195,0
0,0.022560524,0
0,0.019626183,0
0,0.0033464928,0
0,0.006467959,0
0,0.0043057473,0
0,0.047078274,0
0,0.018234842,0
0,0.0048385393,0
0,0.00600353,0
1,0.015620806,0
0,0.19452299,0
0,0.16221093,0
0,0.0041281497,0
0,0.007837328,0
0,0.043437038,0
0,0.023686858,0
0,0.006065232,0
0,0.031305388,0
0,0.0111978715,0
0,0.029248822,0
0,0.032572865,0
0,0.0062377676,0
0,0.003632758,0
0,0.014866617,0
0,0.0059179687,0
0,0.0054471716,0
0,0.020377629,0
0,0.006680673,0
0,0.005289677,0
0,0.027381962,0
0,0.055305645,0
0,0.009623063,0
0,0.030292466,0
0,0.057938706,0
0,0.0028425448,0
0,0.00362646,0
0,0.005125358,0
0,0.0018895017,0
0,0.008153599,0
0,0.004978711,0
0,0.0049258494,0
0,0.007147911,0
0,0.0072862906,0
0,0.011748813,0
0,0.02261325,0
0,0.010273314,0
0,0.0066210073,0
0,0.059616756,0
0,0.008174566,0
0,0.035091832,0
0,0.0077426606,0
0,0.01661755,0
0,0.06472329,0
0,0.017713046,0
0,0.016452303,0
0,0.0036686796,0
0,0.0044402885,0
0,0.008496781,0
0,0.18115519,0
0,0.0030182723,0
0,0.016838038,0
0,0.025532406,0
0,0.015536616,0
0,0.014224759,0
0,0.009917298,0
0,0.0026412923,0
0,0.006403858,0
0,0.04113343,0
0,0.28866982,0
0,0.041986533,0
0,0.028661197,0
0,0.030146588,0
0,0.017252525,0
0,0.0041030766,0
0,0.022974983,0
0,0.093177095,0
0,0.018206054,0
0,0.021032697,0
0,0.100856766,0
0,0.015994595,0
0,0.020554218,0
0,0.064012915,0
0,0.015675945,0
0,0.010270512,0
1,0.94768083,1
0,0.014428108,0
0,0.015528276,0
0,0.037959673,0
0,0.016691081,0
0,0.002409361,0
0,0.0073124846,0
0,0.022461388,0
0,0.01843089,0
0,0.045016803,0
0,0.009972138,0
0,0.014867601,0
0,0.009340148,0
1,0.018659739,0
0,0.047013763,0
0,0.021451576,0
0,0.019471144,0
0,0.067710854,0
0,0.021970132,0
0,0.0023216445,0
0,0.030069226,0
0,0.075839564,0
0,0.005415466,0
0,0.07500952,0
0,0.0049541923,0
0,0.0036725388,0
0,0.012901835,0
0,0.051674817,0
0,0.0070593753,0
0,0.016978655,0
0,0.061186403,0
1,0.95263183,1
0,0.002119476,0
0,0.009766563,0
0,0.015218243,0
0,0.002319109,0
0,0.1728575,0
0,0.0063954047,0
0,0.004496917,0
0,0.085071854,0
0,0.05815207,0
0,0.0041092522,0
0,0.053936526,0
0,0.346692,0
0,0.01670945,0
0,0.009159798,0
0,0.027105073,0
0,0.0041940566,0
0,0.0120537905,0
0,0.25418296,0
0,0.032444354,0
0,0.03806332,0
0,0.029108183,0
0,0.008228794,0
0,0.03549327,0
0,0.019141424,0
0,0.0061856927,0
1,0.9527849,1
0,0.041408762,0
1,0.41547507,1
0,0.03153099,0
0,0.02115534,0
0,0.020306425,0
0,0.024477536,0
0,0.009079278,0
0,0.0015396798,0
0,0.006179171,0
0,0.0041320543,0
0,0.06474454,0
0,0.015922887,0
0,0.022362769,0
0,0.029584568,0
0,0.009588658,0
0,0.0185483,0
0,0.0315596,0
0,0.0051939264,0
0,0.011213087,0
0,0.010428795,0
1,0.07353808,0
0,0.00731835,0
0,0.017927432,0
0,0.012736389,0
0,0.017589156,0
0,0.0137528,0
0,0.006302098,0
0,0.012084738,0
0,0.032780357,0
0,0.0073260893,0
0,0.012755014,0
0,0.0058766822,0
0,0.004415344,0
0,0.015737021,0
0,0.018106172,0
0,0.014634485,0
0,0.0044221007,0
0,0.01745043,0
0,0.008768746,0
0,0.5198927,1
0,0.003613322,0
0,0.017833615,0
0,0.011191685,0
0,0.0014775082,0
0,0.007179726,0
0,0.05197204,0
0,0.006985937,0
0,0.00981629,0
0,0.01986166,0
0,0.03909933,0
0,0.0033033234,0
0,0.030691132,0
0,0.057073463,0
0,0.009413546,0
0,0.030519094,0
0,0.03659019,0
0,0.004326711,0
0,0.004751394,0
0,0.017935527,0
0,0.013395836,0
0,0.0036162606,0
0,0.0046528196,0
0,0.0734893,0
0,0.051189896,0
0,0.0067244545,0
0,0.016153509,0
1,0.8720867,1
0,0.037720937,0
0,0.019509628,0
0,0.022492215,0
0,0.0061893496,0
0,0.012037346,0
0,0.021616796,0
0,0.007336768,0
0,0.006286768,0
0,0.0053033913,0
0,0.0065048086,0
0,0.00682872,0
0,0.021565467,0
0,0.018583115,0
0,0.0034756218,0
0,0.009166236,0
0,0.070997156,0
1,0.3285083,0
0,0.010225484,0
0,0.004955516,0
0,0.053507473,0
0,0.015739208,0
0,0.04849103,0
0,0.06962533,0
0,0.030946175,0
0,0.013733579,0
0,0.022197763,0
0,0.020433897,0
0,0.009823314,0
0,0.006924137,0
0,0.002047326,0
0,0.0035465725,0
0,0.009643657,0
0,0.030302765,0
0,0.012703508,0
0,0.007277049,0
0,0.019364394,0
0,0.014734421,0
0,0.051326327,0
0,0.0125929685,0
1,0.92289793,1
0,0.009736601,0
0,0.008576431,0
0,0.0066393735,0
0,0.008064898,0
0,0.00759508,0
0,0.0034052006,0
0,0.038251806,0
0,0.0065698395,0
0,0.0014802959,0
0,0.011951032,0
0,0.004680414,0
0,0.0045982394,0
0,0.0054265447,0
0,0.008673198,0
0,0.011703274,0
0,0.035223506,0
0,0.020508468,0
0,0.005259153,0
0,0.010344146,0
0,0.00601784,0
0,0.0048013767,0
0,0.021673115,0
0,0.024421835,0
0,0.026830701,0
0,0.011928581,0
0,0.0028908178,0
0,0.011542569,0
0,0.03593579,0
0,0.09006095,0
0,0.005941061,0
0,0.024926301,0
0,0.005544464,0
0,0.011733664,0
0,0.120314114,0
0,0.011754351,0
0,0.021238053,0
0,0.008240754,0
0,0.022276115,0
0,0.002444132,0
0,0.32915726,0
0,0.008992114,0
0,0.030827835,0
0,0.027085518,0
0,0.0031934648,0
0,0.0013538883,0
0,0.005428037,0
0,0.16778527,0
0,0.06661388,0
0,0.0224339,0
0,0.0085080685,0
0,0.009145696,0
0,0.02283681,0
0,0.02070939,0
0,0.004693077,0
0,0.0170465,0
0,0.049886152,0
0,0.04819877,0
0,0.0064253015,0
0,0.055630125,0
0,0.02036082,0
0,0.008856643,0
0,0.01390719,0
0,0.010021345,0
0,0.015919624,0
0,0.011821907,0
0,0.02593422,0
0,0.0033480455,0
0,0.008593956,0
0,0.03116619,0
0,0.0028771989,0
0,0.028180536,0
0,0.022928752,0
0,0.004375879,0
0,0.006664952,0
0,0.010415025,0
0,0.005574742,0
0,0.006942418,0
0,0.011829892,0
0,0.04360958,0
0,0.012277392,0
1,0.0042893933,0
0,0.033645257,0
0,0.07738081,0
0,0.037787862,0
0,0.041924547,0
0,0.0027229178,0
0,0.19624515,0
0,0.020092094,0
0,0.008614933,0
0,0.0062517105,0
0,0.026718142,0
0,0.027207136,0
0,0.0138736395,0
0,0.018337427,0
0,0.01122266,0
0,0.032173064,0
0,0.004775084,0
0,0.0015874942,0
0,0.015661296,0
0,0.010444667,0
1,0.7669633,1
0,0.041843653,0
0,0.030851549,0
0,0.007881739,0
0,0.010068658,0
0,0.018428225,0
0,0.008372346,0
0,0.0078049987,0
0,0.00830388,0
0,0.0018415686,0
0,0.06895414,0
0,0.00724485,0
0,0.0043993527,0
0,0.049411975,0
0,0.0040160017,0
0,0.0052862307,0
0,0.1273613,0
0,0.005908559,0
0,0.028276095,0
0,0.013439162,0
0,0.006711978,0
1,0.044609655,0
0,0.04988698,0
0,0.0055684433,0
0,0.017856607,0
0,0.0024675159,0
0,0.0072605293,0
0,0.12186365,0
0,0.0013883204,0
0,0.044104874,0
0,0.0077351904,0
0,0.0028271032,0
0,0.010923728,0
0,0.029280132,0
0,0.0460919,0
0,0.1331186,0
0,0.005025063,0
0,0.006467098,0
0,0.0051657087,0
0,0.00996251,0
0,0.010417183,0
0,0.03363269,0
0,0.01862836,0
0,0.009047185,0
0,0.007384407,0
0,0.053283814,0
0,0.002609198,0
0,0.025121275,0
1,0.1471767,0
0,0.024421584,0
0,0.08551614,0
1,0.065779194,0
0,0.0078855315,0
0,0.46269304,1
0,0.01637059,0
0,0.13092889,0
0,0.027489001,0
0,0.013447953,0
0,0.0061132275,0
0,0.022336628,0
0,0.004051037,0
0,0.009565098,0
0,0.03111181,0
0,0.009613746,0
0,0.1526827,0
0,0.034582835,0
1,0.025281148,0
0,0.0017824568,0
0,0.005154503,0
0,0.003056545,0
0,0.017070604,0
0,0.008809747,0
0,0.009494019,0
0,0.059177004,0
0,0.028296657,0
0,0.010475876,0
0,0.008543418,0
0,0.018112712,0
0,0.005225482,0
0,0.022977354,0
0,0.029084638,0
1,0.04901738,0
0,0.08936415,0
0,0.003055104,0
0,0.024915915,0
0,0.003155137,0
0,0.0044963453,0
0,0.0031887798,0
0,0.003622231,0
0,0.008380869,0
0,0.025501862,0
0,0.016999973,0
0,0.0042377324,0
0,0.016438244,0
0,0.006696615,0
0,0.026499514,0
0,0.0326631,0
0,0.0068998765,0
0,0.01806907,0
0,0.03191799,0
0,0.028197551,0
0,0.0181314,0
0,0.003686965,0
0,0.0062892283,0
0,0.01139344,0
0,0.008135114,0
0,0.0048368294,0
0,0.03623383,0
0,0.0029659928,0
0,0.036912415,0
0,0.0057530412,0
1,0.43922117,1
0,0.014546062,0
0,0.01646226,0
0,0.009179436,0
0,0.04317828,0
0,0.012983535,0
0,0.007163881,0
0,0.004693456,0
0,0.22722992,0
0,0.026101885,0
0,0.01049785,0
0,0.0056561767,0
0,0.011762119,0
0,0.009433781,0
0,0.13913563,0
0,0.007192705,0
0,0.27847326,0
0,0.081607684,0
0,0.01640664,0
0,0.006338474,0
0,0.0076791984,0
0,0.032504447,0
0,0.009496314,0
0,0.028511116,0
0,0.0041570095,0
0,0.0041982173,0
0,0.020051887,0
0,0.01434646,0
0,0.09319154,0
0,0.019700652,0
0,0.00266926,0
1,0.031511426,0
0,0.1230069,0
0,0.008141291,0
0,0.002868713,0
0,0.006404896,0
0,0.026612964,0
0,0.084758505,0
0,0.025718587,0
0,0.006523186,0
0,0.0032796783,0
0,0.08446773,0
0,0.002178275,0
0,0.0710497,0
0,0.020843105,0
0,0.005847825,0
0,0.005282456,0
0,0.0015610802,0
0,0.006376183,0
0,0.0026907772,0
0,0.03579389,0
0,0.09810679,0
0,0.015926596,0
0,0.016764294,0
0,0.006749508,0
0,0.0043192403,0
0,0.01628176,0
0,0.029301127,0
0,0.087215684,0
0,0.014723341,0
0,0.017309794,0
0,0.06633404,0
0,0.034796655,0
0,0.0077664168,0
0,0.03972738,0
0,0.013138052,0
0,0.015914934,0
0,0.0047251685,0
0,0.0036155288,0
0,0.010686431,0
0,0.011520431,0
0,0.0040334337,0
0,0.19031349,0
0,0.038509373,0
0,0.009386412,0
0,0.018760895,0
0,0.0056081084,0
0,0.026090693,0
0,0.22686362,0
0,0.012501991,0
0,0.010529354,0
0,0.008065741,0
0,0.007936935,0
0,0.03073749,0
0,0.0037290053,0
1,0.9907334,1
0,0.041728724,0
1,0.19304925,0
0,0.004647463,0
0,0.016720336,0
0,0.00791869,0
0,0.012831466,0
0,0.03654833,0
0,0.005756239,0
0,0.40621802,1
0,0.07259281,0
0,0.032712188,0
0,0.0075119142,0
0,0.0010458461,0
0,0.17763457,0
0,0.010763471,0
0,0.015157192,0
0,0.0058530145,0
0,0.02499504,0
0,0.0026550652,0
0,0.0023319775,0
0,0.039482493,0
0,0.014627027,0
0,0.0021222713,0
0,0.026240725,0
0,0.011755331,0
0,0.02127714,0
0,0.0034490596,0
0,0.0031188594,0
0,0.018354531,0
0,0.0211641,0
0,0.01797737,0
0,0.0103626875,0
0,0.18242025,0
0,0.012876615,0
0,0.00869467,0
0,0.010365652,0
0,0.036491938,0
0,0.0035877337,0
0,0.062385917,0
0,0.010395395,0
0,0.007311716,0
0,0.056040116,0
0,0.009871873,0
0,0.007033039,0
0,0.036931787,0
0,0.026554227,0
0,0.012617658,0
1,0.48838317,1
0,0.005755448,0
0,0.024142124,0
0,0.007992009,0
0,0.015363545,0
0,0.024144895,0
0,0.03683076,0
0,0.021203013,0
0,0.039851725,0
0,0.006200625,0
1,0.9907549,1
0,0.007022225,0
0,0.024267407,0
0,0.0033358682,0
0,0.0060364427,0
0,0.056208387,0
0,0.0045886226,0
0,0.008928903,0
0,0.0023347794,0
0,0.013746503,0
0,0.0032694843,0
0,0.0072716945,0
0,0.0067736767,0
0,0.010099965,0
0,0.09670996,0
0,0.0066718347,0
0,0.021716623,0
0,0.010457997,0
0,0.018573694,0
0,0.011928682,0
0,0.015376953,0
0,0.0127429925,0
0,0.004412373,0
0,0.03880535,0
0,0.003224801,0
0,0.0016733506,0
0,0.010051657,0
0,0.13536824,0
0,0.022461388,0
0,0.016821302,0
1,0.8967577,1
0,0.012345121,0
0,0.016175592,0
0,0.059528172,0
0,0.014545829,0
0,0.0101934355,0
0,0.0071932394,0
0,0.02355523,0
0,0.00913559,0
0,0.09407176,0
0,0.014319453,0
0,0.0075345617,0
0,0.0064769248,0
0,0.03153099,0
0,0.0029333055,0
0,0.004145533,0
0,0.0110909045,0
0,0.007571281,0
0,0.010125058,0
0,0.025683705,0
0,0.019946473,0
0,0.008279237,0
0,0.009872712,0
0,0.006696485,0
0,0.057275422,0
0,0.03898428,0
0,0.0031396197,0
0,0.0038946115,0
0,0.00646473,0
0,0.09628066,0
0,0.020528853,0
0,0.009098144,0
0,0.04146899,0
0,0.0052341544,0
0,0.008287827,0
0,0.014171267,0
0,0.02508931,0
0,0.009185774,0
0,0.024489831,0
0,0.08126564,0
1,0.09152064,0
0,0.003152314,0
0,0.007391579,0
0,0.007002257,0
0,0.0041668555,0
0,0.0106545715,0
0,0.036204156,0
0,0.16390324,0
0,0.02584151,0
0,0.011712262,0
0,0.018072927,0
0,0.014059086,0
0,0.002110989,0
0,0.053264584,0
0,0.036929358,0
0,0.063580066,0
0,0.0022712422,0
0,0.008742318,0
0,0.019354029,0
0,0.08268965,0
0,0.016809793,0
0,0.024434589,0
0,0.010570309,0
0,0.017728824,0
0,0.017436577,0
0,0.009428132,0
0,0.00883608,0
0,0.041501984,0
0,0.09393341,0
0,0.004696087,0
0,0.0010453928,0
0,0.026685594,0
0,0.0026657004,0
0,0.010560554,0
0,0.01706368,0
0,0.0029823822,0
0,0.011997947,0
0,0.029435858,0
0,0.043240882,0
0,0.03226194,0
0,0.015904652,0
0,0.023173152,0
0,0.009325027,0
0,0.029444749,0
0,0.0041423724,0
0,0.031300854,0
0,0.0065204324,0
0,0.021658495,0
1,0.29694054,0
1,0.14228827,0
0,0.017414518,0
0,0.033499774,0
0,0.0050634276,0
0,0.026101885,0
0,0.11832272,0
0,0.02939037,0
0,0.017284254,0
0,0.010131382,0
0,0.0076390067,0
0,0.012596189,0
0,0.005752117,0
0,0.041769214,0
0,0.05921336,0
0,0.0573598,0
0,0.008223145,0
0,0.0022645937,0
0,0.027523559,0
0,0.03608216,0
0,0.0054578716,0
0,0.0033178187,0
0,0.060362943,0
0,0.016574336,0
0,0.026716132,0
0,0.008637218,0
0,0.0033001895,0
0,0.015616358,0
0,0.019612838,0
0,0.039461892,0
0,0.07670582,0
0,0.120450065,0
0,0.023091577,0
0,0.024736468,0
0,0.030951817,0
0,0.022646412,0
0,0.0012925632,0
0,0.006336465,0
1,0.061364975,0
0,0.011549485,0
0,0.013444899,0
0,0.01043256,0
0,0.04283118,0
0,0.025274716,0
0,0.015341402,0
0,0.00828405,0
0,0.0071537066,0
0,0.016202947,0
0,0.027387265,0
0,0.01385687,0
0,0.034169048,0
0,0.012643616,0
0,0.017996922,0
0,0.023659652,0
0,0.0013922335,0
0,0.04121479,0
0,0.0067937593,0
0,0.0095949685,0
0,0.031342875,0
0,0.023552895,0
0,0.011435295,0
0,0.050808955,0
0,0.006874207,0
0,0.02258098,0
0,0.02444878,0
0,0.011809681,0
0,0.008483775,0
0,0.0027855758,0
0,0.013386582,0
0,0.0048520453,0
0,0.0034093698,0
0,0.050329152,0
0,0.009551831,0
0,0.015246351,0
0,0.0023808153,0
0,0.029397704,0
0,0.012937445,0
1,0.08681835,0
0,0.0031296902,0
0,0.113403976,0
0,0.01692978,0
0,0.02361936,0
0,0.002225025,0
0,0.0970429,0
0,0.0056393356,0
0,0.00991257,0
0,0.010362962,0
0,0.008334786,0
0,0.013289154,0
0,0.03281598,0
0,0.004494971,0
0,0.13450491,0
0,0.1200935,0
0,0.3530208,1
0,0.048962098,0
0,0.020323483,0
0,0.025941651,0
0,0.008952543,0
0,0.006723253,0
0,0.0064253197,0
0,0.00092124846,0
0,0.004153675,0
0,0.03884094,0
0,0.051643133,0
0,0.0049541174,0
0,0.0046454207,0
0,0.017370146,0
0,0.031004958,0
0,0.21191925,0
0,0.029336791,0
0,0.028423099,0
0,0.007408391,0
0,0.016963946,0
0,0.0026003022,0
0,0.010398932,0
0,0.012357085,0
0,0.06046398,0
0,0.0063393246,0
0,0.017551696,0
0,0.008457411,0
0,0.034062147,0
0,0.122149825,0
0,0.072853014,0
0,0.008945578,0
0,0.004712405,0
0,0.011487788,0
0,0.013494366,0
0,0.00232202,0
0,0.17264585,0
0,0.013256337,0
0,0.015375112,0
0,0.011745104,0
0,0.0077369804,0
0,0.009698502,0
1,0.7839079,1
0,0.0048097596,0
0,0.008962893,0
0,0.0042502685,0
0,0.023267789,0
0,0.16149902,0
0,0.042478252,0
0,0.011957622,0
0,0.010160422,0
0,0.018664632,0
0,0.12666288,0
0,0.07455365,0
0,0.017901476,0
0,0.07623446,0
0,0.046306,0
0,0.0074053025,0
0,0.026489116,0
0,0.0144243175,0
0,0.006287244,0
0,0.011543814,0
0,0.009267938,0
0,0.008361639,0
0,0.0051930374,0
0,0.012888378,0
0,0.0035275142,0
0,0.009612893,0
0,0.007114965,0
0,0.014822377,0
0,0.01491308,0
0,0.0765034,0
0,0.01916269,0
0,0.014447405,0
0,0.012806521,0
0,0.0060790577,0
0,0.011875151,0
0,0.023857843,0
0,0.03525039,0
0,0.038414504,0
0,0.30929038,0
0,0.024212832,0
0,0.023393631,0
0,0.049909174,0
0,0.012608881,0
0,0.016313454,0
0,0.00848806,0
0,0.0033015246,0
0,0.01671032,0
0,0.008201618,0
1,0.70075047,1
0,0.004563262,0
0,0.028575525,0
0,0.039898396,0
0,0.023532512,0
1,0.88802814,1
0,0.036439583,0
0,0.0033031192,0
0,0.010164009,0
0,0.026396228,0
0,0.042797156,0
0,0.0050337156,0
0,0.006427631,0
0,0.0022045413,0
0,0.05972885,0
0,0.014758752,0
0,0.021079306,0
1,0.07358247,0
0,0.022188846,0
0,0.018630557,0
0,0.01151237,0
0,0.02989584,0
0,0.0891555,0
0,0.004763383,0
1,0.9501211,1
0,0.09694382,0
0,0.0125743,0
0,0.020058526,0
0,0.018059714,0
0,0.044294048,0
0,0.003527194,0
0,0.008683051,0
0,0.02383038,0
0,0.041629333,0
0,0.0025299378,0
0,0.01018664,0
0,0.011392908,0
0,0.0032035462,0
0,0.037713304,0
0,0.10364855,0
0,0.01198523,0
0,0.00092239806,0
0,0.020290975,0
0,0.04541433,0
0,0.0058087935,0
1,0.3606884,1
0,0.012113755,0
0,0.00955129,0
0,0.007843931,0
0,0.0058631897,0
0,0.0036225647,0
0,0.0030259558,0
0,0.015474838,0
0,0.045297027,0
0,0.0052060154,0
0,0.0046177316,0
0,0.004139964,0
0,0.03553517,0
0,0.15815733,0
0,0.027388705,0
0,0.018967338,0
0,0.059506908,0
0,0.042571902,0
0,0.021557678,0
0,0.024976464,0
0,0.03951322,0
0,0.008456015,0
0,0.017057505,0
0,0.019008663,0
0,0.020528369,0
0,0.02231898,0
0,0.002186603,0
0,0.018319383,0
0,0.05255931,0
0,0.023210585,0
0,0.0030535518,0
0,0.0051266053,0
0,0.01244405,0
0,0.039462615,0
0,0.008883589,0
1,0.78864604,1
0,0.01582593,0
0,0.026459638,0
0,0.0073097125,0
0,0.0125031695,0
1,0.4686936,1
0,0.004790218,0
0,0.058672827,0
0,0.0018005156,0
0,0.020458212,0
0,0.0053144707,0
1,0.094238736,0
0,0.006482497,0
0,0.0048705637,0
0,0.011095523,0
0,0.008688996,0
0,0.036194514,0
0,0.037581883,0
0,0.008958676,0
0,0.0064811762,0
0,0.033035737,0
0,0.011081781,0
0,0.0029904637,0
1,0.7684503,1
0,0.010446294,0
0,0.009804992,0
0,0.029267918,0
0,0.045616172,0
0,0.82787704,1
0,0.034491424,0
0,0.0044587837,0
0,0.0030383177,0
0,0.019337028,0
0,0.005297317,0
0,0.033344407,0
0,0.037470825,0
0,0.0071274294,0
0,0.008636067,0
0,0.0142328385,0
0,0.027158717,0
0,0.011535633,0
0,0.029623555,0
0,0.012512804,0
0,0.0024562154,0
0,0.01953581,0
0,0.012419907,0
0,0.0019848477,0
0,0.009886939,0
0,0.0045716395,0
1,0.025212448,0
0,0.010511862,0
0,0.007851686,0
0,0.004041558,0
0,0.008431758,0
0,0.021828873,0
0,0.19116013,0
0,0.008416769,0
0,0.041006047,0
0,0.017241703,0
0,0.0041570137,0
0,0.011660675,0
0,0.02427785,0
0,0.027176475,0
0,0.011264118,0
0,0.04350235,0
0,0.01626032,0
0,0.099061556,0
0,0.025542779,0
0,0.0019214484,0
1,0.005477687,0
0,0.007875373,0
0,0.053176478,0
0,0.043353792,0
0,0.013880092,0
0,0.010533881,0
0,0.013693934,0
0,0.009553402,0
0,0.01799339,0
0,0.011985225,0
0,0.017383758,0
0,0.03995024,0
0,0.45847616,1
0,0.019036634,0
0,0.04690592,0
0,0.0018353986,0
0,0.014549397,0
0,0.009787573,0
0,0.09580902,0
0,0.034567792,0
0,0.030756148,0
0,0.013828047,0
0,0.009943016,0
0,0.0037566896,0
0,0.0063518407,0
0,0.02798631,0
0,0.06705508,0
0,0.0743499,0
0,0.03656516,0
0,0.008402415,0
0,0.0038399291,0
0,0.036062703,0
0,0.0053355196,0
0,0.012809179,0
0,0.021572204,0
0,0.0048609683,0
0,0.00517637,0
0,0.02119813,0
0,0.009057921,0
0,0.022785584,0
0,0.011961099,0
0,0.013284333,0
0,0.003836325,0
0,0.03548213,0
0,0.056389146,0
0,0.014181184,0
0,0.005643179,0
0,0.046866763,0
0,0.030011538,0
0,0.026041638,0
0,0.0225449,0
0,0.2493437,0
1,0.026083643,0
0,0.019135749,0
0,0.020562606,0
0,0.00437319,0
0,0.00521716,0
0,0.015165038,0
0,0.034426473,0
0,0.013615891,0
0,0.035837017,0
0,0.0051077404,0
1,0.93568635,1
0,0.0037662778,0
0,0.06543619,0
0,0.007007746,0
0,0.0025682368,0
0,0.025437122,0
0,0.013703359,0
0,0.027050747,0
0,0.0024443495,0
0,0.008607195,0
0,0.012896401,0
0,0.025374927,0
0,0.00158277,0
0,0.0022122883,0
0,0.0058955187,0
0,0.006404261,0
0,0.0043434603,0
0,0.016109856,0
0,0.075549394,0
0,0.026307939,0
0,0.0096187685,0
0,0.13357505,0
0,0.037849955,0
0,0.013461048,0
0,0.025673237,0
0,0.005691976,0
0,0.02850164,0
0,0.018516509,0
0,0.05158835,0
0,0.008222924,0
0,0.032266274,0
0,0.01226302,0
0,0.0062531624,0
0,0.032761395,0
0,0.0037798244,0
0,0.006625437,0
0,0.04348862,0
0,0.006492005,0
0,0.01529063,0
0,0.002002685,0
0,0.10985459,0
0,0.041714806,0
0,0.005498813,0
0,0.012047847,0
0,0.08194583,0
0,0.008504698,0
0,0.01000116,0
0,0.0049696956,0
0,0.006894935,0
0,0.023938973,0
0,0.0062166187,0
0,0.020055257,0
0,0.010829497,0
0,0.0032936682,0
0,0.02944434,0
0,0.03629928,0
0,0.01831842,0
0,0.027059138,0
1,0.013071013,0
0,0.018539395,0
0,0.124040194,0
0,0.009183778,0
0,0.014983005,0
0,0.01092866,0
0,0.010104934,0
0,0.007717559,0
0,0.028816229,0
0,0.11993747,0
0,0.06852255,0
0,0.00585395,0
0,0.023054205,0
0,0.010376424,0
0,0.020561175,0
0,0.02915797,0
0,0.0023294974,0
0,0.014507192,0
0,0.2729847,0
0,0.004875198,0
0,0.0423678,0
0,0.021310331,0
0,0.03647835,0
0,0.0606551,0
0,0.22523023,0
0,0.06272718,0
0,0.0033777985,0
0,0.0072325305,0
0,0.002195929,0
0,0.016821302,0
0,0.112676784,0
0,0.003965111,0
0,0.0029830628,0
0,0.24379444,0
0,0.01329985,0
0,0.0053515416,0
0,0.019104082,0
0,0.041049536,0
1,0.13407545,0
0,0.015112633,0
0,0.0033600258,0
0,0.0061919396,0
0,0.026761176,0
0,0.004502334,0
0,0.035444282,0
0,0.00414411,0
0,0.020464664,0
0,0.011564383,0
0,0.0046419497,0
0,0.0046235058,0
0,0.04366075,0
0,0.0019882824,0
0,0.026212553,0
0,0.011053135,0
0,0.022055104,0
0,0.016033797,0
0,0.004036095,0
0,0.03534663,0
0,0.023001468,0
0,0.01978207,0
0,0.007714828,0
0,0.010116573,0
0,0.0012618485,0
0,0.032589573,0
0,0.023313923,0
0,0.04220545,0
0,0.051852684,0
0,0.0026769023,0
0,0.1843495,0
0,0.05134329,0
0,0.02043177,0
0,0.5190843,1
0,0.123160146,0
0,0.011142569,0
0,0.6917745,1
0,0.029462045,0
0,0.0019918184,0
0,0.0014410581,0
0,0.0033441621,0
0,0.012135583,0
0,0.0034228845,0
0,0.0029860297,0
0,0.029343799,0
0,0.022307366,0
0,0.044958252,0
0,0.0048857466,0
0,0.004311844,0
0,0.0047788224,0
0,0.007349604,0
0,0.0019382142,0
0,0.002484756,0
0,0.039425742,0
0,0.11291652,0
0,0.017299382,0
0,0.013109224,0
0,0.017224494,0
0,0.028854595,0
0,0.017210236,0
0,0.047688868,0
0,0.014609222,0
0,0.014095597,0
0,0.0055716764,0
0,0.015862184,0
1,0.031818178,0
0,0.0037948415,0
0,0.027102651,0
0,0.018105904,0
0,0.060415946,0
0,0.0722397,0
0,0.024159685,0
0,0.036435463,0
0,0.0021322686,0
0,0.03549327,0
0,0.026503932,0
0,0.0270449,0
0,0.009624363,0
0,0.014259469,0
0,0.0015595774,0
0,0.14315324,0
0,0.006001769,0
0,0.024699332,0
0,0.02052974,0
1,0.99742836,1
0,0.0065389303,0
0,0.028510744,0
0,0.015267809,0
0,0.006283304,0
0,0.018018706,0
0,0.059533734,0
0,0.0050140438,0
0,0.01909743,0
0,0.4803112,1
0,0.43028104,1
0,0.0075288834,0
0,0.010261785,0
0,0.013593001,0
0,0.0071629384,0
0,0.01297838,0
0,0.049305797,0
0,0.0692211,0
0,0.0024018725,0
0,0.010981493,0
0,0.07044259,0
0,0.0043170606,0
0,0.03185526,0
0,0.012748141,0
0,0.012421879,0
0,0.016446766,0
0,0.0038334485,0
0,0.0059429505,0
0,0.14483924,0
0,0.0025152196,0
0,0.0036189852,0
0,0.005961837,0
0,0.005012265,0
0,0.053066377,0
0,0.02865981,0
0,0.00092239806,0
0,0.029608924,0
0,0.003039089,0
0,0.07569891,0
0,0.0049629915,0
0,0.038908496,0
0,0.08842632,0
0,0.0021403886,0
0,0.032852784,0
0,0.004595907,0
0,0.0073636053,0
0,0.060580976,0
0,0.025623882,0
0,0.010158989,0
1,0.020185517,0
0,0.011677381,0
0,0.016736705,0
0,0.006443925,0
0,0.00933639,0
0,0.00733549,0
0,0.008324268,0
0,0.004898767,0
1,0.65147275,1
0,0.008656981,0
0,0.038546927,0
0,0.006158167,0
0,0.045656264,0
0,0.0027180975,0
0,0.07125037,0
0,0.0056439927,0
0,0.011476125,0
0,0.014726172,0
0,0.0051666624,0
0,0.0093704155,0
0,0.018431934,0
0,0.104294464,0
1,0.1488145,0
0,0.02495911,0
0,0.020172417,0
0,0.028257776,0
0,0.015329931,0
0,0.020732258,0
0,0.21232389,0
0,0.011323572,0
0,0.017673628,0
0,0.013042655,0
0,0.01007025,0
0,0.00496694,0
0,0.013805904,0
0,0.04356076,0
0,0.02950102,0
0,0.02805771,0
0,0.0019958643,0
0,0.018724076,0
0,0.015683157,0
0,0.00796992,0
0,0.013269684,0
0,0.016863016,0
0,0.0732955,0
0,0.038846575,0
0,0.0021474478,0
0,0.012501532,0
0,0.013808131,0
0,0.03026268,0
0,0.016791448,0
0,0.013873065,0
0,0.016557416,0
0,0.0048581134,0
0,0.0022131305,0
0,0.0431729,0
0,0.012997812,0
0,0.11326548,0
0,0.0027727303,0
0,0.009948787,0
0,0.010319573,0
0,0.004506863,0
0,0.016210984,0
0,0.03131523,0
0,0.03625652,0
0,0.0076469993,0
0,0.005771347,0
0,0.06169241,0
0,0.14640872,0
0,0.056933448,0
0,0.005603985,0
0,0.0071996176,0
0,0.14147575,0
0,0.0061137723,0
0,0.016504638,0
0,0.0010458461,0
0,0.0202414,0
0,0.028684918,0
0,0.0018714349,0
0,0.047529243,0
0,0.010333451,0
0,0.012471123,0
0,0.0073155137,0
0,0.016792338,0
0,0.01655858,0
0,0.011338273,0
0,0.08972267,0
0,0.06397354,0
0,0.010803467,0
0,0.01385541,0
0,0.017206317,0
0,0.016273927,0
0,0.30637664,0
1,0.9621189,1
0,0.0028756561,0
0,0.065622084,0
0,0.017174495,0
0,0.007486308,0
0,0.020184975,0
0,0.0040624156,0
0,0.059406806,0
0,0.0037136357,0
0,0.023889499,0
0,0.026883198,0
0,0.7739167,1
0,0.021135746,0
0,0.0025415246,0
0,0.013299123,0
0,0.006085079,0
0,0.016293311,0
0,0.022051526,0
0,0.0043640807,0
0,0.005385832,0
0,0.0038081682,0
0,0.06355751,0
0,0.008883925,0
0,0.32779408,0
1,0.13498807,0
1,0.14170486,0
0,0.0040277774,0
0,0.014724939,0
0,0.011581684,0
0,0.005666001,0
1,0.12668785,0
0,0.002066234,0
0,0.007355001,0
0,0.022481397,0
0,0.004962403,0
0,0.00590563,0
0,0.011663411,0
0,0.017571466,0
0,0.10346204,0
0,0.004474782,0
0,0.013763768,0
0,0.0028313636,0
0,0.034590714,0
0,0.01972204,0
0,0.03559779,0
0,0.010882174,0
0,0.021154013,0
0,0.009556966,0
0,0.0024545009,0
0,0.22338626,0
0,0.017746178,0
0,0.0066887313,0
0,0.023518156,0
0,0.01489301,0
0,0.007027307,0
0,0.090637855,0
0,0.056727625,0
0,0.022379851,0
0,0.027737707,0
0,0.010067797,0
0,0.01593268,0
0,0.06839179,0
0,0.024249997,0
0,0.016245713,0
0,0.0036164015,0
0,0.003374118,0
0,0.0040535177,0
0,0.025118195,0
0,0.009564218,0
0,0.009304693,0
0,0.018696105,0
0,0.02716569,0
0,0.04559392,0
1,0.037528843,0
0,0.010242702,0
0,0.0017234513,0
0,0.0036393446,0
0,0.0027253286,0
0,0.09276656,0
0,0.0032852695,0
0,0.12219428,0
0,0.017979575,0
0,0.009015716,0
0,0.018869055,0
0,0.0073193097,0
0,0.014667879,0
0,0.028308092,0
0,0.015034655,0
0,0.004753032,0
0,0.0038569134,0
0,0.05089993,0
0,0.014889498,0
0,0.013355481,0
0,0.007878231,0
0,0.0065472806,0
0,0.060580976,0
0,0.040365815,0
0,0.023082467,0
0,0.14403209,0
0,0.05411934,0
0,0.005091698,0
0,0.005388642,0
0,0.014973661,0
0,0.0091851065,0
0,0.07854397,0
0,0.0071834973,0
0,0.016510893,0
0,0.05344442,0
0,0.02846128,0
0,0.012999855,0
0,0.0019466857,0
0,0.012221285,0
0,0.0046786997,0
0,0.05281983,0
0,0.15542962,0
0,0.067294285,0
0,0.008314355,0
0,0.0151758315,0
0,0.01263224,0
0,0.0011942812,0
0,0.031710006,0
0,0.0017905674,0
0,0.014084728,0
0,0.02107534,0
0,0.019803546,0
0,0.0021365606,0
0,0.022461388,0
0,0.0019441609,0
0,0.006201645,0
0,0.005201901,0
0,0.017067382,0
0,0.0062200488,0
0,0.01112539,0
0,0.087301664,0
0,0.050114788,0
0,0.003172081,0
0,0.0071283975,0
0,0.018891353,0
0,0.007011473,0
0,0.007936707,0
0,0.008616061,0
0,0.047360267,0
0,0.015521119,0
0,0.011319216,0
0,0.0077706696,0
0,0.015697319,0
0,0.004502896,0
0,0.04086669,0
0,0.0050784633,0
0,0.027613146,0
0,0.06905072,0
0,0.003911833,0
0,0.03385779,0
0,0.014640855,0
0,0.043844167,0
0,0.23020741,0
0,0.007503372,0
0,0.012928765,0
0,0.03772961,0
0,0.14381851,0
0,0.0031709943,0
1,0.026432708,0
0,0.012700393,0
0,0.07382097,0
0,0.020254724,0
0,0.025401669,0
0,0.014788249,0
0,0.07355827,0
0,0.0070562204,0
0,0.009510013,0
0,0.023113724,0
0,0.015646793,0
0,0.019397726,0
0,0.004929137,0
0,0.08377422,0
0,0.04349727,0
0,0.006543811,0
0,0.010430916,0
0,0.0025322975,0
0,0.008189052,0
0,0.03376439,0
0,0.09081682,0
0,0.040730476,0
1,0.85564715,1
0,0.039123807,0
0,0.0033407153,0
0,0.020351829,0
0,0.0032745167,0
0,0.0074649206,0
0,0.033380706,0
0,0.055933133,0
0,0.03365853,0
0,0.0019339499,0
0,0.01388395,0
0,0.02648048,0
0,0.0032037776,0
0,0.008258852,0
0,0.01062423,0
1,0.119193584,0
0,0.02109412,0
0,0.0077389977,0
0,0.020849135,0
0,0.011469262,0
0,0.0037664354,0
0,0.00481128,0
0,0.043117665,0
0,0.017482597,0
0,0.02437462,0
0,0.013902176,0
0,0.0113963345,0
1,0.0340984,0
0,0.0064168475,0
0,0.031662043,0
0,0.019603154,0
0,0.008291669,0
0,0.044443246,0
0,0.022574924,0
0,0.010541518,0
0,0.039285325,0
0,0.03409623,0
0,0.004129224,0
0,0.004805249,0
0,0.006681534,0
0,0.18803522,0
0,0.0020879533,0
0,0.0052318536,0
0,0.0028462396,0
1,0.7074878,1
0,0.004352006,0
0,0.004642595,0
0,0.013787608,0
0,0.011106327,0
0,0.015017238,0
0,0.012485748,0
0,0.009099416,0
0,0.031859607,0
0,0.04944018,0
0,0.008464588,0
0,0.014128078,0
0,0.012499348,0
0,0.015118654,0
0,0.019007858,0
0,0.011798528,0
0,0.023771334,0
0,0.011757098,0
0,0.0051087537,0
0,0.024097038,0
0,0.12213645,0
0,0.03275253,0
0,0.014731334,0
0,0.052789994,0
0,0.063136205,0
0,0.04168165,0
0,0.012844217,0
0,0.025935158,0
0,0.021926552,0
0,0.018395757,0
0,0.00942905,0
0,0.0036232793,0
0,0.016447011,0
0,0.02418734,0
0,0.022712635,0
0,0.02030156,0
0,0.015242715,0
0,0.01868471,0
0,0.07722798,0
1,0.042358436,0
0,0.022190005,0
0,0.011670399,0
0,0.009972736,0
0,0.0019284437,0
0,0.0055483854,0
0,0.010067574,0
0,0.81735307,1
0,0.06377091,0
0,0.01650395,0
0,0.05444047,0
0,0.005334325,0
0,0.23305424,0
0,0.009685329,0
0,0.0048137764,0
0,0.033271395,0
0,0.018655473,0
0,0.0042206994,0
0,0.013078605,0
0,0.0057345135,0
0,0.0077812476,0
0,0.006483575,0
0,0.008299456,0
0,0.009137796,0
0,0.083532244,0
0,0.013890997,0
1,0.10830379,0
0,0.0035925868,0
0,0.021400176,0
0,0.15006737,0
0,0.049279228,0
0,0.007901735,0
0,0.0019499701,0
0,0.0061885575,0
0,0.16801465,0
0,0.005535351,0
0,0.0178252,0
0,0.0059074527,0
0,0.0121390475,0
0,0.03852229,0
0,0.10114934,0
0,0.010412519,0
0,0.01624893,0
0,0.082973465,0
0,0.08720291,0
0,0.020329475,0
0,0.020846585,0
0,0.004573102,0
0,0.018043153,0
0,0.010720193,0
1,0.07016029,0
0,0.012841285,0
0,0.0040160017,0
0,0.007180862,0
0,0.017354429,0
0,0.012513011,0
0,0.0049683065,0
0,0.020979034,0
0,0.0030838153,0
0,0.046250217,0
0,0.023421673,0
0,0.01265909,0
0,0.00830701,0
0,0.029699964,0
0,0.041403584,0
0,0.08736272,0
0,0.25959465,0
0,0.0110093905,0
0,0.04593627,0
0,0.005951382,0
0,0.026929105,0
0,0.006531172,0
0,0.028344054,0
0,0.036091797,0
1,0.034628887,0
0,0.006498458,0
0,0.019677969,0
0,0.0113584,0
0,0.021236695,0
0,0.009631546,0
0,0.004801358,0
1,0.053322922,0
0,0.010526866,0
0,0.017367931,0
0,0.0028406896,0
0,0.015221401,0
0,0.007834719,0
0,0.010725515,0
0,0.0021027895,0
0,0.0028178229,0
0,0.0034288804,0
0,0.008993458,0
0,0.023615215,0
0,0.17530483,0
0,0.024413679,0
0,0.0026900442,0
0,0.034845043,0
0,0.01429507,0
0,0.03140172,0
0,0.00708649,0
0,0.18128823,0
0,0.030937701,0
0,0.0024975473,0
0,0.01054021,0
0,0.029374467,0
0,0.012917829,0
0,0.0132854525,0
0,0.010403821,0
0,0.0063963197,0
0,0.0100300815,0
0,0.01759594,0
0,0.029870212,0
0,0.19091506,0
0,0.0028034078,0
0,0.029090676,0
0,0.05853457,0
0,0.021155851,0
0,0.033116363,0
0,0.008954545,0
0,0.027104262,0
0,0.046395976,0
0,0.0073848506,0
0,0.040781137,0
0,0.023397341,0
0,0.003940504,0
0,0.07727176,0
0,0.013673513,0
0,0.006013005,0
0,0.074893795,0
0,0.020671954,0
0,0.010776426,0
0,0.0041571576,0
0,0.0039575626,0
0,0.023635525,0
0,0.008873989,0
0,0.005154229,0
0,0.022231242,0
0,0.010407891,0
0,0.050776336,0
0,0.009405625,0
0,0.0052912706,0
0,0.032009922,0
0,0.0048133875,0
0,0.0025265252,0
0,0.01336506,0
0,0.11774291,0
0,0.0027444907,0
0,0.040539682,0
0,0.014495975,0
0,0.023311272,0
0,0.0035387604,0
0,0.04508585,0
0,0.21605374,0
0,0.039848953,0
0,0.01869478,0
0,0.020261008,0
0,0.008252683,0
0,0.04211645,0
0,0.007593092,0
1,0.01536338,0
0,0.042773515,0
0,0.009568216,0
0,0.02839527,0
0,0.011001113,0
0,0.020084852,0
0,0.04200656,0
0,0.026907764,0
0,0.007648049,0
0,0.07949048,0
0,0.0022004042,0
0,0.027525203,0
0,0.011726528,0
0,0.0022561925,0
0,0.005751105,0
0,0.009269485,0
0,0.037300143,0
0,0.03585788,0
0,0.014496644,0
0,0.004126807,0
0,0.036280677,0
0,0.022557007,0
0,0.03853027,0
0,0.002338253,0
0,0.09728352,0
0,0.014184996,0
0,0.018771507,0
0,0.011626746,0
0,0.004354426,0
0,0.019099204,0
0,0.02279829,0
0,0.05581974,0
0,0.006451485,0
0,0.002274286,0
0,0.019003235,0
0,0.006945946,0
0,0.00317484,0
0,0.010561361,0
0,0.07524575,0
0,0.40837574,1
0,0.036638916,0
0,0.004383525,0
0,0.010198984,0
0,0.008698834,0
0,0.0029855699,0
0,0.051159393,0
0,0.024288202,0
0,0.19708507,0
0,0.029522775,0
0,0.009335045,0
0,0.012038593,0
0,0.008189169,0
0,0.016551647,0
0,0.0065766023,0
0,0.010179969,0
0,0.0028582676,0
0,0.0053028455,0
0,0.0032347438,0
0,0.0027711357,0
0,0.08979663,0
0,0.005600933,0
1,0.027754186,0
0,0.0084390445,0
0,0.011261464,0
0,0.045710653,0
0,0.0154103795,0
1,0.034998212,0
0,0.008905343,0
0,0.015693909,0
0,0.009120236,0
1,0.78310585,1
0,0.009236874,0
0,0.045255944,0
0,0.022461388,0
0,0.015491018,0
0,0.017006788,0
0,0.008352279,0
0,0.026772171,0
0,0.022042213,0
0,0.010227545,0
0,0.014451601,0
0,0.016282791,0
0,0.080455184,0
0,0.091928616,0
0,0.014526231,0
0,0.006098447,0
0,0.0104088895,0
0,0.2625332,0
0,0.0053092376,0
0,0.06853366,0
1,0.1212212,0
0,0.016371459,0
0,0.016935993,0
0,0.007989464,0
0,0.004124219,0
0,0.5135725,1
0,0.005597277,0
0,0.006049466,0
0,0.060675286,0
1,0.8345462,1
0,0.013575789,0
0,0.0040643876,0
0,0.0051098685,0
0,0.13747023,0
0,0.045932848,0
0,0.026501372,0
0,0.005715188,0
0,0.0036194941,0
0,0.04483719,0
0,0.0065606995,0
0,0.00812056,0
0,0.027193313,0
1,0.061562806,0
0,0.015415105,0
0,0.012369336,0
0,0.014461737,0
0,0.0017095902,0
0,0.029602863,0
0,0.02856908,0
0,0.020703483,0
0,0.060579225,0
0,0.6238473,1
0,0.024516512,0
0,0.019845285,0
0,0.30929038,0
0,0.0063281246,0
0,0.008774795,0
0,0.0044538416,0
0,0.15175176,0
0,0.11930243,0
0,0.008725297,0
0,0.018402953,0
0,0.0030991945,0
0,0.013387092,0
0,0.03650698,0
0,0.0121875815,0
0,0.15033478,0
0,0.019996189,0
0,0.021895407,0
0,0.0072064265,0
0,0.013415241,0
0,0.0017061131,0
0,0.013729633,0
0,0.014757171,0
0,0.005562197,0
0,0.016896829,0
0,0.019986898,0
0,0.043230034,0
0,0.003084437,0
0,0.011199376,0
0,0.00846352,0
0,0.037974954,0
0,0.003054417,0
0,0.0041200966,0
0,0.0037427777,0
0,0.06573795,0
0,0.032212082,0
0,0.013122623,0
0,0.019292274,0
0,0.027691202,0
0,0.01265772,0
0,0.008053816,0
0,0.002649519,0
0,0.039356574,0
0,0.0015513942,0
0,0.0048693046,0
0,0.010065336,0
0,0.0055702785,0
0,0.0093920715,0
0,0.03854271,0
0,0.16239604,0
0,0.009329931,0
0,0.042556126,0
0,0.047504563,0
0,0.046389047,0
0,0.01683133,0
0,0.009196057,0
1,0.6285548,1
0,0.022461388,0
0,0.03749789,0
0,0.0074882316,0
0,0.022890128,0
1,0.17854221,0
0,0.008681015,0
0,0.039662544,0
0,0.0075580636,0
0,0.034136496,0
0,0.022227246,0
0,0.32572338,0
0,0.042384207,0
0,0.011875213,0
0,0.035779182,0
0,0.0030265066,0
0,0.0034780984,0
0,0.026173435,0
0,0.0011450901,0
0,0.007780135,0
0,0.030246431,0
0,0.0021297096,0
0,0.008581712,0
0,0.0045746695,0
0,0.024511883,0
0,0.04147283,0
0,0.11575552,0
0,0.03467246,0
0,0.08404931,0
0,0.013799621,0
0,0.061876718,0
0,0.007817974,0
0,0.022017365,0
0,0.0034948676,0
0,0.011395179,0
0,0.023393039,0
0,0.032365657,0
0,0.006694465,0
0,0.014190578,0
0,0.013956682,0
0,0.029772006,0
0,0.0034957791,0
0,0.0388171,0
0,0.02214271,0
0,0.050755285,0
0,0.029270478,0
0,0.0032096289,0
0,0.024247933,0
0,0.009671162,0
0,0.0118230935,0
0,0.0064896895,0
0,0.01653193,0
0,0.032207094,0
0,0.106623076,0
0,0.008474074,0
0,0.01263833,0
0,0.0131049,0
0,0.028026894,0
0,0.0034334864,0
0,0.0034298042,0
0,0.021244105,0
0,0.038387705,0
0,0.018846303,0
0,0.39213923,1
0,0.008356612,0
0,0.02093534,0
0,0.028350996,0
0,0.0034254505,0
0,0.01822615,0
0,0.110389985,0
0,0.004419016,0
0,0.0057818084,0
0,0.0041946266,0
0,0.024208771,0
0,0.025165748,0
1,0.05808986,0
0,0.0026925297,0
0,0.030967094,0
0,0.0040491195,0
0,0.01428184,0
0,0.008344049,0
0,0.0052198116,0
0,0.026717763,0
0,0.022320706,0
0,0.006536533,0
0,0.029718596,0
0,0.009354803,0
0,0.1491106,0
0,0.009346309,0
0,0.019798568,0
0,0.027722152,0
0,0.033688165,0
0,0.0035408677,0
0,0.039780814,0
0,0.0043070884,0
0,0.0014948209,0
0,0.011512988,0
0,0.11410849,0
0,0.008470205,0
0,0.04179326,0
0,0.031188326,0
0,0.041211825,0
0,0.030881347,0
0,0.014796262,0
0,0.036756616,0
0,0.023853658,0
0,0.10885322,0
0,0.005348342,0
0,0.0056842384,0
0,0.008784435,0
0,0.028101876,0
0,0.08142625,0
0,0.0032237421,0
0,0.02566788,0
0,0.030359343,0
0,0.15710743,0
0,0.026821012,0
0,0.023776425,0
0,0.024507528,0
0,0.017716048,0
0,0.11962357,0
0,0.0029733924,0
0,0.025344467,0
0,0.0019506308,0
0,0.029949473,0
0,0.0026787606,0
0,0.039860576,0
0,0.008170982,0
0,0.0019601153,0
0,0.05950989,0
0,0.0054737222,0
0,0.014539186,0
0,0.0036691139,0
0,0.011072552,0
0,0.07485914,0
0,0.06197662,0
0,0.009343633,0
0,0.009809146,0
0,0.12382816,0
0,0.014215656,0
0,0.0042118584,0
0,0.002379698,0
0,0.013662238,0
0,0.0039038514,0
1,0.02260794,0
0,0.0059350966,0
0,0.061527442,0
0,0.005621774,0
0,0.07490684,0
0,0.009931467,0
0,0.011747717,0
0,0.0050719962,0
0,0.007883152,0
0,0.021082869,0
0,0.013616243,0
0,0.0513699,0
0,0.01609178,0
0,0.019542158,0
0,0.0074111125,0
0,0.010302007,0
0,0.011110943,0
0,0.017326623,0
0,0.038529187,0
0,0.03988766,0
0,0.023418559,0
0,0.00951367,0
0,0.029070891,0
0,0.016503848,0
0,0.04547653,0
0,0.031520765,0
0,0.038778894,0
0,0.0041097067,0
0,0.012743209,0
0,0.04850487,0
0,0.08481134,0
0,0.011960163,0
0,0.0038093245,0
0,0.078399405,0
0,0.018083742,0
0,0.028550386,0
0,0.040143922,0
0,0.26235673,0
0,0.017036123,0
0,0.027102651,0
0,0.010742533,0
0,0.010417134,0
0,0.0081362985,0
0,0.03451472,0
0,0.035644703,0
0,0.022952713,0
0,0.0045677503,0
0,0.028895214,0
0,0.025866332,0
0,0.15092397,0
0,0.0024041852,0
0,0.0016766398,0
0,0.008821751,0
0,0.006671111,0
0,0.034013916,0
0,0.013939105,0
0,0.000499317,0
0,0.024678687,0
0,0.007733002,0
0,0.30998495,0
0,0.06488093,0
0,0.0056879264,0
0,0.0017759721,0
0,0.03764417,0
0,0.010352273,0
0,0.031281553,0
0,0.023260452,0
0,0.122650966,0
0,0.0034517518,0
0,0.012740773,0
0,0.022574924,0
0,0.03731179,0
0,0.032996986,0
0,0.002658508,0
0,0.029774051,0
0,0.014559102,0
0,0.024503306,0
0,0.008171438,0
0,0.01976736,0
0,0.005185677,0
0,0.40320313,1
0,0.045207348,0
0,0.012020583,0
0,0.0064532156,0
0,0.019670323,0
0,0.0040094857,0
0,0.005224773,0
0,0.0045397095,0
0,0.011952766,0
0,0.0120051615,0
0,0.0068822782,0
0,0.0068324236,0
0,0.0011088527,0
0,0.0033480627,0
0,0.023172442,0
0,0.12664141,0
0,0.03223677,0
0,0.011620401,0
0,0.04790587,0
0,0.022015117,0
0,0.013815347,0
0,0.0077052806,0
1,0.63381857,1
0,0.015058207,0
0,0.041677777,0
0,0.0020011284,0
0,0.0030986392,0
0,0.090970546,0
0,0.008338865,0
0,0.01370363,0
0,0.027679687,0
0,0.010645196,0
0,0.016974112,0
0,0.017895399,0
0,0.012600371,0
0,0.014295091,0
0,0.024934718,0
0,0.041408762,0
1,0.52665764,1
0,0.04093798,0
0,0.009755911,0
0,0.002682118,0
0,0.07321458,0
0,0.0077601983,0
0,0.0032770468,0
0,0.01304788,0
0,0.057992674,0
0,0.01145684,0
0,0.08470134,0
0,0.05852742,0
0,0.02097451,0
0,0.005036417,0
0,0.013500746,0
0,0.054483663,0
0,0.007100952,0
0,0.008461938,0
0,0.07581853,0
0,0.008951921,0
0,0.034408964,0
0,0.008421857,0
0,0.002568668,0
0,0.0035179562,0
0,0.009310514,0
1,0.0042838105,0
0,0.013624879,0
0,0.023539696,0
0,0.016615173,0
0,0.037369497,0
0,0.0650351,0
0,0.00496793,0
0,0.0070904167,0
0,0.0021133933,0
0,0.028102158,0
0,0.02698346,0
0,0.0139825465,0
0,0.0047336924,0
0,0.004413877,0
1,0.60773486,1
0,0.13950928,0
0,0.02857899,0
0,0.019907849,0
0,0.011803895,0
0,0.026685962,0
0,0.015700128,0
1,0.8702032,1
0,0.0046129953,0
0,0.0028180678,0
0,0.0364116,0
0,0.016655711,0
0,0.008608179,0
0,0.010662249,0
0,0.0034480316,0
0,0.056014203,0
0,0.008470096,0
0,0.0016881091,0
0,0.0127476305,0
0,0.01614869,0
0,0.012372132,0
0,0.0050466545,0
0,0.015455055,0
0,0.03293132,0
0,0.0049908934,0
0,0.037931465,0
0,0.18225938,0
0,0.013681348,0
0,0.0059336787,0
1,0.6353769,1
0,0.038676016,0
0,0.033200696,0
0,0.03416723,0
0,0.019147625,0
0,0.007859421,0
0,0.010219752,0
0,0.0145747,0
0,0.016364334,0
0,0.00201643,0
0,0.030236362,0
0,0.036036983,0
0,0.013525823,0
0,0.046813592,0
1,0.8358415,1
0,0.022610636,0
0,0.025119301,0
0,0.03068294,0
0,0.0042836536,0
0,0.03003721,0
0,0.016626958,0
0,0.0077394703,0
0,0.0060711023,0
1,0.90108883,1
0,0.008296956,0
0,0.07240476,0
0,0.0033431086,0
0,0.0015549482,0
0,0.008833513,0
0,0.007697828,0
0,0.0069253077,0
0,0.0023014434,0
0,0.0052513536,0
0,0.01961553,0
0,0.04102457,0
0,0.1422146,0
0,0.009871477,0
0,0.0052047344,0
0,0.0035493304,0
0,0.010103288,0
0,0.00092124846,0
0,0.013227819,0
0,0.010031279,0
0,0.014042379,0
0,0.021010216,0
1,0.045570254,0
0,0.0683173,0
0,0.001465297,0
0,0.006939243,0
0,0.0046645114,0
0,0.0110848285,0
0,0.01815034,0
0,0.028435454,0
0,0.0052957246,0
0,0.015477809,0
0,0.0058933618,0
0,0.035733882,0
0,0.10270154,0
0,0.012587628,0
0,0.0063085184,0
0,0.015636755,0
0,0.0023286794,0
0,0.036381822,0
0,0.5259829,1
0,0.003913162,0
0,0.040386647,0
0,0.022953184,0
0,0.021693483,0
0,0.0010737915,0
0,0.010114634,0
0,0.002832546,0
0,0.013580297,0
0,0.02356439,0
0,0.04361281,0
0,0.0057949256,0
0,0.0027214745,0
0,0.009046514,0
0,0.010101252,0
0,0.019642603,0
0,0.5246114,1
0,0.007280109,0
0,0.0046575675,0
0,0.019892981,0
0,0.01890837,0
0,0.005637598,0
0,0.037595857,0
0,0.0063816807,0
0,0.0076550874,0
0,0.017480845,0
1,0.900859,1
0,0.021227416,0
0,0.012841514,0
0,0.014550929,0
0,0.0125305755,0
0,0.021405885,0
0,0.0021861047,0
1,0.2116004,0
0,0.038779136,0
0,0.060214207,0
0,0.036367506,0
0,0.008173842,0
0,0.035776205,0
0,0.010804981,0
0,0.006999442,0
0,0.02789211,0
0,0.027518338,0
0,0.0037132245,0
0,0.004539539,0
0,0.016078053,0
0,0.0069850795,0
0,0.0019045396,0
0,0.03329114,0
0,0.016749892,0
0,0.016686566,0
0,0.012461566,0
0,0.012332063,0
0,0.01221175,0
0,0.01707664,0
0,0.16367209,0
0,0.013029501,0
0,0.004258362,0
0,0.0029984687,0
0,0.044053786,0
0,0.00886219,0
0,0.0020059252,0
0,0.030247837,0
0,0.0038394297,0
0,0.00625709,0
0,0.010378196,0
0,0.0026217077,0
0,0.07247505,0
0,0.021326303,0
0,0.006157721,0
0,0.059920184,0
0,0.022443596,0
0,0.00513915,0
0,0.0040087244,0
0,0.005900828,0
0,0.0027342492,0
0,0.0027891928,0
0,0.028795486,0
0,0.01392783,0
0,0.01426478,0
0,0.042974588,0
0,0.026242886,0
0,0.004673999,0
0,0.033379983,0
0,0.20536053,0
1,0.7291296,1
0,0.0073627788,0
0,0.030962339,0
0,0.0039264862,0
0,0.013787322,0
0,0.09571172,0
0,0.008247971,0
0,0.008160724,0
0,0.007812776,0
0,0.007116538,0
0,0.0047649904,0
0,0.000980999,0
0,0.036630325,0
0,0.038009334,0
0,0.011138635,0
0,0.05357576,0
0,0.062301293,0
0,0.011247509,0
0,0.05760199,0
0,0.0052900687,0
0,0.014945828,0
0,0.0026585297,0
0,0.005892088,0
0,0.02251014,0
0,0.017132241,0
0,0.005942548,0
0,0.03622377,0
0,0.011642833,0
0,0.030447215,0
0,0.028787406,0
0,0.004653252,0
0,0.034839064,0
0,0.023060521,0
0,0.116038,0
0,0.013863244,0
0,0.13401754,0
0,0.19668114,0
1,0.18798076,0
0,0.040696576,0
0,0.03153983,0
0,0.021622598,0
0,0.014065036,0
0,0.003343355,0
0,0.0131993,0
0,0.004807437,0
0,0.037462424,0
0,0.024706896,0
0,0.038350355,0
0,0.013723733,0
0,0.01630192,0
0,0.017523205,0
0,0.022525283,0
0,0.01945712,0
0,0.020344282,0
0,0.014309012,0
0,0.007857316,0
0,0.0025448906,0
0,0.0060288655,0
0,0.014112711,0
0,0.04380952,0
1,0.0042749844,0
0,0.0016210305,0
0,0.023299512,0
0,0.0057653086,0
0,0.025735177,0
0,0.014588013,0
0,0.014406757,0
0,0.0085393675,0
0,0.0076236813,0
0,0.014496378,0
0,0.011702249,0
0,0.035952132,0
0,0.020500261,0
0,0.21004051,0
0,0.0033433866,0
0,0.006290904,0
0,0.009280798,0
0,0.0030159887,0
0,0.06328487,0
0,0.0021605943,0
0,0.009384559,0
0,0.005159241,0
0,0.0031949938,0
0,0.003917571,0
0,0.0119877765,0
0,0.21250714,0
0,0.017761547,0
0,0.05801425,0
0,0.022488777,0
0,0.0065882206,0
0,0.0057960325,0
0,0.004341848,0
0,0.003839889,0
0,0.0077955476,0
0,0.030012537,0
0,0.024782678,0
0,0.003159797,0
0,0.0059488383,0
0,0.097140424,0
0,0.0038434912,0
0,0.045971435,0
0,0.01767185,0
0,0.007915761,0
0,0.060475193,0
0,0.010835801,0
0,0.020971978,0
0,0.008315766,0
0,0.0078218635,0
0,0.020943698,0
0,0.014130549,0
0,0.039914887,0
0,0.009006041,0
0,0.03306472,0
0,0.0011450901,0
0,0.008630259,0
0,0.0054275794,0
0,0.04954951,0
0,0.01724732,0
0,0.0057504564,0
0,0.021857679,0
0,0.0045623723,0
0,0.020353463,0
0,0.021052456,0
0,0.012792819,0
0,0.024817586,0
0,0.008951853,0
0,0.011277913,0
0,0.0058114654,0
0,0.015031584,0
0,0.03731179,0
0,0.009859762,0
0,0.032971676,0
0,0.075358994,0
0,0.014815173,0
0,0.005584184,0
0,0.010925743,0
0,0.0060247895,0
0,0.03650698,0
1,0.25080657,0
0,0.01602835,0
0,0.060086485,0
1,0.030294338,0
0,0.10130018,0
0,0.01148847,0
0,0.004266875,0
0,0.0075772665,0
0,0.015641212,0
0,0.034353588,0
0,0.026587209,0
0,0.006841328,0
0,0.029514436,0
0,0.010611813,0
0,0.018337427,0
0,0.025644094,0
0,0.00891434,0
0,0.016828662,0
0,0.02851266,0
0,0.0037214982,0
0,0.024181256,0
0,0.012208656,0
0,0.031471398,0
0,0.009630701,0
0,0.011843658,0
0,0.02176711,0
0,0.0131101245,0
0,0.058562703,0
0,0.05580458,0
0,0.048140835,0
0,0.007632705,0
0,0.021574242,0
0,0.022461388,0
0,0.11876078,0
1,0.03913572,0
0,0.0016985694,0
0,0.009995893,0
1,0.71676075,1
0,0.05073089,0
0,0.012165294,0
0,0.009460889,0
0,0.027099734,0
0,0.22081693,0
0,0.033101093,0
1,0.06274064,0
0,0.0062215873,0
0,0.012632334,0
0,0.023353292,0
1,0.07018652,0
0,0.006315268,0
0,0.0043969033,0
0,0.0126096355,0
0,0.019356374,0
0,0.016988559,0
0,0.13337848,0
0,0.048300188,0
0,0.017347006,0
0,0.008626849,0
1,0.8370964,1
0,0.033967115,0
0,0.039700173,0
0,0.0036835647,0
0,0.032295298,0
0,0.028442238,0
0,0.027101068,0
0,0.08713723,0
0,0.0043238546,0
0,0.016309874,0
0,0.008504538,0
0,0.031156179,0
0,0.01642753,0
0,0.0038901414,0
0,0.006470466,0
0,0.0022743163,0
0,0.0147441635,0
0,0.06288235,0
0,0.011144581,0
1,0.25527012,0
0,0.026631713,0
0,0.010312397,0
0,0.0051064617,0
0,0.0038843823,0
0,0.013056104,0
0,0.20283315,0
0,0.004328049,0
0,0.0058901277,0
0,0.035115026,0
0,0.0345344,0
0,0.027601453,0
0,0.07287693,0
1,0.033446837,0
0,0.017953157,0
0,0.026645636,0
0,0.004503251,0
0,0.0076874443,0
0,0.0028049015,0
0,0.003366931,0
0,0.031789225,0
0,0.0020369745,0
0,0.005409578,0
0,0.0077765984,0
0,0.016225994,0
0,0.0029855515,0
0,0.026099952,0
0,0.0039015566,0
1,0.048444353,0
0,0.029517569,0
0,0.027129635,0
0,0.006212042,0
0,0.0027352013,0
0,0.0075058695,0
0,0.060753036,0
0,0.01909506,0
0,0.01502339,0
0,0.035287343,0
0,0.051560547,0
0,0.0074034133,0
0,0.006597477,0
0,0.017511034,0
0,0.07797377,0
0,0.009681457,0
0,0.015098991,0
1,0.49527878,1
0,0.018121103,0
0,0.015162617,0
0,0.029374467,0
0,0.024795443,0
0,0.02929708,0
0,0.0154286865,0
0,0.32787704,0
0,0.007293941,0
0,0.0047339713,0
0,0.057007294,0
1,0.545478,1
0,0.015698794,0
0,0.054459922,0
0,0.037618734,0
0,0.03246929,0
0,0.0025421241,0
0,0.011874088,0
0,0.01755117,0
0,0.010448266,0
0,0.008590301,0
0,0.007869414,0
0,0.02097027,0
0,0.025713468,0
0,0.022906376,0
0,0.024788653,0
0,0.0032765265,0
0,0.01953686,0
0,0.009596654,0
0,0.04815525,0
0,0.024547355,0
0,0.004153367,0
1,0.09229685,0
0,0.06291224,0
0,0.08491515,0
0,0.011195617,0
0,0.0117552085,0
0,0.015576817,0
0,0.04227714,0
0,0.027466903,0
0,0.060430534,0
0,0.014233783,0
0,0.0074644187,0
0,0.012528116,0
0,0.0073033934,0
0,0.002772795,0
0,0.0027505672,0
0,0.0021665082,0
0,0.014662215,0
1,0.06864675,0
0,0.02283104,0
0,0.004781413,0
0,0.00786979,0
0,0.0020549293,0
0,0.005779348,0
0,0.002346723,0
0,0.009090985,0
0,0.16874681,0
0,0.020175451,0
0,0.12279073,0
0,0.011270218,0
0,0.003082306,0
0,0.051549412,0
0,0.0067935376,0
0,0.0039398903,0
0,0.007972016,0
0,0.005094909,0
0,0.0035834764,0
0,0.025557201,0
0,0.019649308,0
0,0.00915814,0
0,0.019503407,0
0,0.012568072,0
0,0.022272725,0
1,0.2038855,0
0,0.013224751,0
0,0.34692824,0
0,0.20311698,0
0,0.0060777497,0
0,0.0016302236,0
0,0.0069846367,0
0,0.042242642,0
0,0.024758436,0
0,0.10272145,0
0,0.00324634,0
0,0.019862525,0
0,0.031065825,0
0,0.0046451697,0
0,0.04066331,0
0,0.0425948,0
0,0.0057077575,0
0,0.006583067,0
0,0.018678403,0
0,0.0022710671,0
0,0.022274703,0
0,0.05858936,0
0,0.32637158,0
0,0.001787484,0
0,0.019492729,0
0,0.011183994,0
0,0.044796437,0
0,0.013364796,0
0,0.010114889,0
0,0.044184137,0
0,0.059850667,0
0,0.0054505463,0
0,0.0070648654,0
0,0.014661036,0
0,0.005254294,0
0,0.014262494,0
0,0.013039451,0
0,0.00515757,0
0,0.0047924574,0
0,0.013159578,0
0,0.01504046,0
0,0.020852342,0
0,0.042641643,0
0,0.0517181,0
0,0.012895442,0
0,0.09573498,0
0,0.0074707028,0
0,0.009396518,0
0,0.0020103413,0
0,0.2938866,0
0,0.017133791,0
0,0.017375974,0
0,0.0044010193,0
0,0.040493783,0
0,0.038417287,0
0,0.018534122,0
0,0.12049454,0
0,0.02689152,0
0,0.03298178,0
0,0.009185076,0
0,0.03009264,0
0,0.011298452,0
0,0.007076318,0
0,0.0125328535,0
0,0.015887765,0
0,0.0024014441,0
0,0.015882785,0
0,0.025748223,0
0,0.022966614,0
0,0.01354746,0
0,0.01015523,0
0,0.0036681325,0
0,0.011003474,0
0,0.026512612,0
0,0.0012365563,0
0,0.003895759,0
0,0.037969086,0
0,0.0041309656,0
0,0.008816674,0
0,0.0014127472,0
0,0.024990689,0
0,0.011510585,0
0,0.0035045291,0
0,0.06328388,0
0,0.037595503,0
0,0.054353956,0
0,0.32241753,0
0,0.005874524,0
0,0.042011414,0
0,0.000662934,0
0,0.02328443,0
0,0.008625369,0
0,0.027433608,0
0,0.025058858,0
0,0.020343868,0
0,0.0080865435,0
0,0.040841457,0
0,0.015526874,0
0,0.010860029,0
0,0.05115475,0
1,0.7883729,1
0,0.03442768,0
0,0.030501066,0
0,0.101752356,0
0,0.005465435,0
0,0.006234242,0
0,0.029107677,0
0,0.023872836,0
0,0.0020880348,0
0,0.01063873,0
0,0.017206067,0
0,0.0030398476,0
0,0.007966674,0
0,0.011696382,0
0,0.034648914,0
0,0.0034386397,0
0,0.011838603,0
0,0.023416853,0
0,0.009810072,0
0,0.047944814,0
0,0.0049488195,0
0,0.0061276667,0
0,0.0027285847,0
0,0.025009407,0
0,0.3008577,0
1,0.01423421,0
0,0.0032931091,0
0,0.053620372,0
0,0.004832053,0
0,0.13463986,0
0,0.005790328,0
0,0.030860366,0
0,0.0029304437,0
0,0.008094515,0
0,0.0030555965,0
0,0.019316941,0
0,0.028240366,0
0,0.049790476,0
1,0.76743025,1
0,0.027339896,0
0,0.010024392,0
0,0.0088813435,0
0,0.015512952,0
0,0.0035371953,0
0,0.013946717,0
0,0.0046962765,0
0,0.005341941,0
0,0.018278537,0
0,0.09161926,0
0,0.028374635,0
0,0.0058638146,0
0,0.0042851632,0
0,0.0019707792,0
0,0.01916458,0
0,0.0040339585,0
0,0.036767103,0
0,0.017436545,0
0,0.028215645,0
0,0.018558351,0
0,0.039797828,0
0,0.030070938,0
0,0.07627091,0
0,0.062390912,0
0,0.004111534,0
0,0.0077613518,0
0,0.03883526,0
0,0.003915391,0
0,0.027867299,0
0,0.004257422,0
0,0.0071171517,0
0,0.008099191,0
0,0.008206433,0
0,0.0046564424,0
0,0.011091956,0
0,0.00512126,0
0,0.010344409,0
0,0.026812902,0
0,0.029903848,0
0,0.008358608,0
0,0.028276952,0
0,0.008561434,0
0,0.0075173876,0
0,0.033861496,0
0,0.013101286,0
0,0.24415526,0
0,0.038079225,0
0,0.010202393,0
0,0.022436388,0
0,0.007381084,0
0,0.009533871,0
0,0.13889222,0
0,0.033386137,0
0,0.0044241482,0
0,0.006195423,0
0,0.017007729,0
0,0.047256734,0
0,0.011745348,0
0,0.008894668,0
0,0.039781816,0
0,0.013872224,0
0,0.004001616,0
1,0.44561648,1
0,0.009970443,0
0,0.0095586,0
0,0.0040553007,0
0,0.005011594,0
0,0.035917953,0
0,0.0515962,0
0,0.0055945893,0
0,0.01986014,0
0,0.0011911757,0
0,0.01983755,0
0,0.02538609,0
0,0.04082054,0
0,0.022461388,0
0,0.0044524614,0
0,0.035611864,0
0,0.0030241108,0
0,0.004761853,0
0,0.002670409,0
0,0.009023529,0
0,0.048796557,0
0,0.0043678884,0
0,0.018382214,0
0,0.019404644,0
0,0.37846422,1
0,0.002975324,0
0,0.010372198,0
0,0.004325027,0
0,0.02610426,0
0,0.012655086,0
0,0.0039604283,0
0,0.0068902154,0
0,0.0027873258,0
0,0.007133553,0
0,0.013693934,0
0,0.024804398,0
1,0.9694501,1
0,0.0055537107,0
1,0.10119176,0
0,0.004367847,0
0,0.20828897,0
0,0.0069275512,0
0,0.060580976,0
0,0.0049166535,0
0,0.014302194,0
0,0.008842949,0
0,0.0043575903,0
0,0.07001531,0
0,0.016442284,0
0,0.019250615,0
0,0.0069141667,0
0,0.028017234,0
0,0.0020867535,0
0,0.022660144,0
0,0.0563063,0
0,0.018072305,0
0,0.0057328497,0
0,0.010097309,0
0,0.008540866,0
0,0.046251204,0
0,0.01484626,0
0,0.008329044,0
0,0.114667244,0
0,0.0067332597,0
0,0.03287116,0
0,0.14166686,0
0,0.020299379,0
0,0.010972506,0
0,0.005110688,0
0,0.002223042,0
0,0.018598171,0
1,0.6750677,1
0,0.04771872,0
0,0.027467124,0
0,0.07857593,0
0,0.062048856,0
0,0.024360452,0
0,0.010758365,0
0,0.013072513,0
0,0.029200599,0
0,0.105499774,0
0,0.0646548,0
0,0.0031209905,0
0,0.0043135327,0
0,0.0139949,0
0,0.038994826,0
1,0.9594895,1
1,0.91431105,1
0,0.015119754,0
0,0.016216407,0
0,0.009929886,0
0,0.006322346,0
0,0.019286469,0
0,0.0062675173,0
0,0.00897658,0
0,0.0068506976,0
0,0.004714065,0
0,0.0075611547,0
0,0.007518138,0
0,0.0025117777,0
0,0.017653136,0
0,0.013407342,0
0,0.018012658,0
0,0.0071543735,0
0,0.008545147,0
0,0.0063105365,0
0,0.0032609955,0
0,0.028845271,0
0,0.06946006,0
0,0.009887746,0
0,0.0038022213,0
1,0.17737818,0
0,0.15029846,0
0,0.0055240677,0
0,0.017206034,0
0,0.019794708,0
0,0.007494412,0
0,0.005345862,0
0,0.0020049184,0
0,0.015085921,0
0,0.004909222,0
0,0.009019235,0
0,0.012361562,0
0,0.009652478,0
0,0.12380193,0
0,0.003640334,0
0,0.0024911182,0
0,0.0056294324,0
0,0.05812376,0
0,0.022796022,0
0,0.00999822,0
0,0.010233266,0
0,0.01021436,0
0,0.0025277524,0
0,0.009391179,0
0,0.0037124997,0
0,0.0032247137,0
0,0.0140531985,0
0,0.014277008,0
1,0.4102406,1
0,0.0011698885,0
0,0.010778993,0
1,0.036816157,0
0,0.004013904,0
0,0.02096869,0
1,0.015983546,0
0,0.025624836,0
0,0.006444426,0
0,0.010027421,0
0,0.018029513,0
0,0.009160084,0
0,0.039562717,0
0,0.006329939,0
0,0.05995596,0
0,0.002600594,0
0,0.03684751,0
0,0.025914194,0
0,0.035067394,0
0,0.014683834,0
0,0.2151076,0
0,0.028556176,0
0,0.021055732,0
0,0.004956487,0
0,0.045065485,0
0,0.13037728,0
0,0.023047177,0
1,0.056880977,0
0,0.0052969456,0
1,0.91757524,1
0,0.009914597,0
0,0.0074792714,0
0,0.009352015,0
0,0.0659292,0
0,0.011392666,0
0,0.0051164255,0
0,0.008055923,0
0,0.020211326,0
0,0.035625327,0
0,0.020382993,0
0,0.01358328,0
0,0.01236689,0
1,0.5757886,1
0,0.015058915,0
0,0.01300911,0
0,0.054930344,0
0,0.024810178,0
0,0.09964085,0
0,0.0049958685,0
0,0.027517851,0
0,0.030899871,0
0,0.07670149,0
0,0.017435588,0
0,0.003443992,0
0,0.026643429,0
0,0.008178374,0
0,0.016420228,0
0,0.005664271,0
0,0.0044286977,0
0,0.0053190906,0
0,0.03932162,0
0,0.0866402,0
0,0.025679821,0
0,0.02596118,0
0,0.005545266,0
0,0.05330467,0
0,0.008637209,0
0,0.01637453,0
0,0.019690976,0
0,0.10137374,0
0,0.040716887,0
0,0.14280318,0
0,0.026341561,0
0,0.018907804,0
0,0.017939476,0
0,0.0026182013,0
0,0.042942222,0
0,0.0141072385,0
0,0.004091321,0
0,0.0032773241,0
0,0.021396477,0
0,0.0061897365,0
0,0.031564623,0
0,0.101803176,0
0,0.013589634,0
0,0.0029473158,0
0,0.0077760722,0
0,0.013022261,0
0,0.0050381375,0
0,0.02570035,0
0,0.021062968,0
0,0.0103632705,0
0,0.010115207,0
0,0.028136227,0
0,0.005670236,0
0,0.0074787294,0
0,0.03360893,0
0,0.060789566,0
0,0.041560788,0
0,0.011576505,0
0,0.0075646583,0
0,0.014869054,0
0,0.045644745,0
0,0.022546617,0
0,0.04729779,0
0,0.010587353,0
0,0.018586067,0
0,0.007585755,0
0,0.024080938,0
0,0.10379992,0
0,0.01073929,0
0,0.043897692,0
0,0.025767494,0
0,0.0041242526,0
0,0.016403409,0
0,0.094801866,0
0,0.032300938,0
0,0.012269444,0
0,0.053667977,0
0,0.029292382,0
0,0.005355112,0
0,0.062840156,0
0,0.0026706757,0
0,0.03628549,0
0,0.011710872,0
0,0.0055931937,0
0,0.06544755,0
0,0.011119254,0
0,0.020833366,0
0,0.020257965,0
1,0.33347633,0
0,0.0030136153,0
0,0.012399886,0
0,0.007448856,0
0,0.0063707894,0
0,0.0061480952,0
0,0.008090683,0
0,0.17479797,0
0,0.020883007,0
0,0.082610026,0
0,0.034725994,0
0,0.018748812,0
0,0.008087182,0
0,0.021424651,0
0,0.0043298923,0
0,0.013547434,0
0,0.005346569,0
0,0.005381453,0
0,0.0059602354,0
0,0.020462513,0
0,0.015213362,0
0,0.006727273,0
1,0.14336789,0
0,0.0063815024,0
0,0.011285386,0
0,0.0147363935,0
0,0.0043062707,0
0,0.010276795,0
0,0.03242021,0
0,0.019830264,0
1,0.11397917,0
0,0.0951478,0
0,0.029681083,0
0,0.008377846,0
0,0.0030307153,0
0,0.0051330784,0
0,0.0028704132,0
0,0.02120046,0
0,0.02000133,0
0,0.2983028,0
0,0.035960387,0
0,0.0073062596,0
0,0.006153995,0
0,0.005688838,0
0,0.029108465,0
0,0.009630868,0
0,0.0068917065,0
0,0.007981966,0
0,0.008130367,0
0,0.022461388,0
0,0.004054386,0
0,0.004470196,0
0,0.0029171726,0
0,0.02185689,0
0,0.027095228,0
0,0.011800341,0
0,0.01179814,0
0,0.022555314,0
0,0.051389635,0
0,0.009724026,0
0,0.005905476,0
0,0.021050634,0
0,0.009125146,0
0,0.006822404,0
0,0.0029397558,0
0,0.015831767,0
0,0.0031014716,0
0,0.0032987988,0
0,0.3966221,1
0,0.007184677,0
0,0.0012414297,0
1,0.05013267,0
1,0.12998289,0
0,0.0042703142,0
0,0.01001522,0
0,0.008165887,0
0,0.0059906254,0
0,0.0018692431,0
0,0.0019547998,0
0,0.0639449,0
0,0.031210637,0
0,0.020631565,0
0,0.08522636,0
0,0.006735196,0
0,0.04767922,0
0,0.0045371456,0
0,0.0084470445,0
1,0.076956466,0
0,0.0067452355,0
0,0.026732361,0
0,0.0392112,0
0,0.00092239806,0
0,0.01886764,0
0,0.0019705803,0
0,0.02961801,0
0,0.019004248,0
0,0.004895781,0
0,0.008436895,0
0,0.011264262,0
0,0.0055367816,0
0,0.018894024,0
0,0.004394387,0
0,0.0017403216,0
1,0.16095476,0
0,0.021481944,0
0,0.030225614,0
0,0.049545564,0
0,0.015870344,0
0,0.027383924,0
0,0.01942081,0
0,0.015443175,0
0,0.00596924,0
0,0.21614705,0
0,0.0054587903,0
1,0.04171642,0
0,0.020581273,0
1,0.008523085,0
0,0.0043505393,0
0,0.007960571,0
0,0.019114139,0
0,0.019028563,0
0,0.0036426645,0
0,0.011254632,0
0,0.0136276735,0
0,0.010481902,0
0,0.012836576,0
0,0.02846714,0
0,0.0077357357,0
0,0.12871802,0
0,0.0387498,0
0,0.0061413306,0
0,0.031319287,0
0,0.028652564,0
0,0.006758894,0
0,0.016267058,0
0,0.0067312513,0
0,0.0046356902,0
0,0.057275422,0
0,0.008865186,0
0,0.004065623,0
0,0.0045073936,0
0,0.046168443,0
0,0.02001434,0
1,0.015376572,0
0,0.0143987695,0
0,0.0022854765,0
0,0.023222033,0
0,0.0037095095,0
0,0.008197023,0
0,0.029944958,0
0,0.016491368,0
1,0.98641807,1
0,0.015311688,0
0,0.013276986,0
0,0.023134923,0
0,0.013868297,0
0,0.015645528,0
0,0.0129226195,0
0,0.028410777,0
0,0.017173264,0
0,0.00989755,0
0,0.015981093,0
0,0.025261931,0
0,0.8857092,1
0,0.0065493686,0
0,0.058270033,0
0,0.0033619583,0
0,0.024781797,0
0,0.084128544,0
0,0.042434394,0
1,0.029234724,0
0,0.008339855,0
0,0.0071962164,0
0,0.035961147,0
0,0.012763422,0
0,0.006935977,0
0,0.005348497,0
0,0.0038260662,0
0,0.025420368,0
0,0.02656199,0
0,0.002056524,0
0,0.02098066,0
0,0.07115617,0
0,0.011330845,0
0,0.036516316,0
0,0.0033508216,0
0,0.007405544,0
0,0.02806245,0
0,0.04964472,0
0,0.0073558576,0
0,0.030133098,0
0,0.060215894,0
0,0.032778136,0
0,0.01786989,0
0,0.17421526,0
0,0.0063356487,0
0,0.014095499,0
0,0.02556769,0
0,0.0022705367,0
0,0.0137377335,0
0,0.012072567,0
0,0.123657584,0
0,0.00828718,0
0,0.0029200644,0
0,0.0020735827,0
0,0.007818885,0
0,0.014596844,0
0,0.010645979,0
0,0.0039386833,0
0,0.007973815,0
0,0.0049370974,0
0,0.06432961,0
0,0.0063723414,0
0,0.00682731,0
0,0.07637631,0
0,0.0107348785,0
0,0.02445475,0
0,0.0011782505,0
0,0.03881226,0
0,0.011687026,0
0,0.015801044,0
0,0.055790592,0
0,0.038860623,0
0,0.4282351,1
0,0.110973954,0
0,0.019241465,0
0,0.041872896,0
0,0.027863525,0
0,0.019888254,0
0,0.03987028,0
0,0.03000902,0
0,0.009489427,0
0,0.07932814,0
0,0.03540845,0
0,0.02513087,0
0,0.03250219,0
0,0.03565689,0
0,0.07891757,0
0,0.0076846685,0
0,0.004986749,0
0,0.0015193477,0
0,0.0078402655,0
0,0.023757773,0
0,0.021978771,0
0,0.02483391,0
0,0.013466736,0
0,0.0037516656,0
0,0.01357612,0
0,0.00882048,0
0,0.016442623,0
0,0.0038472244,0
0,0.012710166,0
0,0.021015855,0
0,0.021718204,0
0,0.01380493,0
0,0.003258351,0
0,0.020135015,0
1,0.8801711,1
0,0.02972409,0
0,0.016863111,0
0,0.005930265,0
0,0.005539634,0
0,0.03322056,0
0,0.027900975,0
0,0.011542966,0
0,0.008417119,0
0,0.002000858,0
0,0.019830704,0
0,0.023541102,0
0,0.012248923,0
0,0.043466054,0
0,0.007673057,0
0,0.023560485,0
0,0.021847822,0
0,0.05261674,0
0,0.04394571,0
0,0.0019368937,0
0,0.052268546,0
0,0.024960497,0
0,0.009298458,0
0,0.051746335,0
0,0.0057453956,0
0,0.00819558,0
0,0.009558732,0
0,0.03768138,0
0,0.017128116,0
0,0.0020489313,0
0,0.023382768,0
0,0.0011450901,0
0,0.002764288,0
0,0.011107673,0
0,0.009052689,0
0,0.015148055,0
0,0.014083986,0
0,0.06246591,0
0,0.016487116,0
0,0.0040651155,0
0,0.0066637876,0
0,0.07566211,0
0,0.07057716,0
0,0.06043554,0
0,0.03548325,0
0,0.0086439,0
0,0.001839411,0
0,0.021929596,0
0,0.054080423,0
0,0.032501716,0
0,0.011082623,0
0,0.011823868,0
0,0.010168276,0
0,0.05247552,0
0,0.011981047,0
0,0.010378196,0
0,0.0025637995,0
0,0.008646462,0
0,0.00960883,0
0,0.017316502,0
1,0.9092506,1
0,0.03233979,0
0,0.0028462736,0
0,0.011751947,0
0,0.019853577,0
0,0.0046565775,0
0,0.012401987,0
0,0.003663949,0
0,0.0040039443,0
0,0.01669872,0
0,0.024287095,0
1,0.98995274,1
0,0.013577027,0
0,0.0059979213,0
0,0.07476038,0
0,0.026622934,0
0,0.010921601,0
0,0.0062843165,0
0,0.004329489,0
0,0.07735057,0
0,0.013068706,0
0,0.041408762,0
0,0.035202634,0
0,0.019329758,0
0,0.021650277,0
0,0.028712943,0
0,0.004132855,0
0,0.0034569714,0
0,0.012490329,0
0,0.10092683,0
0,0.015240998,0
1,0.021504259,0
0,0.023808388,0
0,0.025063612,0
1,0.02782054,0
0,0.008532379,0
0,0.03304911,0
0,0.0023548186,0
0,0.008836043,0
0,0.16246086,0
0,0.019836642,0
0,0.18899389,0
0,0.0030903914,0
0,0.009484844,0
0,0.005294941,0
0,0.10205759,0
0,0.006176803,0
0,0.008223266,0
0,0.009847285,0
0,0.007964541,0
0,0.009980974,0
0,0.004724173,0
0,0.026324645,0
0,0.028959664,0
0,0.005149561,0
0,0.010492764,0
0,0.020319706,0
0,0.014351506,0
0,0.007898562,0
0,0.0455508,0
0,0.0010121814,0
0,0.0113789635,0
0,0.024890307,0
0,0.008969401,0
0,0.013980726,0
0,0.20880048,0
0,0.029475363,0
0,0.025945576,0
0,0.042690344,0
0,0.0033202781,0
0,0.024170674,0
0,0.0024842622,0
0,0.007702827,0
0,0.012460621,0
0,0.0032946293,0
1,0.48545316,1
0,0.0058009913,0
0,0.0392112,0
0,0.03284884,0
0,0.01163533,0
0,0.018211702,0
0,0.07985884,0
0,0.024305785,0
0,0.02571188,0
0,0.044609714,0
0,0.028565396,0
0,0.030498423,0
0,0.015231382,0
1,0.49566767,1
0,0.040610842,0
0,0.0056626275,0
0,0.0020991396,0
0,0.03449538,0
0,0.0033156779,0
0,0.06831486,0
0,0.008192841,0
0,0.010078501,0
0,0.005742768,0
0,0.00849158,0
0,0.04554533,0
0,0.026334353,0
0,0.014192887,0
0,0.0013979172,0
0,0.018382214,0
0,0.022461388,0
0,0.03793314,0
0,0.013399554,0
0,0.0051916726,0
0,0.007776256,0
0,0.0035688197,0
0,0.022710638,0
0,0.20781934,0
0,0.024970965,0
1,0.895446,1
0,0.011897116,0
0,0.012455565,0
0,0.004699492,0
0,0.022745494,0
0,0.005437805,0
0,0.009668417,0
0,0.0069158105,0
0,0.01644911,0
0,0.012080304,0
0,0.030799475,0
0,0.030775387,0
0,0.017124439,0
0,0.0619988,0
0,0.013925473,0
0,0.0028567894,0
0,0.024244688,0
0,0.048371486,0
0,0.07605596,0
0,0.022968614,0
0,0.002456225,0
0,0.013481421,0
0,0.12557507,0
0,0.010212799,0
0,0.019039541,0
0,0.05068228,0
0,0.0019386848,0
0,0.041805852,0
0,0.005671653,0
0,0.039919484,0
0,0.014085766,0
0,0.06258646,0
0,0.043751936,0
0,0.01696917,0
0,0.025191216,0
0,0.0035557852,0
0,0.030012544,0
0,0.0050686984,0
0,0.0013173913,0
0,0.013849809,0
0,0.012191428,0
0,0.012782718,0
0,0.020143323,0
0,0.0034243048,0
0,0.005135697,0
0,0.002369865,0
0,0.26232225,0
0,0.010750999,0
0,0.013171318,0
0,0.012688397,0
0,0.014647617,0
0,0.0027214682,0
0,0.019951958,0
0,0.014406703,0
0,0.012952792,0
0,0.006856033,0
1,0.079025604,0
0,0.007800913,0
0,0.064646095,0
0,0.036990624,0
0,0.011031176,0
0,0.30413637,0
0,0.008661357,0
0,0.009228957,0
0,0.005699956,0
0,0.044236735,0
0,0.007716324,0
0,0.009628194,0
0,0.007577334,0
1,0.9874347,1
0,0.0033266577,0
0,0.007660262,0
0,0.001696169,0
0,0.017235322,0
0,0.017708134,0
0,0.016372425,0
0,0.0031965557,0
0,0.037612423,0
0,0.019499514,0
0,0.0047942637,0
0,0.0070385756,0
0,0.025157403,0
0,0.0054735714,0
0,0.0035158275,0
0,0.010681934,0
0,0.0073516807,0
0,0.10442001,0
0,0.042232204,0
0,0.022997797,0
0,0.004148804,0
0,0.018663628,0
0,0.015917674,0
0,0.0064655878,0
0,0.001859909,0
0,0.022480477,0
0,0.005663178,0
0,0.00920385,0
0,0.014438798,0
0,0.005970689,0
1,0.15295841,0
0,0.03098519,0
0,0.028208265,0
0,0.0074670725,0
0,0.003914658,0
0,0.017163586,0
0,0.061798286,0
0,0.26943776,0
0,0.01157153,0
0,0.0041516596,0
0,0.029885191,0
0,0.028831828,0
0,0.15575227,0
1,0.028287482,0
0,0.08899206,0
0,0.010458554,0
0,0.009237004,0
0,0.0053816447,0
0,0.010016805,0
0,0.06360869,0
1,0.107257456,0
0,0.04795254,0
0,0.009751647,0
0,0.0194646,0
0,0.0024378248,0
0,0.053480215,0
0,0.014448152,0
0,0.008908928,0
0,0.01385902,0
0,0.0520436,0
0,0.03553919,0
0,0.010042522,0
0,0.0066276058,0
0,0.013976507,0
0,0.009540136,0
0,0.010291686,0
0,0.019927206,0
0,0.005402143,0
0,0.0022912256,0
0,0.008885374,0
0,0.02365414,0
0,0.025869919,0
0,0.004121087,0
0,0.07950217,0
1,0.8106629,1
0,0.0014730758,0
0,0.013396321,0
0,0.007184966,0
0,0.013062151,0
0,0.08625426,0
0,0.05387763,0
0,0.36865678,1
0,0.052085254,0
0,0.04873472,0
0,0.0068832007,0
0,0.013830349,0
0,0.018021217,0
0,0.015690403,0
0,0.10507061,0
0,0.002474761,0
0,0.12369785,0
0,0.0062277876,0
0,0.008168671,0
0,0.008670484,0
0,0.011211284,0
0,0.028111568,0
0,0.026708836,0
0,0.011470127,0
0,0.063247584,0
0,0.021096857,0
0,0.01906108,0
0,0.10836202,0
0,0.059367333,0
0,0.01497023,0
0,0.0041602384,0
0,0.00586,0
0,0.0029312298,0
0,0.009154406,0
0,0.0062425723,0
0,0.0126438,0
1,0.6767395,1
0,0.053419348,0
0,0.05577399,0
0,0.0059565213,0
0,0.09237353,0
0,0.010090863,0
0,0.031776104,0
0,0.0152988685,0
0,0.049344547,0
0,0.021317335,0
0,0.011920221,0
0,0.005543197,0
0,0.02258147,0
0,0.0745462,0
0,0.02083745,0
0,0.021733379,0
0,0.006032473,0
0,0.0070527103,0
1,0.034097243,0
0,0.0059490525,0
0,0.0052461005,0
0,0.023478083,0
0,0.013214089,0
0,0.0058786715,0
1,0.017472133,0
0,0.016214224,0
0,0.030308299,0
0,0.011636634,0
0,0.025789307,0
0,0.0035609808,0
0,0.023119653,0
0,0.038723253,0
0,0.04074928,0
0,0.029717509,0
0,0.01773413,0
0,0.0537469,0
0,0.010447067,0
0,0.0055973544,0
0,0.014414207,0
0,0.01575211,0
0,0.013439712,0
0,0.009767471,0
0,0.019215522,0
0,0.0033953616,0
0,0.09200247,0
0,0.09895977,0
0,0.016661398,0
0,0.014239685,0
0,0.04755433,0
0,0.0051961346,0
0,0.08252941,0
0,0.039932277,0
0,0.004288314,0
0,0.03150736,0
0,0.006467607,0
1,0.829335,1
0,0.008087191,0
0,0.0716933,0
0,0.00719481,0
0,0.02682281,0
0,0.013429942,0
0,0.019720577,0
0,0.04783579,0
0,0.0025456666,0
0,0.02279872,0
1,0.74163926,1
0,0.016892187,0
0,0.010211103,0
0,0.008463367,0
0,0.0012972418,0
0,0.0016506684,0
0,0.008289881,0
0,0.011433581,0
0,0.010814066,0
0,0.09334427,0
0,0.0028121916,0
0,0.04509265,0
0,0.027420416,0
0,0.030047523,0
0,0.005967854,0
0,0.0065926905,0
0,0.34511146,0
0,0.011327823,0
0,0.13033207,0
0,0.0028776312,0
0,0.103226975,0
0,0.002395844,0
0,0.012868381,0
0,0.010829492,0
0,0.03780829,0
0,0.016074765,0
0,0.0035164459,0
0,0.010626622,0
0,0.009009293,0
0,0.004417722,0
0,0.006206987,0
0,0.0016136204,0
1,0.022396049,0
0,0.002385436,0
0,0.19270086,0
1,0.041041944,0
0,0.0044669635,0
0,0.03403349,0
0,0.006453466,0
0,0.01308295,0
0,0.002650743,0
0,0.004233286,0
0,0.015539225,0
0,0.031237165,0
0,0.03549708,0
0,0.038912036,0
0,0.18561578,0
0,0.010348414,0
0,0.0032337725,0
0,0.0039561624,0
0,0.020848209,0
0,0.04298007,0
0,0.036372036,0
0,0.004157764,0
0,0.034898765,0
0,0.0032290586,0
0,0.018604781,0
0,0.026445627,0
0,0.069108725,0
0,0.020385329,0
0,0.023764959,0
0,0.0172063,0
0,0.013114178,0
0,0.04037335,0
0,0.009939473,0
0,0.026084606,0
0,0.008482455,0
0,0.0037829606,0
0,0.0065211337,0
0,0.0051064757,0
0,0.04541439,0
0,0.006407096,0
0,0.0054635303,0
0,0.008595561,0
0,0.013811801,0
0,0.006365811,0
0,0.04492746,0
0,0.0036068351,0
0,0.0069862115,0
0,0.014062549,0
0,0.017597793,0
0,0.08677338,0
0,0.0075234133,0
0,0.0022227978,0
0,0.021789363,0
0,0.008917855,0
0,0.003983944,0
0,0.0055493247,0
0,0.011896841,0
0,0.049198817,0
0,0.031419158,0
0,0.010971957,0
0,0.00804912,0
0,0.039120346,0
1,0.029287528,0
0,0.02726243,0
0,0.030990612,0
0,0.0057029757,0
0,0.017732354,0
0,0.007343876,0
0,0.008413148,0
0,0.030651525,0
0,0.042402823,0
0,0.010662646,0
0,0.045518763,0
0,0.020912873,0
0,0.008723627,0
0,0.021622213,0
0,0.014015647,0
0,0.042610772,0
0,0.015452726,0
0,0.0032530804,0
0,0.0073539848,0
0,0.031032786,0
0,0.01033157,0
0,0.10292396,0
0,0.010637019,0
0,0.02317926,0
0,0.04947873,0
0,0.0013536033,0
0,0.020059178,0
0,0.05771067,0
0,0.013540828,0
0,0.02200766,0
0,0.020378709,0
0,0.0031905915,0
0,0.0030039588,0
1,0.10211758,0
0,0.11430479,0
0,0.07289647,0
0,0.004941311,0
0,0.025645094,0
0,0.00886421,0
0,0.03186253,0
0,0.009682083,0
0,0.023532698,0
0,0.021131774,0
0,0.008841653,0
0,0.022826789,0
0,0.14415938,0
0,0.018207718,0
0,0.008859452,0
0,0.0306405,0
0,0.0043357112,0
0,0.034730013,0
0,0.0128560485,0
0,0.014699573,0
0,0.0036008938,0
0,0.0145485625,0
0,0.08449668,0
0,0.027144194,0
0,0.023540335,0
1,0.06602188,0
0,0.018060546,0
0,0.0020983317,0
0,0.016614497,0
0,0.030740906,0
0,0.016188823,0
0,0.039739367,0
0,0.0026328634,0
0,0.0033576682,0
0,0.007904988,0
0,0.030345306,0
0,0.009974012,0
0,0.037232984,0
0,0.022461388,0
0,0.0026483724,0
0,0.022041827,0
0,0.025883064,0
0,0.006039531,0
0,0.003252357,0
0,0.007023395,0
0,0.03845377,0
0,0.00609541,0
0,0.0027310706,0
0,0.039886955,0
0,0.0012929984,0
0,0.036192726,0
0,0.0015778345,0
0,0.0032097616,0
0,0.0026737181,0
0,0.0029034864,0
0,0.0042804293,0
0,0.010042381,0
0,0.01187706,0
0,0.0049066395,0
0,0.016106986,0
0,0.0033438127,0
0,0.019311374,0
0,0.007880889,0
0,0.022447074,0
0,0.16159043,0
0,0.030837702,0
0,0.014670988,0
1,0.06788898,0
0,0.0043456345,0
0,0.05776423,0
0,0.02397574,0
0,0.004185051,0
0,0.004371855,0
0,0.013568645,0
0,0.055408053,0
0,0.0212344,0
0,0.0057951096,0
0,0.007986053,0
0,0.023356572,0
0,0.0048882114,0
0,0.0026521727,0
0,0.010651843,0
0,0.019626858,0
0,0.0032994805,0
0,0.002276685,0
0,0.0035800848,0
0,0.011344646,0
0,0.0053377063,0
0,0.022260776,0
0,0.024407292,0
0,0.011017653,0
0,0.016057856,0
0,0.03563388,0
0,0.06495125,0
0,0.012475615,0
0,0.0024476699,0
0,0.019711733,0
0,0.007966139,0
0,0.2092827,0
1,0.01683315,0
0,0.16482182,0
0,0.008754897,0
0,0.0035449788,0
0,0.0013743509,0
0,0.012479999,0
0,0.027281849,0
0,0.0041218675,0
0,0.018027445,0
0,0.040237106,0
0,0.009540082,0
0,0.0037630855,0
0,0.011780602,0
0,0.0067587015,0
0,0.0035669415,0
0,0.008078313,0
0,0.011280658,0
0,0.011437683,0
0,0.017315237,0
0,0.01299862,0
0,0.05283953,0
0,0.010448266,0
0,0.049445506,0
0,0.010614171,0
0,0.0052039465,0
0,0.0011450901,0
0,0.013580956,0
0,0.02802846,0
0,0.009754456,0
0,0.024227086,0
0,0.0020365869,0
0,0.024524143,0
0,0.007924296,0
0,0.004943844,0
0,0.1264157,0
0,0.0030971873,0
0,0.13943869,0
0,0.05662719,0
0,0.007994746,0
0,0.014367683,0
0,0.064257115,0
0,0.014571557,0
0,0.14592737,0
0,0.013479501,0
0,0.026643936,0
0,0.027114078,0
0,0.016536916,0
0,0.010126204,0
0,0.011933489,0
0,0.07928591,0
0,0.03763931,0
0,0.008655422,0
0,0.030441906,0
0,0.06687706,0
0,0.011927615,0
0,0.02397367,0
0,0.010881419,0
0,0.011513206,0
0,0.11369049,0
0,0.0062021324,0
0,0.004551741,0
1,0.9898307,1
0,0.0082223015,0
0,0.011778475,0
0,0.027562568,0
0,0.04047437,0
0,0.031992894,0
0,0.003526175,0
0,0.008640023,0
0,0.019720243,0
0,0.014642642,0
0,0.042335514,0
0,0.0041372534,0
0,0.01916043,0
0,0.0079438165,0
0,0.021466158,0
1,0.8161812,1
0,0.04059392,0
0,0.008864733,0
0,0.024940358,0
0,0.032083496,0
0,0.06944041,0
0,0.008295308,0
0,0.04559885,0
0,0.0086398395,0
0,0.0029751104,0
0,0.0023206705,0
0,0.013311281,0
0,0.014282135,0
0,0.010504118,0
0,0.08069517,0
0,0.005331654,0
0,0.009806136,0
0,0.0061819213,0
0,0.022464188,0
0,0.007327421,0
0,0.008968269,0
0,0.02782879,0
0,0.034130443,0
0,0.01109194,0
0,0.0016631482,0
0,0.012840529,0
0,0.026076956,0
0,0.006820443,0
0,0.0071052564,0
0,0.004223999,0
0,0.007114376,0
0,0.02062812,0
0,0.0036798408,0
0,0.011848223,0
0,0.075789295,0
0,0.012062436,0
0,0.0048327823,0
0,0.007077259,0
0,0.071665965,0
0,0.008686434,0
1,0.9818772,1
0,0.00681205,0
0,0.04966585,0
0,0.0141398655,0
0,0.012016648,0
0,0.15973538,0
0,0.10233806,0
0,0.012145094,0
0,0.25552464,0
0,0.007503078,0
0,0.0051698545,0
0,0.0028299824,0
0,0.012508045,0
0,0.0032781463,0
0,0.0069194436,0
0,0.014984954,0
0,0.10809905,0
0,0.016163258,0
0,0.0042923735,0
0,0.005462429,0
0,0.011351199,0
0,0.020111382,0
0,0.015195963,0
0,0.0018403718,0
0,0.0011454549,0
1,0.8681755,1
0,0.048662584,0
0,0.0038802794,0
0,0.0066687195,0
0,0.0071881167,0
0,0.009681114,0
0,0.05483396,0
0,0.015545602,0
0,0.012514643,0
0,0.015053583,0
0,0.0060819625,0
0,0.051735234,0
0,0.041461006,0
0,0.0026815876,0
0,0.0032506308,0
1,0.8683749,1
0,0.0022138078,0
0,0.005989515,0
0,0.01797864,0
0,0.009776454,0
0,0.14543785,0
0,0.040340364,0
0,0.04584025,0
0,0.008948994,0
0,0.008965541,0
0,0.03635937,0
0,0.01689709,0
0,0.021563891,0
0,0.0062095285,0
0,0.054541145,0
0,0.012170807,0
0,0.008361327,0
0,0.008298522,0
0,0.0046651713,0
0,0.07945295,0
0,0.0033036862,0
0,0.014249782,0
0,0.09024147,0
0,0.023992287,0
0,0.027730841,0
0,0.021117685,0
0,0.010236947,0
0,0.012184792,0
0,0.06188566,0
0,0.009413955,0
0,0.014541796,0
0,0.014571126,0
0,0.027579213,0
0,0.025928017,0
0,0.016179895,0
0,0.016353415,0
0,0.052367557,0
0,0.01222132,0
0,0.11714214,0
0,0.015302446,0
0,0.010584841,0
0,0.011935242,0
0,0.009542254,0
0,0.02479703,0
0,0.0074757356,0
0,0.010666828,0
0,0.0043031536,0
0,0.008389901,0
0,0.024557926,0
0,0.06489522,0
0,0.021523109,0
0,0.0662375,0
0,0.008034255,0
0,0.050095942,0
0,0.0067549096,0
0,0.005044806,0
0,0.023759188,0
0,0.040672522,0
0,0.013784839,0
0,0.03166591,0
0,0.0075566866,0
0,0.030644482,0
0,0.013128405,0
0,0.009904398,0
0,0.02312592,0
0,0.019502783,0
0,0.004111167,0
1,0.008718202,0
0,0.006177792,0
0,0.0030616524,0
0,0.010305533,0
0,0.15723652,0
0,0.291894,0
0,0.031913474,0
0,0.038913377,0
0,0.011100741,0
0,0.044307616,0
0,0.03922009,0
0,0.024684709,0
0,0.010532857,0
0,0.0076425965,0
0,0.0038334813,0
0,0.02780376,0
0,0.005677814,0
0,0.015019573,0
0,0.065313235,0
0,0.0044024573,0
0,0.034800105,0
1,0.016011296,0
0,0.006888385,0
0,0.06799212,0
0,0.01338201,0
0,0.0074886363,0
0,0.15784317,0
0,0.0019078427,0
0,0.006420673,0
0,0.031374857,0
0,0.070354044,0
0,0.030946467,0
0,0.043520834,0
0,0.0012616508,0
0,0.010250629,0
0,0.013632904,0
0,0.01379587,0
0,0.009797786,0
0,0.0057480005,0
0,0.040730476,0
0,0.0038826263,0
0,0.008216498,0
0,0.01959658,0
1,0.98813593,1
0,0.0031323603,0
0,0.0131846005,0
0,0.0064236973,0
0,0.002551326,0
0,0.009894457,0
0,0.056034192,0
0,0.012713236,0
0,0.09763109,0
0,0.022819154,0
0,0.022312554,0
0,0.010828766,0
0,0.01806519,0
0,0.014515307,0
0,0.0156872,0
0,0.0130142355,0
0,0.022595808,0
0,0.10512853,0
0,0.005632869,0
0,0.020544535,0
0,0.03326665,0
0,0.009809007,0
0,0.005018278,0
0,0.040358208,0
0,0.017219005,0
0,0.0052352445,0
0,0.025368365,0
0,0.01709993,0
0,0.024861148,0
0,0.12521468,0
0,0.002411776,0
0,0.0025120226,0
0,0.13596024,0
0,0.23372619,0
0,0.13305569,0
0,0.007226641,0
0,0.014897712,0
0,0.03487769,0
0,0.00234965,0
0,0.0070238113,0
0,0.00247551,0
0,0.13913476,0
0,0.015687568,0
0,0.0041605607,0
1,0.9165064,1
0,0.014313572,0
0,0.0027184375,0
0,0.0087389415,0
0,0.000824653,0
0,0.005666189,0
0,0.052324872,0
0,0.023895297,0
0,0.004931165,0
0,0.109781854,0
0,0.0032078398,0
0,0.02807587,0
0,0.018584533,0
0,0.023579141,0
0,0.008016652,0
0,0.0024920034,0
0,0.28898624,0
0,0.011300092,0
0,0.0034831013,0
0,0.0053383824,0
0,0.014802227,0
0,0.016381973,0
0,0.15155987,0
0,0.037159137,0
0,0.015239846,0
0,0.008764315,0
0,0.0022555292,0
0,0.08953309,0
0,0.0014673538,0
0,0.025647694,0
0,0.01033669,0
0,0.022025613,0
0,0.034041993,0
0,0.011217295,0
0,0.0102317305,0
0,0.003219077,0
0,0.00331091,0
0,0.035666954,0
0,0.041218832,0
0,0.015937435,0
0,0.0016602522,0
0,0.010703296,0
0,0.030162208,0
0,0.017533576,0
0,0.0139746005,0
0,0.07183548,0
0,0.012397071,0
0,0.008894407,0
0,0.032336507,0
0,0.03309099,0
0,0.012230561,0
0,0.032597218,0
0,0.0012760303,0
0,0.07214741,0
0,0.0043277773,0
0,0.0019329368,0
0,0.0021403602,0
0,0.023973724,0
0,0.004744522,0
0,0.009010085,0
0,0.0068839304,0
0,0.004031015,0
0,0.21540508,0
0,0.04900398,0
0,0.0023290229,0
0,0.023669451,0
0,0.070877925,0
0,0.0034548368,0
0,0.02186497,0
0,0.029100038,0
0,0.004332257,0
0,0.19281194,0
0,0.01275278,0
0,0.05122758,0
0,0.009154485,0
0,0.0057054525,0
0,0.024771444,0
0,0.14638774,0
0,0.015231439,0
0,0.018624581,0
0,0.006114201,0
0,0.038512822,0
0,0.01972204,0
0,0.01593804,0
0,0.010406261,0
0,0.0045816517,0
0,0.0017426194,0
0,0.019974438,0
0,0.03549327,0
0,0.013336456,0
0,0.08776955,0
0,0.014392499,0
0,0.011122626,0
0,0.0024201504,0
0,0.005735438,0
0,0.022940537,0
0,0.009464322,0
0,0.019363422,0
0,0.015636653,0
0,0.0017865712,0
0,0.007580555,0
0,0.009397867,0
0,0.054271873,0
0,0.5549876,1
0,0.04942583,0
0,0.008963088,0
0,0.12020393,0
0,0.021006204,0
0,0.029657539,0
0,0.003758878,0
0,0.07369571,0
0,0.0046087913,0
0,0.00869103,0
0,0.009603115,0
0,0.0072887014,0
0,0.005784391,0
0,0.1390129,0
0,0.011607089,0
0,0.028294062,0
0,0.014912057,0
0,0.007155011,0
0,0.11856674,0
0,0.010558785,0
0,0.023243412,0
0,0.003515779,0
0,0.018919617,0
0,0.017531333,0
0,0.009689373,0
0,0.014123131,0
0,0.023465212,0
0,0.007423632,0
0,0.117600285,0
0,0.104762636,0
0,0.06271979,0
0,0.0017724109,0
0,0.056915604,0
0,0.003187772,0
0,0.005834587,0
0,0.0096124755,0
0,0.12609844,0
0,0.020511406,0
0,0.011988296,0
0,0.029194023,0
0,0.006022169,0
0,0.017287113,0
0,0.01976234,0
0,0.22251134,0
0,0.37441036,1
0,0.002103255,0
0,0.007119008,0
0,0.008690701,0
0,0.0073202276,0
0,0.004022142,0
0,0.017402854,0
0,0.0086788535,0
0,0.033227216,0
0,0.17799254,0
0,0.0032090093,0
0,0.009011656,0
0,0.0094155865,0
0,0.004337779,0
0,0.011034646,0
0,0.00852392,0
0,0.002259998,0
0,0.09664771,0
0,0.02423403,0
0,0.0029271396,0
0,0.0045555257,0
0,0.005459593,0
0,0.061269328,0
0,0.013465342,0
0,0.009462596,0
0,0.029346377,0
0,0.02864094,0
0,0.0031648942,0
0,0.016881468,0
0,0.026236048,0
0,0.10513608,0
0,0.0137271155,0
0,0.023244718,0
0,0.022138989,0
1,0.46070924,1
1,0.5305512,1
0,0.022493677,0
0,0.006176533,0
0,0.030962339,0
0,0.0045705764,0
0,0.07145899,0
0,0.058697715,0
0,0.0034277872,0
0,0.020324258,0
0,0.018624604,0
0,0.031352952,0
0,0.021664744,0
0,0.018628882,0
0,0.0011466455,0
0,0.007127021,0
0,0.030679801,0
0,0.004462167,0
0,0.036464278,0
0,0.007238672,0
0,0.0057662,0
0,0.017183576,0
0,0.018443247,0
0,0.07659475,0
0,0.011077012,0
0,0.031198341,0
0,0.007595349,0
0,0.003571286,0
1,0.07130741,0
0,0.0050037988,0
0,0.01389638,0
0,0.022158483,0
0,0.012760245,0
1,0.049659044,0
0,0.058778506,0
0,0.020835252,0
0,0.048259884,0
0,0.004736753,0
0,0.0103690615,0
0,0.010828297,0
0,0.0029118932,0
0,0.0057393033,0
0,0.0044105323,0
0,0.13684247,0
0,0.008780009,0
0,0.20434585,0
0,0.022293009,0
0,0.23112398,0
0,0.07091529,0
0,0.008189033,0
0,0.0060421904,0
1,0.24836785,0
0,0.008118371,0
0,0.0071516205,0
0,0.0032225898,0
0,0.016198175,0
0,0.011004854,0
0,0.023527011,0
0,0.036619414,0
0,0.020534266,0
0,0.003913779,0
0,0.15651184,0
0,0.013923471,0
0,0.017714372,0
0,0.006844361,0
0,0.02283697,0
0,0.062936604,0
0,0.01183059,0
0,0.0049120835,0
0,0.010168395,0
0,0.018378325,0
0,0.03134001,0
0,0.018597601,0
0,0.08634098,0
0,0.004245603,0
0,0.040201847,0
0,0.0064996243,0
0,0.0031458386,0
0,0.018170154,0
0,0.016034007,0
0,0.02322842,0
0,0.006016936,0
0,0.019684874,0
0,0.0193836,0
0,0.2647996,0
0,0.0036063623,0
0,0.00956743,0
0,0.01625689,0
0,0.018414361,0
0,0.0075620953,0
0,0.013874898,0
0,0.013745765,0
0,0.014210483,0
0,0.060308587,0
0,0.066979796,0
1,0.032709837,0
0,0.009981243,0
0,0.072271146,0
0,0.06826399,0
0,0.004350157,0
0,0.012461197,0
0,0.007011822,0
0,0.0019143642,0
0,0.008901871,0
0,0.022237467,0
0,0.04818251,0
1,0.9295795,1
0,0.013591564,0
0,0.014662808,0
0,0.019745382,0
0,0.017972488,0
0,0.11737656,0
0,0.012946589,0
0,0.008773214,0
0,0.010205364,0
0,0.0434172,0
0,0.014860877,0
0,0.010853771,0
0,0.0072565195,0
0,0.029837316,0
0,0.0026378753,0
0,0.015640205,0
0,0.0027450742,0
0,0.004433866,0
0,0.017813789,0
0,0.024471706,0
0,0.07831104,0
0,0.0029300174,0
0,0.006383828,0
0,0.017431114,0
0,0.028491674,0
0,0.005906526,0
0,0.054376055,0
0,0.014495818,0
0,0.013368776,0
0,0.0067162514,0
0,0.017755067,0
0,0.001103467,0
0,0.031301875,0
0,0.22733276,0
0,0.013501343,0
0,0.03597542,0
1,0.26111418,0
0,0.004139543,0
1,0.77886164,1
0,0.016348593,0
0,0.03963599,0
0,0.017154152,0
1,0.97196823,1
0,0.036264494,0
0,0.003815614,0
0,0.08081947,0
0,0.028553033,0
0,0.016428456,0
0,0.0063467743,0
0,0.016968224,0
0,0.026405532,0
0,0.018590692,0
0,0.05917464,0
0,0.009905351,0
0,0.0023076423,0
0,0.018274589,0
0,0.006205734,0
0,0.010038935,0
0,0.059854813,0
0,0.009475755,0
0,0.013093015,0
0,0.01029511,0
0,0.004480262,0
1,0.97273177,1
0,0.01978477,0
0,0.018512657,0
0,0.005132231,0
0,0.019719543,0
0,0.007948605,0
0,0.054667186,0
0,0.045439586,0
0,0.012397725,0
0,0.016853034,0
0,0.038900733,0
0,0.019386347,0
0,0.008338022,0
0,0.009858031,0
0,0.007246561,0
0,0.013591736,0
0,0.0151365055,0
0,0.014291267,0
0,0.021568703,0
0,0.005201385,0
0,0.010600364,0
0,0.0019363391,0
0,0.0791768,0
0,0.2045278,0
0,0.0933498,0
0,0.029168589,0
0,0.005331156,0
0,0.012830959,0
0,0.079052396,0
0,0.0038200028,0
0,0.0048088143,0
0,0.0031962972,0
0,0.017213704,0
0,0.044094156,0
0,0.008350253,0
0,0.022621483,0
0,0.029156439,0
0,0.032814566,0
0,0.0036356447,0
0,0.004105587,0
0,0.01697914,0
0,0.17529272,0
0,0.117058486,0
0,0.013194524,0
0,0.016368778,0
0,0.01823728,0
0,0.014200015,0
0,0.14122479,0
0,0.024174234,0
0,0.006106776,0
0,0.009244322,0
0,0.10150446,0
0,0.0061743497,0
0,0.0089140665,0
0,0.0050287214,0
0,0.020207318,0
0,0.012799614,0
0,0.026617682,0
0,0.017282147,0
0,0.3061627,0
0,0.018190531,0
0,0.011090878,0
0,0.006183896,0
0,0.045327235,0
0,0.028405711,0
0,0.008805006,0
0,0.005970199,0
0,0.02828041,0
0,0.017019778,0
0,0.021323927,0
0,0.0078901965,0
0,0.017503595,0
0,0.002651208,0
0,0.017512076,0
0,0.005334517,0
0,0.011523607,0
0,0.026524594,0
0,0.006054907,0
0,0.009417468,0
0,0.008268012,0
0,0.00571057,0
0,0.03226848,0
0,0.027289841,0
0,0.0046758493,0
0,0.013361307,0
0,0.0035266127,0
0,0.009994558,0
0,0.019268863,0
0,0.0034700672,0
0,0.050880868,0
0,0.004785124,0
0,0.019610262,0
0,0.017061599,0
0,0.041295778,0
0,0.006919057,0
0,0.028382322,0
0,0.01865288,0
0,0.0020624136,0
0,0.016676445,0
0,0.05077306,0
0,0.0021972228,0
0,0.008990037,0
0,0.013779609,0
0,0.0033979537,0
0,0.003211022,0
0,0.015639024,0
0,0.053412743,0
0,0.0062050135,0
0,0.053068593,0
0,0.08225659,0
0,0.009102891,0
0,0.022576172,0
0,0.023141233,0
0,0.030831609,0
0,0.02843687,0
0,0.0065622935,0
0,0.018930538,0
0,0.0068811504,0
0,0.010519692,0
0,0.015319505,0
0,0.01386745,0
0,0.034484915,0
0,0.0143464,0
0,0.010679521,0
0,0.0049744085,0
0,0.008373122,0
0,0.024149086,0
0,0.002671382,0
0,0.035733882,0
0,0.24214852,0
0,0.018868946,0
0,0.006379241,0
0,0.125174,0
0,0.0045416686,0
0,0.0041181426,0
0,0.010275195,0
1,0.056106534,0
0,0.008664814,0
0,0.008146772,0
0,0.014242442,0
0,0.0023386278,0
1,0.9292032,1
0,0.016801363,0
0,0.22794585,0
0,0.019811314,0
0,0.0131919915,0
0,0.028511116,0
0,0.018459802,0
0,0.011856471,0
0,0.0049118735,0
0,0.0032350284,0
0,0.010848239,0
0,0.033297516,0
0,0.07666576,0
0,0.03455317,0
0,0.008390116,0
0,0.010517661,0
0,0.056564733,0
0,0.011840544,0
0,0.039363388,0
0,0.006767914,0
0,0.015242759,0
0,0.03537628,0
0,0.025300337,0
0,0.013220538,0
0,0.015271502,0
0,0.023475787,0
0,0.0030568822,0
0,0.14097238,0
0,0.0030255544,0
0,0.06462264,0
0,0.0027043186,0
0,0.0077131377,0
0,0.0042300005,0
0,0.017423797,0
0,0.01544717,0
0,0.013415999,0
0,0.013896248,0
0,0.008824354,0
0,0.035915516,0
0,0.0063390327,0
0,0.011217999,0
0,0.0146128135,0
0,0.062423084,0
0,0.017703,0
0,0.0038753208,0
0,0.0045575346,0
0,0.009379091,0
1,0.07638835,0
0,0.025581658,0
0,0.15164165,0
0,0.113930225,0
0,0.002622991,0
0,0.033165097,0
0,0.009683569,0
0,0.0025460203,0
1,0.4733905,1
0,0.010860413,0
0,0.005639127,0
0,0.0075621493,0
0,0.0057205204,0
0,0.009860209,0
0,0.09862887,0
0,0.106017284,0
0,0.0017924435,0
0,0.014564664,0
1,0.9950393,1
0,0.003050341,0
0,0.0070696874,0
0,0.008984936,0
0,0.004094061,0
0,0.05050897,0
0,0.049449973,0
0,0.012790055,0
0,0.01751795,0
0,0.03440893,0
0,0.0024885081,0
1,0.028074477,0
0,0.032418057,0
0,0.0023166034,0
0,0.022695096,0
0,0.1504196,0
0,0.10489343,0
0,0.020176848,0
0,0.025837332,0
0,0.019213181,0
0,0.022460865,0
0,0.014967046,0
0,0.006289407,0
0,0.035997756,0
0,0.007990682,0
0,0.04790327,0
0,0.0034935458,0
0,0.010876863,0
0,0.0014172312,0
1,0.030262053,0
0,0.008862647,0
0,0.008369211,0
0,0.023481058,0
0,0.0043795146,0
0,0.04315881,0
0,0.004094948,0
0,0.043656558,0
0,0.011234979,0
0,0.007835382,0
0,0.040386647,0
0,0.016749775,0
0,0.07661698,0
0,0.0017048725,0
0,0.014163076,0
0,0.02479703,0
0,0.0042375694,0
0,0.02686973,0
0,0.043819197,0
0,0.004475243,0
0,0.010847835,0
0,0.102964684,0
0,0.15098481,0
0,0.0045419834,0
0,0.008868571,0
0,0.051395327,0
0,0.0023260498,0
0,0.0029678082,0
0,0.0066544544,0
0,0.018342067,0
0,0.013138077,0
0,0.006085229,0
0,0.016250309,0
0,0.013489859,0
0,0.011929412,0
0,0.007458575,0
0,0.015315987,0
0,0.0064982516,0
0,0.0045643,0
0,0.013622778,0
0,0.028666168,0
0,0.00481183,0
0,0.010523946,0
0,0.016805593,0
0,0.01063895,0
0,0.007214373,0
0,0.019603658,0
0,0.01217607,0
0,0.0020449192,0
0,0.040934704,0
0,0.036187753,0
0,0.017723477,0
0,0.01858084,0
0,0.01791279,0
0,0.0028761318,0
0,0.004736756,0
1,0.854115,1
0,0.016596772,0
1,0.04208946,0
0,0.16192104,0
0,0.0074501038,0
0,0.0015667352,0
0,0.021685645,0
0,0.005210161,0
0,0.027604371,0
0,0.012988451,0
0,0.035733882,0
0,0.022826688,0
0,0.020650843,0
0,0.014476519,0
0,0.017855292,0
0,0.03281732,0
0,0.03753248,0
0,0.017375696,0
0,0.007872356,0
0,0.033289146,0
0,0.011749195,0
0,0.055846166,0
0,0.019470844,0
0,0.007543049,0
1,0.3787528,1
0,0.015698057,0
0,0.039907705,0
0,0.0026352934,0
0,0.013238286,0
0,0.0082040075,0
0,0.0030309067,0
0,0.015151164,0
0,0.004701397,0
0,0.015472558,0
0,0.007883421,0
0,0.030973248,0
0,0.036592416,0
0,0.003683582,0
0,0.010269727,0
0,0.05933217,0
0,0.022054797,0
0,0.006625425,0
0,0.049889475,0
0,0.08951519,0
0,0.033077512,0
1,0.23922351,0
0,0.01940854,0
0,0.015401945,0
0,0.0039320644,0
0,0.0050713224,0
0,0.04426639,0
0,0.0051239408,0
0,0.21302627,0
0,0.00879034,0
0,0.09364408,0
0,0.01604494,0
0,0.063499585,0
0,0.012775861,0
0,0.012456262,0
0,0.033223215,0
0,0.025251942,0
0,0.0057722367,0
0,0.02517629,0
0,0.012909148,0
0,0.017793927,0
0,0.013025296,0
0,0.025221296,0
0,0.009033315,0
0,0.017121142,0
0,0.1980586,0
0,0.0016570787,0
0,0.001863894,0
0,0.019924648,0
0,0.0063300645,0
0,0.04361581,0
0,0.21274537,0
0,0.015426725,0
0,0.010425292,0
0,0.054199412,0
0,0.01990422,0
0,0.040575463,0
0,0.005865313,0
0,0.01767251,0
0,0.002554862,0
0,0.015595135,0
0,0.059196506,0
0,0.018871337,0
0,0.03875074,0
0,0.008184414,0
0,0.021267159,0
0,0.0037087803,0
0,0.043559898,0
0,0.022012059,0
1,0.9712955,1
0,0.014247036,0
0,0.008340829,0
1,0.040584013,0
0,0.01775921,0
0,0.024126446,0
0,0.0027772551,0
0,0.016732814,0
0,0.022471676,0
0,0.008016266,0
0,0.004889687,0
0,0.028109413,0
0,0.028823972,0
0,0.026558481,0
0,0.0054571494,0
0,0.0037412932,0
0,0.0034584142,0
0,0.022966765,0
0,0.07124296,0
0,0.0048463964,0
0,0.0067312256,0
0,0.0040437044,0
0,0.004889218,0
0,0.06608853,0
0,0.008505435,0
0,0.026791899,0
0,0.0045773564,0
0,0.005463465,0
0,0.02990514,0
0,0.21596321,0
0,0.064933166,0
0,0.070599966,0
0,0.020350346,0
0,0.015071786,0
1,0.05098346,0
1,0.072287165,0
0,0.030105822,0
0,0.0067918357,0
0,0.06192094,0
0,0.018313758,0
0,0.02033365,0
0,0.003837619,0
0,0.005645636,0
0,0.026054379,0
0,0.00366386,0
0,0.0042837677,0
0,0.030535052,0
0,0.03276983,0
0,0.046703584,0
0,0.008070214,0
0,0.005582969,0
0,0.42844763,1
0,0.018341571,0
0,0.018092053,0
0,0.013845797,0
0,0.0058691236,0
0,0.015274721,0
0,0.041017555,0
1,0.11446474,0
0,0.020017557,0
0,0.021905176,0
0,0.019471144,0
0,0.008029795,0
0,0.010639011,0
0,0.060820382,0
0,0.005578174,0
0,0.05681817,0
0,0.13318409,0
0,0.024079513,0
0,0.03231671,0
0,0.018345863,0
0,0.0019663216,0
0,0.011480322,0
0,0.006172887,0
0,0.0042016036,0
0,0.010356034,0
0,0.0021777402,0
0,0.016468344,0
0,0.0081807645,0
0,0.06088344,0
0,0.038602427,0
0,0.023943536,0
0,0.028358229,0
0,0.007501125,0
0,0.009142343,0
0,0.034253314,0
0,0.0069516185,0
0,0.008602017,0
0,0.021681149,0
0,0.009303167,0
0,0.036302224,0
0,0.036030483,0
0,0.022345992,0
0,0.122565664,0
0,0.011995195,0
0,0.0334915,0
0,0.04519269,0
0,0.006275199,0
0,0.002706439,0
0,0.015962724,0
0,0.03669672,0
0,0.010828583,0
0,0.026649866,0
0,0.03301056,0
0,0.024594614,0
0,0.0116321165,0
0,0.018508127,0
0,0.084754415,0
0,0.017098527,0
0,0.024463318,0
0,0.03892743,0
1,0.5049243,1
0,0.069356985,0
0,0.02299713,0
0,0.018306961,0
0,0.025618354,0
0,0.020930849,0
1,0.96103704,1
0,0.025035197,0
0,0.0571312,0
0,0.050163575,0
0,0.025205664,0
0,0.00702958,0
1,0.7530065,1
0,0.01553976,0
0,0.03561482,0
0,0.016597178,0
0,0.005146882,0
0,0.0051603257,0
0,0.037036154,0
0,0.005599772,0
0,0.024650207,0
0,0.008194116,0
0,0.022694742,0
0,0.016073309,0
0,0.004961207,0
0,0.015136471,0
0,0.0057126633,0
0,0.014145211,0
0,0.061904643,0
0,0.009351264,0
0,0.0018546301,0
0,0.012550834,0
0,0.01719794,0
0,0.0073544406,0
0,0.005837525,0
0,0.008640791,0
0,0.003831879,0
0,0.0058668014,0
0,0.0075698337,0
0,0.005123226,0
0,0.011690899,0
0,0.008371087,0
0,0.014395259,0
0,0.014967179,0
0,0.03582761,0
0,0.025944328,0
0,0.008674817,0
0,0.0055971206,0
0,0.037105042,0
0,0.018463623,0
0,0.03767213,0
0,0.058681685,0
0,0.026889598,0
0,0.012226346,0
0,0.050319456,0
0,0.007965668,0
0,0.0021035,0
0,0.0056975,0
0,0.017636381,0
0,0.036965303,0
0,0.05130813,0
0,0.055800226,0
0,0.02203993,0
0,0.008767685,0
0,0.00624575,0
0,0.0155183915,0
0,0.006227699,0
0,0.0099654645,0
0,0.0024704414,0
0,0.025945352,0
0,0.0037477608,0
0,0.026320612,0
0,0.03507938,0
0,0.0057447148,0
0,0.008130482,0
0,0.02580243,0
0,0.037852645,0
0,0.0033733323,0
0,0.01426852,0
0,0.026108626,0
0,0.0062853764,0
0,0.014914713,0
0,0.024052495,0
0,0.027113749,0
0,0.026943238,0
0,0.0019424342,0
0,0.0029400701,0
0,0.012087612,0
0,0.0087195495,0
0,0.011671506,0
0,0.005415605,0
0,0.009012913,0
0,0.027145082,0
0,0.013661589,0
0,0.030295122,0
0,0.011988257,0
0,0.0015732485,0
0,0.011623623,0
0,0.009222401,0
0,0.06169893,0
0,0.007960451,0
0,0.0065263817,0
0,0.020387264,0
0,0.048421852,0
0,0.20043088,0
0,0.004010617,0
0,0.05960266,0
0,0.011670355,0
1,0.977948,1
0,0.013012165,0
0,0.0123531055,0
0,0.0025904581,0
0,0.020335093,0
0,0.0042874753,0
0,0.030693686,0
0,0.0060061915,0
0,0.0057552373,0
0,0.0055534337,0
0,0.004684465,0
0,0.0067519667,0
0,0.00778276,0
0,0.027047634,0
0,0.011014433,0
0,0.021261012,0
0,0.022915514,0
0,0.010897017,0
0,0.004249572,0
0,0.0142159825,0
0,0.00998943,0
0,0.01869217,0
0,0.051012423,0
0,0.0070746127,0
0,0.01223573,0
0,0.0075375573,0
0,0.005367375,0
0,0.020382112,0
0,0.0067577027,0
0,0.010387653,0
0,0.041000333,0
0,0.0341044,0
0,0.019543862,0
0,0.002839917,0
0,0.0037510437,0
0,0.023138953,0
0,0.017795945,0
0,0.02147233,0
0,0.026132151,0
0,0.0038215565,0
0,0.04573144,0
0,0.0036838553,0
0,0.028468523,0
0,0.012122087,0
0,0.017127264,0
0,0.014656387,0
0,0.036570534,0
0,0.034221806,0
0,0.070225336,0
0,0.0037215194,0
0,0.0102242045,0
0,0.0013806872,0
0,0.035181474,0
0,0.0010568107,0
0,0.015758425,0
0,0.026837707,0
0,0.038195614,0
0,0.028427735,0
0,0.011227556,0
0,0.035039697,0
0,0.0076656532,0
0,0.02031752,0
0,0.010745782,0
0,0.039781295,0
0,0.01714985,0
0,0.02410406,0
0,0.03217362,0
0,0.0028891086,0
0,0.0061192308,0
0,0.020533623,0
0,0.026597038,0
0,0.036723193,0
0,0.007918821,0
0,0.02680568,0
0,0.009828217,0
0,0.059700053,0
0,0.04679546,0
0,0.0073906626,0
0,0.03863216,0
0,0.0022277718,0
0,0.03866582,0
0,0.017268185,0
0,0.005540892,0
0,0.14620739,0
0,0.101067066,0
0,0.0072505386,0
0,0.006464084,0
0,0.124392025,0
0,0.003701706,0
0,0.01941283,0
0,0.0020426938,0
1,0.9754192,1
0,0.01187927,0
0,0.0049722097,0
0,0.008304618,0
0,0.010628261,0
0,0.0933562,0
0,0.0122255795,0
0,0.012668051,0
0,0.27966416,0
0,0.0064609945,0
0,0.004164454,0
0,0.0014724573,0
0,0.0073393206,0
0,0.035171293,0
0,0.014343562,0
0,0.0042872205,0
0,0.008344719,0
0,0.0005173748,0
0,0.013977046,0
0,0.010571511,0
0,0.0073496485,0
0,0.053675402,0
0,0.008319169,0
0,0.018438676,0
0,0.008638255,0
0,0.0057369443,0
0,0.0026218686,0
0,0.032055367,0
0,0.004898484,0
0,0.031412456,0
0,0.07079471,0
0,0.01696548,0
0,0.034688372,0
0,0.006779935,0
0,0.010214708,0
0,0.06713595,0
0,0.005545245,0
0,0.013323299,0
0,0.004335609,0
0,0.0047839275,0
0,0.012597411,0
0,0.016890548,0
0,0.013176574,0
0,0.027610913,0
0,0.20406826,0
0,0.017026369,0
0,0.014772236,0
0,0.009030823,0
0,0.14792238,0
0,0.10937842,0
0,0.018554699,0
0,0.03968565,0
0,0.009464138,0
0,0.05067372,0
0,0.14005047,0
0,0.008897518,0
0,0.014867056,0
0,0.035449374,0
0,0.0055836784,0
1,0.03439553,0
0,0.026712297,0
0,0.013091426,0
0,0.0022150287,0
0,0.0007991453,0
0,0.03645922,0
0,0.014303794,0
0,0.0030683253,0
0,0.002679665,0
0,0.0021431851,0
1,0.9910419,1
0,0.012717019,0
0,0.009937038,0
0,0.016351061,0
0,0.02020848,0
0,0.013138968,0
0,0.02464746,0
0,0.11095125,0
0,0.046571787,0
0,0.021343524,0
0,0.010261959,0
0,0.01591842,0
0,0.0034031607,0
0,0.011050446,0
0,0.026523229,0
0,0.6675885,1
0,0.03747064,0
0,0.008651708,0
0,0.005712972,0
0,0.011495084,0
0,0.20630762,0
0,0.0057318686,0
0,0.006846987,0
0,0.0042963964,0
0,0.0011424893,0
0,0.02416331,0
0,0.0037825098,0
0,0.15904072,0
0,0.010190645,0
0,0.008885512,0
0,0.007284035,0
0,0.18979977,0
0,0.006043184,0
0,0.015082598,0
0,0.053222016,0
0,0.041322783,0
0,0.015512827,0
0,0.0061523006,0
0,0.03459205,0
0,0.008878654,0
0,0.0075683035,0
0,0.0690181,0
0,0.018795704,0
0,0.06361447,0
0,0.019039417,0
0,0.036269728,0
1,0.85161823,1
0,0.025000896,0
0,0.08182109,0
0,0.0048621334,0
0,0.020842222,0
0,0.04233532,0
0,0.041460652,0
0,0.06955653,0
0,0.05776236,0
0,0.0047287415,0
0,0.0052443063,0
0,0.007678163,0
0,0.019495312,0
0,0.002409274,0
0,0.058318548,0
0,0.023199404,0
0,0.00963262,0
0,0.08805352,0
0,0.009295054,0
0,0.025609381,0
0,0.007337396,0
0,0.031913474,0
0,0.03971845,0
0,0.0043698135,0
0,0.025905633,0
0,0.055641748,0
0,0.21225113,0
0,0.009766263,0
0,0.010912601,0
0,0.017948324,0
0,0.09808126,0
0,0.009404448,0
0,0.0059032342,0
0,0.007849618,0
0,0.17586547,0
0,0.03895982,0
0,0.014213217,0
0,0.010699344,0
0,0.003856785,0
0,0.058773488,0
0,0.032622773,0
0,0.005302166,0
0,0.0029585736,0
0,0.001113348,0
0,0.019839354,0
0,0.020608349,0
0,0.0075974376,0
0,0.0074831555,0
1,0.1698398,0
0,0.021492857,0
0,0.014174812,0
0,0.024798298,0
0,0.035200704,0
0,0.005982649,0
0,0.036156233,0
0,0.09887487,0
0,0.00587194,0
0,0.012405627,0
0,0.004631518,0
0,0.017806683,0
0,0.009913806,0
0,0.010860971,0
0,0.008199872,0
0,0.005444912,0
0,0.0036089162,0
1,0.84943,1
0,0.012763579,0
0,0.0036613906,0
0,0.020407706,0
0,0.06666365,0
0,0.015863739,0
0,0.034884818,0
0,0.02845042,0
0,0.016945262,0
0,0.015468533,0
0,0.11161925,0
0,0.013075399,0
0,0.0025860032,0
0,0.0047419555,0
0,0.005387725,0
0,0.015325887,0
0,0.033506647,0
0,0.0055433577,0
0,0.019149153,0
0,0.008427115,0
0,0.05530175,0
0,0.019215683,0
0,0.004263604,0
0,0.016829,0
0,0.013970509,0
0,0.010830657,0
0,0.07572573,0
0,0.0029276141,0
0,0.0049420265,0
0,0.007201686,0
0,0.0051142336,0
0,0.013588732,0
0,0.014413408,0
0,0.0044596093,0
0,0.0037291185,0
0,0.012393452,0
1,0.38602048,1
0,0.029108956,0
0,0.00297241,0
0,0.0111193545,0
0,0.054198947,0
0,0.12743026,0
0,0.028435947,0
0,0.006040095,0
0,0.0024642071,0
0,0.018280081,0
0,0.041687615,0
0,0.0037510365,0
0,0.03275957,0
0,0.0059001846,0
0,0.0021686875,0
0,0.013362376,0
0,0.14870638,0
0,0.024522534,0
0,0.010666873,0
0,0.0029231245,0
0,0.0043683965,0
0,0.016175333,0
0,0.005525655,0
0,0.027950363,0
0,0.023605684,0
0,0.029943815,0
1,0.50940555,1
0,0.04750086,0
0,0.011418323,0
0,0.01950473,0
0,0.011340369,0
0,0.010012607,0
0,0.008722864,0
0,0.01920534,0
0,0.0012525801,0
0,0.014628325,0
0,0.10726553,0
0,0.009382595,0
0,0.01633504,0
0,0.008716043,0
0,0.038478117,0
0,0.011570653,0
0,0.01710453,0
0,0.015192123,0
0,0.0007677927,0
0,0.03292826,0
0,0.04569277,0
0,0.06654853,0
0,0.004158052,0
0,0.023578916,0
0,0.0050858003,0
0,0.002780437,0
1,0.022529433,0
0,0.004920591,0
0,0.058482863,0
0,0.027827345,0
0,0.014181316,0
0,0.019749897,0
0,0.01696141,0
0,0.009065239,0
0,0.010961045,0
0,0.007039346,0
0,0.018356647,0
0,0.051802438,0
0,0.018553127,0
0,0.008216739,0
0,0.005429492,0
0,0.032946214,0
0,0.005134043,0
0,0.007466726,0
0,0.010865008,0
0,0.0039715907,0
0,0.029402202,0
0,0.012542736,0
0,0.02855378,0
0,0.043618113,0
0,0.01642089,0
0,0.010780214,0
0,0.0032987187,0
0,0.020987194,0
0,0.016487649,0
0,0.016166307,0
0,0.04260901,0
0,0.0015654803,0
0,0.04504173,0
0,0.060432255,0
0,0.024694186,0
0,0.037036005,0
0,0.017615765,0
0,0.004602751,0
0,0.04787355,0
0,0.023104526,0
0,0.020583533,0
0,0.016442584,0
0,0.00397117,0
0,0.017850978,0
0,0.05253126,0
0,0.01295875,0
0,0.010332799,0
0,0.015055011,0
0,0.021899091,0
1,0.8205895,1
0,0.010685675,0
0,0.013524175,0
0,0.020486148,0
0,0.078646585,0
0,0.00699814,0
0,0.03230134,0
0,0.056052692,0
0,0.026898764,0
0,0.05383314,0
0,0.01811407,0
0,0.00760916,0
0,0.0252739,0
0,0.003113602,0
0,0.016903063,0
0,0.05179124,0
0,0.013108446,0
0,0.005502587,0
0,0.0048982115,0
0,0.018106816,0
0,0.0045401123,0
0,0.010957969,0
0,0.088566944,0
0,0.007881866,0
0,0.07574589,0
0,0.0043218555,0
0,0.015633482,0
0,0.014580337,0
0,0.06502492,0
0,0.017088545,0
0,0.0031638052,0
0,0.009175768,0
0,0.05256345,0
0,0.008026286,0
0,0.0069427267,0
0,0.0074325013,0
0,0.040992074,0
0,0.05796099,0
0,0.0022953933,0
0,0.039526094,0
0,0.0048778728,0
0,0.01026474,0
0,0.039820712,0
0,0.092200026,0
0,0.03587857,0
0,0.016122757,0
0,0.032151252,0
0,0.008772203,0
0,0.061458245,0
0,0.0118766,0
0,0.0061353263,0
0,0.018003311,0
0,0.012208724,0
0,0.021047529,0
0,0.014181397,0
0,0.01713062,0
0,0.024270626,0
0,0.0056651006,0
0,0.072543986,0
0,0.029511316,0
0,0.3568987,1
0,0.002531552,0
0,0.0067580584,0
0,0.037381697,0
0,0.015481959,0
0,0.0033901634,0
0,0.059635885,0
0,0.016765159,0
0,0.017644076,0
0,0.0041579553,0
0,0.040401608,0
0,0.045286655,0
0,0.013616595,0
0,0.0074251182,0
0,0.09050945,0
0,0.005994997,0
0,0.012703849,0
0,0.016129414,0
0,0.009080608,0
0,0.0022853557,0
0,0.005133753,0
0,0.008923403,0
0,0.0127245225,0
0,0.012249695,0
0,0.030077787,0
0,0.039666813,0
0,0.0017617035,0
0,0.06884039,0
0,0.013946717,0
0,0.0030098727,0
0,0.0089661805,0
0,0.003152278,0
0,0.026842488,0
0,0.015163542,0
0,0.0020745758,0
0,0.0065122675,0
0,0.032240003,0
0,0.0072331303,0
0,0.045522474,0
0,0.03994484,0
0,0.008260063,0
0,0.014378854,0
0,0.003550634,0
0,0.00978188,0
0,0.0046895617,0
0,0.0069765416,0
0,0.0052604354,0
0,0.02566073,0
0,0.009820383,0
0,0.018138358,0
0,0.09292092,0
0,0.009939675,0
0,0.015173229,0
0,0.010573816,0
0,0.008666542,0
0,0.004955029,0
1,0.03674983,0
0,0.0029591545,0
0,0.006507031,0
0,0.022488074,0
0,0.014475309,0
0,0.012488965,0
0,0.00730655,0
0,0.004886458,0
0,0.018952671,0
0,0.026655568,0
0,0.07232019,0
0,0.008530285,0
0,0.009379258,0
0,0.042059254,0
1,0.056542076,0
0,0.012337292,0
0,0.004189087,0
0,0.12038202,0
0,0.063570306,0
0,0.043365106,0
0,0.0122827245,0
0,0.0075755958,0
0,0.03982602,0
0,0.02031131,0
0,0.004805005,0
0,0.3581062,1
0,0.025323078,0
0,0.008704022,0
0,0.0074815196,0
0,0.030420065,0
0,0.0024925736,0
0,0.0072647897,0
0,0.002005992,0
0,0.0032845733,0
0,0.009769404,0
0,0.0027502312,0
0,0.00417543,0
0,0.05511745,0
0,0.012290752,0
0,0.011545393,0
0,0.038087662,0
0,0.016543569,0
0,0.0073798196,0
0,0.026149487,0
0,0.022467611,0
0,0.006868502,0
0,0.018633008,0
0,0.014086641,0
0,0.014986517,0
0,0.08778771,0
0,0.028108045,0
0,0.0044138753,0
0,0.0052778204,0
0,0.022336207,0
0,0.02005481,0
0,0.021718709,0
0,0.016820854,0
0,0.005050973,0
0,0.043221414,0
0,0.0037559366,0
0,0.020052169,0
0,0.00798299,0
1,0.07856271,0
0,0.081108235,0
1,0.9509552,1
0,0.007754679,0
0,0.03947887,0
0,0.0055666035,0
0,0.020174118,0
0,0.013138968,0
0,0.02149361,0
0,0.017227408,0
0,0.005975448,0
0,0.0023143685,0
0,0.0045473827,0
0,0.021829873,0
0,0.020768616,0
0,0.03223653,0
0,0.043274775,0
0,0.12171758,0
0,0.096539594,0
0,0.036656592,0
0,0.0036610637,0
0,0.030637708,0
1,0.082138054,0
0,0.0342599,0
1,0.9830116,1
0,0.0047943937,0
0,0.04864849,0
0,0.018176485,0
0,0.0055767223,0
0,0.007901036,0
0,0.005131871,0
1,0.8768111,1
0,0.027377587,0
0,0.023478378,0
0,0.011495441,0
0,0.021521231,0
0,0.007702798,0
1,0.87775373,1
1,0.027078634,0
0,0.0044857943,0
0,0.012941794,0
0,0.027312146,0
0,0.004155932,0
0,0.012183632,0
0,0.023924911,0
0,0.06226615,0
0,0.020541085,0
0,0.02806188,0
0,0.03569971,0
0,0.003917303,0
0,0.0045523546,0
0,0.012710969,0
0,0.026234683,0
0,0.0045252494,0
0,0.008039045,0
0,0.0057623903,0
0,0.0072509227,0
0,0.03379388,0
0,0.013220905,0
0,0.006345686,0
0,0.05117343,0
0,0.0022109782,0
0,0.0077466327,0
0,0.010178397,0
0,0.010895789,0
0,0.01318032,0
0,0.09554654,0
0,0.008303511,0
0,0.028429672,0
0,0.041651666,0
0,0.0115992855,0
0,0.03589888,0
0,0.03153672,0
0,0.009047099,0
0,0.0038307435,0
0,0.00952932,0
0,0.0060645426,0
0,0.050388888,0
0,0.0042658476,0
0,0.017109854,0
0,0.013416074,0
0,0.009639605,0
0,0.0028798524,0
0,0.022893697,0
0,0.019386614,0
0,0.037970923,0
0,0.2532377,0
0,0.047000583,0
0,0.00764413,0
0,0.032240734,0
0,0.042000998,0
0,0.009524415,0
0,0.015474823,0
0,0.009662575,0
0,0.015916316,0
0,0.0067779706,0
0,0.027668525,0
0,0.0058243787,0
0,0.004737156,0
0,0.0039878855,0
0,0.0026859143,0
0,0.023776796,0
0,0.16991617,0
0,0.005031793,0
0,0.0059709884,0
0,0.020377243,0
0,0.019922057,0
0,0.0035034867,0
0,0.010693384,0
0,0.024733039,0
0,0.04049764,0
0,0.011186003,0
0,0.012010343,0
0,0.14669584,0
0,0.014768595,0
0,0.0022473212,0
0,0.003845953,0
0,0.02826437,0
0,0.005212065,0
0,0.011058531,0
0,0.035148628,0
0,0.020631844,0
0,0.016867293,0
0,0.027532954,0
0,0.04888178,0
0,0.0054746643,0
0,0.0119330445,0
0,0.016723284,0
0,0.011896095,0
0,0.02774064,0
0,0.02054064,0
0,0.0034752751,0
0,0.07006201,0
0,0.026562186,0
0,0.008629402,0
0,0.013311506,0
0,0.003984457,0
0,0.038489044,0
0,0.0060531544,0
0,0.012811531,0
0,0.0059359516,0
0,0.008256489,0
0,0.013510074,0
0,0.019863054,0
0,0.03037894,0
0,0.016457891,0
0,0.020031461,0
0,0.15161511,0
0,0.016585717,0
0,0.003955358,0
0,0.034247447,0
0,0.010321244,0
0,0.015656777,0
0,0.016136467,0
0,0.009390811,0
0,0.0032891035,0
0,0.00855621,0
0,0.02719066,0
0,0.026670637,0
0,0.008457687,0
0,0.01873795,0
0,0.021181015,0
0,0.020558778,0
1,0.7511381,1
0,0.044387035,0
0,0.008139864,0
0,0.018538386,0
0,0.07860038,0
0,0.02263468,0
1,0.49146837,1
0,0.012278208,0
0,0.021968745,0
0,0.009592258,0
0,0.0032526879,0
0,0.016781524,0
0,0.010731299,0
0,0.043535396,0
0,0.01738867,0
0,0.004777652,0
0,0.005866348,0
0,0.055346962,0
0,0.12838392,0
0,0.019633597,0
0,0.0103200795,0
0,0.0053143473,0
0,0.025713276,0
0,0.0012556943,0
0,0.0047478015,0
0,0.03175091,0
0,0.0035589947,0
0,0.014651747,0
0,0.019232735,0
0,0.013806371,0
0,0.001070025,0
0,0.006399166,0
0,0.017219247,0
0,0.016299503,0
0,0.15680884,0
0,0.002314786,0
0,0.007867296,0
0,0.008982436,0
0,0.007992553,0
0,0.002026143,0
0,0.07575976,0
0,0.004109613,0
0,0.0014557047,0
0,0.020342063,0
0,0.019251034,0
0,0.029448101,0
0,0.017760957,0
0,0.016515123,0
0,0.005282719,0
0,0.031378277,0
0,0.004560404,0
0,0.017290078,0
0,0.010154928,0
0,0.025669664,0
0,0.014934039,0
0,0.013611422,0
0,0.020384165,0
0,0.037124503,0
1,0.031958524,0
1,0.82543415,1
0,0.002525099,0
0,0.0065469923,0
0,0.039154015,0
0,0.0043011294,0
0,0.0066617075,0
0,0.03275904,0
0,0.027380576,0
0,0.009992477,0
0,0.005311915,0
0,0.030759245,0
0,0.0032868986,0
0,0.015769219,0
0,0.006276502,0
0,0.047280513,0
0,0.015077343,0
0,0.011727925,0
0,0.025298333,0
0,0.0026076473,0
0,0.009461488,0
0,0.0067935637,0
0,0.0045960797,0
0,0.09893141,0
0,0.0076941764,0
0,0.0022299243,0
0,0.012916192,0
0,0.16792874,0
0,0.022517039,0
0,0.0052166083,0
0,0.008142647,0
0,0.007123459,0
0,0.010169533,0
0,0.027609047,0
0,0.026770668,0
0,0.0202613,0
0,0.0035004597,0
0,0.06906196,0
1,0.91719884,1
0,0.030944992,0
0,0.025788624,0
0,0.006606565,0
0,0.00972712,0
0,0.034714736,0
0,0.008079295,0
0,0.023831014,0
0,0.00911219,0
0,0.012014707,0
0,0.005642216,0
0,0.0075645866,0
0,0.009311284,0
0,0.018575877,0
0,0.005925744,0
0,0.0281007,0
0,0.0031908858,0
0,0.01060463,0
0,0.010736008,0
0,0.0048350347,0
0,0.010167297,0
0,0.021449024,0
0,0.045593265,0
0,0.0025259892,0
0,0.009788593,0
0,0.03664135,0
0,0.0055702366,0
0,0.021216337,0
0,0.04647449,0
0,0.020414082,0
0,0.40456825,1
0,0.050338507,0
0,0.016855057,0
0,0.009036662,0
0,0.011286164,0
0,0.0020957352,0
0,0.016012844,0
0,0.0052074455,0
0,0.0148099605,0
0,0.0047915503,0
0,0.00427895,0
0,0.046737045,0
0,0.011941886,0
0,0.0075927903,0
0,0.0030923253,0
0,0.020424832,0
0,0.0043746685,0
0,0.008180358,0
0,0.02099565,0
0,0.014069724,0
0,0.004866429,0
0,0.0238865,0
0,0.0072972593,0
0,0.061149415,0
0,0.20039506,0
0,0.005323894,0
0,0.0075681396,0
0,0.021222565,0
0,0.013425255,0
1,0.22097908,0
0,0.026604362,0
0,0.027303537,0
0,0.13003556,0
0,0.0613691,0
0,0.0043584905,0
0,0.01524316,0
0,0.025244102,0
0,0.018646868,0
0,0.01578351,0
0,0.0018128771,0
0,0.0009301543,0
0,0.00703629,0
0,0.0034403806,0
0,0.0053461078,0
0,0.0038877346,0
0,0.007099006,0
0,0.011187633,0
0,0.0027665538,0
0,0.009057956,0
0,0.004989106,0
0,0.011392301,0
0,0.026040105,0
1,0.07504198,0
0,0.014245903,0
0,0.0067514903,0
0,0.014897284,0
0,0.013617639,0
0,0.033619422,0
0,0.00847758,0
0,0.017242398,0
0,0.024039576,0
0,0.030404992,0
0,0.006655737,0
0,0.006602814,0
0,0.022704497,0
0,0.045490738,0
0,0.007673089,0
0,0.004204266,0
0,0.11014078,0
0,0.014851986,0
0,0.036513105,0
0,0.021935156,0
0,0.0067918133,0
0,0.0023524617,0
0,0.0053670392,0
0,0.017190738,0
0,0.005117064,0
0,0.062268388,0
0,0.027925022,0
0,0.0049749236,0
0,0.02177466,0
0,0.0033269909,0
0,0.011292295,0
0,0.006571128,0
0,0.010910594,0
0,0.0036150774,0
0,0.0050916304,0
0,0.0050547747,0
0,0.0710419,0
0,0.027207596,0
0,0.0155422995,0
0,0.0077793067,0
0,0.010951135,0
0,0.04384434,0
0,0.011983451,0
0,0.016199552,0
0,0.013097082,0
0,0.011005399,0
0,0.046500877,0
0,0.025259603,0
0,0.04315061,0
0,0.010049465,0
0,0.009342708,0
0,0.002003218,0
0,0.007957149,0
0,0.010967834,0
0,0.022059686,0
0,0.0055957325,0
0,0.002775354,0
0,0.0049230503,0
0,0.05581862,0
0,0.0060386863,0
0,0.0068817954,0
0,0.033277016,0
0,0.0103888735,0
0,0.015916636,0
0,0.0146358665,0
0,0.0025401926,0
0,0.011918401,0
0,0.06421715,0
0,0.027270228,0
0,0.17712982,0
0,0.025560517,0
0,0.029213844,0
0,0.067405954,0
0,0.0026188912,0
0,0.016577702,0
0,0.027218603,0
0,0.03010262,0
0,0.0106146755,0
0,0.015240998,0
0,0.0111187985,0
0,0.008370173,0
0,0.021416513,0
0,0.0038195674,0
0,0.0038992334,0
0,0.013215711,0
0,0.025133576,0
0,0.011284956,0
0,0.0045906813,0
0,0.002296383,0
0,0.024658702,0
0,0.006775794,0
0,0.0147919385,0
0,0.042237867,0
0,0.004183485,0
0,0.04860436,0
0,0.008035894,0
0,0.0041763973,0
0,0.021928772,0
0,0.0027187683,0
0,0.002462931,0
0,0.010077612,0
0,0.031351484,0
0,0.012030934,0
0,0.08716972,0
0,0.032966387,0
0,0.04623561,0
0,0.008402642,0
0,0.05036329,0
0,0.018447215,0
0,0.005938307,0
0,0.015806653,0
0,0.010973505,0
0,0.017623251,0
0,0.01922558,0
0,0.058873177,0
0,0.025644982,0
0,0.04305331,0
0,0.024612824,0
0,0.017930623,0
0,0.008858087,0
0,0.040488828,0
0,0.023684746,0
0,0.013450617,0
0,0.01712375,0
1,0.068446375,0
0,0.05602124,0
0,0.02780322,0
0,0.009097877,0
0,0.04457442,0
0,0.0055108755,0
0,0.054726087,0
0,0.021807948,0
0,0.03354167,0
0,0.06817202,0
0,0.026509117,0
0,0.073248334,0
0,0.01280628,0
0,0.013850356,0
0,0.039464325,0
0,0.015229259,0
0,0.028749228,0
0,0.0071451063,0
0,0.006399893,0
0,0.0085557215,0
0,0.0070474828,0
0,0.0044660643,0
0,0.16466032,0
0,0.011299144,0
0,0.03040086,0
0,0.007741895,0
0,0.0030907644,0
0,0.023375995,0
1,0.07989304,0
0,0.06526423,0
0,0.042670187,0
0,0.019945042,0
0,0.018873824,0
0,0.022454472,0
0,0.0053211297,0
0,0.011472501,0
0,0.11589966,0
0,0.014036834,0
0,0.0023869288,0
0,0.02264779,0
0,0.1956039,0
0,0.035882775,0
0,0.19294715,0
0,0.049295068,0
0,0.022754129,0
0,0.0025025536,0
0,0.0516631,0
0,0.03274062,0
0,0.018247293,0
0,0.020758176,0
0,0.002529412,0
0,0.014340279,0
0,0.0018258067,0
0,0.007945778,0
0,0.082011804,0
0,0.029402534,0
0,0.015366964,0
0,0.0131056085,0
0,0.018629415,0
0,0.007334174,0
1,0.98059046,1
0,0.031478062,0
0,0.36207423,1
0,0.012588469,0
0,0.00433099,0
0,0.0072684838,0
1,0.32375497,0
0,0.0012130163,0
0,0.27651826,0
0,0.0058296183,0
0,0.022503955,0
0,0.015125017,0
0,0.018524349,0
0,0.0034921102,0
0,0.012591753,0
0,0.008009653,0
0,0.016104098,0
0,0.015724516,0
1,0.091234036,0
0,0.00897683,0
0,0.015520527,0
0,0.0022283017,0
0,0.0046717455,0
1,0.12086507,0
0,0.0056596617,0
0,0.012875172,0
0,0.010919834,0
0,0.00373399,0
0,0.0538538,0
0,0.015635801,0
0,0.0021823207,0
0,0.015060168,0
0,0.041042764,0
0,0.0109184645,0
0,0.0076399934,0
0,0.059511192,0
0,0.020027582,0
0,0.0026792001,0
0,0.1282537,0
0,0.24956499,0
0,0.018288383,0
0,0.030667277,0
0,0.044122033,0
1,0.4984495,1
0,0.024966666,0
0,0.051459856,0
0,0.033915948,0
0,0.008180626,0
0,0.1039461,0
0,0.041290917,0
0,0.003978593,0
0,0.0075260447,0
0,0.008128437,0
0,0.006665609,0
0,0.01973812,0
0,0.015732428,0
0,0.004444901,0
0,0.01801119,0
0,0.001766854,0
0,0.005493803,0
0,0.0020035126,0
0,0.023271713,0
0,0.0013962401,0
0,0.016830524,0
0,0.031241084,0
0,0.014338412,0
0,0.013416908,0
0,0.03790922,0
0,0.0032125867,0
0,0.086245954,0
0,0.0049012853,0
0,0.016437141,0
0,0.009379689,0
0,0.06713595,0
0,0.059236895,0
0,0.010620476,0
0,0.064478114,0
0,0.021420553,0
0,0.0168815,0
0,0.004214425,0
0,0.0015737931,0
0,0.011240178,0
0,0.032280505,0
0,0.0140049895,0
0,0.008213817,0
0,0.032788668,0
0,0.014181676,0
0,0.0064432654,0
0,0.10661171,0
0,0.004418584,0
0,0.0112201795,0
0,0.0048526395,0
0,0.009802913,0
0,0.005203801,0
0,0.0040630177,0
1,0.9774409,1
0,0.008916911,0
0,0.019188173,0
0,0.115481265,0
0,0.0052628615,0
0,0.01994419,0
0,0.0017477234,0
0,0.012411855,0
0,0.0071652303,0
0,0.01239351,0
0,0.016384056,0
0,0.26079407,0
0,0.047479358,0
0,0.008409052,0
0,0.15454467,0
0,0.024581565,0
0,0.022383498,0
0,0.014505467,0
0,0.025041267,0
0,0.06569611,0
0,0.06457507,0
0,0.00486041,0
0,0.0073494855,0
0,0.0069869985,0
0,0.018846907,0
0,0.009819794,0
0,0.0127540715,0
0,0.049943283,0
0,0.005150846,0
0,0.256555,0
0,0.007237271,0
0,0.023871897,0
0,0.025840217,0
0,0.0035971985,0
0,0.02489245,0
0,0.014476037,0
0,0.04715653,0
0,0.0010453928,0
0,0.007478053,0
0,0.0070504965,0
0,0.015322533,0
0,0.038735718,0
0,0.001947874,0
0,0.05979372,0
0,0.03123006,0
0,0.0037264694,0
0,0.3919629,1
0,0.074571736,0
0,0.046973202,0
0,0.010028287,0
0,0.0136750825,0
0,0.0035758177,0
0,0.015454082,0
0,0.01230963,0
0,0.016916983,0
0,0.004011255,0
0,0.03576506,0
0,0.0077427262,0
0,0.0018437322,0
0,0.003928621,0
0,0.021979146,0
0,0.02408529,0
0,0.0024431555,0
0,0.004826947,0
0,0.02455663,0
0,0.026099807,0
0,0.008636605,0
0,0.0041334755,0
0,0.013141892,0
0,0.028614102,0
0,0.026101885,0
0,0.0155183915,0
0,0.008232106,0
0,0.11980965,0
1,0.21349788,0
0,0.28897578,0
0,0.036608726,0
0,0.008935362,0
0,0.06957824,0
0,0.0038053237,0
0,0.07609348,0
0,0.005975496,0
0,0.010230214,0
0,0.006378238,0
0,0.006555645,0
0,0.009486982,0
0,0.013122815,0
0,0.15143408,0
0,0.039547246,0
0,0.051261414,0
0,0.016139397,0
0,0.004165461,0
0,0.014055728,0
0,0.09301298,0
0,0.0021126322,0
0,0.0060245213,0
0,0.0248629,0
0,0.025090685,0
0,0.003003008,0
0,0.74185956,1
0,0.0061977906,0
0,0.008538456,0
0,0.03194401,0
0,0.017675336,0
0,0.03930004,0
0,0.050092347,0
0,0.018497346,0
0,0.0034442882,0
0,0.0018113599,0
0,0.035866916,0
0,0.105520055,0
0,0.0437867,0
0,0.016377164,0
0,0.016356308,0
0,0.04409669,0
0,0.040386647,0
0,0.1094286,0
0,0.023174074,0
0,0.043260433,0
0,0.004299272,0
0,0.16030282,0
0,0.036876876,0
0,0.02253224,0
0,0.019968502,0
0,0.006686007,0
0,0.010404332,0
0,0.0068436447,0
0,0.019054968,0
0,0.14719634,0
0,0.008141068,0
0,0.06930236,0
0,0.021299932,0
0,0.005396901,0
0,0.031711627,0
0,0.0013984292,0
1,0.8919067,1
0,0.016448755,0
0,0.036233943,0
0,0.091700666,0
0,0.018368838,0
0,0.009657334,0
1,0.9383568,1
0,0.123324275,0
0,0.0072580143,0
0,0.018468747,0
0,0.04911288,0
0,0.020526929,0
0,0.0058180448,0
0,0.010950412,0
0,0.027262323,0
0,0.045384012,0
0,0.018337427,0
0,0.0017061472,0
0,0.027349375,0
0,0.004180328,0
0,0.012801415,0
0,0.013482476,0
0,0.41386336,1
0,0.02403745,0
0,0.009876325,0
0,0.051832356,0
0,0.0021359723,0
0,0.045962654,0
0,0.045077253,0
0,0.07849363,0
0,0.007516295,0
0,0.308166,0
1,0.029877577,0
0,0.0026822877,0
0,0.032290254,0
0,0.0049405843,0
0,0.007807503,0
0,0.019578462,0
1,0.0503054,0
0,0.027731678,0
0,0.012628516,0
0,0.03205118,0
0,0.007867423,0
0,0.019617029,0
0,0.0334889,0
0,0.021983914,0
0,0.017223299,0
0,0.002667132,0
0,0.039777562,0
0,0.029345116,0
0,0.0126919355,0
0,0.016509755,0
0,0.085976526,0
0,0.008718742,0
0,0.046443436,0
0,0.0455281,0
0,0.20890777,0
0,0.011610783,0
0,0.014488069,0
0,0.019622283,0
0,0.26823768,0
0,0.051506963,0
0,0.010628742,0
0,0.00470814,0
0,0.0028830266,0
0,0.018842084,0
0,0.027279405,0
0,0.023390625,0
0,0.025763186,0
0,0.01042184,0
0,0.009323992,0
0,0.014481379,0
0,0.04506155,0
0,0.020947345,0
0,0.0031623046,0
0,0.017450789,0
1,0.089144155,0
0,0.010833273,0
0,0.010611782,0
0,0.0064421147,0
1,0.0051953243,0
0,0.14952652,0
0,0.011863664,0
0,0.01301878,0
0,0.012034687,0
0,0.24126232,0
0,0.011699414,0
0,0.0025940088,0
0,0.031965885,0
0,0.0062913895,0
0,0.05110691,0
0,0.118884526,0
0,0.01381141,0
1,0.20600738,0
0,0.01285543,0
0,0.011667727,0
0,0.025503641,0
0,0.016639577,0
0,0.027164083,0
0,0.06662234,0
0,0.0030347332,0
0,0.031445265,0
0,0.023697987,0
0,0.019146876,0
0,0.03708043,0
0,0.026393402,0
0,0.0066863745,0
0,0.035537034,0
0,0.01684545,0
0,0.002904272,0
1,0.009722074,0
0,0.013406844,0
0,0.04020021,0
0,0.010635779,0
0,0.12393191,0
0,0.0047250134,0
0,0.029803414,0
0,0.020030983,0
0,0.021273626,0
0,0.018063512,0
0,0.027170064,0
0,0.009371739,0
0,0.0020923654,0
0,0.013828905,0
0,0.0037717172,0
0,0.010880413,0
0,0.0063328366,0
0,0.06743835,0
0,0.026754254,0
0,0.023650225,0
0,0.030854287,0
0,0.012207304,0
0,0.0034852256,0
0,0.016084723,0
0,0.015777407,0
0,0.0346982,0
0,0.08880648,0
0,0.015466139,0
0,0.0041107903,0
0,0.009623139,0
0,0.026464503,0
0,0.029119633,0
0,0.0212618,0
0,0.014212234,0
0,0.01763606,0
0,0.011244789,0
0,0.019127132,0
0,0.0046272404,0
0,0.017246325,0
0,0.011514801,0
0,0.008897774,0
0,0.05018357,0
0,0.12787232,0
0,0.002485359,0
0,0.0026781987,0
0,0.0065902052,0
0,0.0057372977,0
0,0.060772486,0
0,0.09743497,0
0,0.01703341,0
0,0.00322883,0
0,0.005688344,0
0,0.03560845,0
0,0.0055429814,0
0,0.013288366,0
0,0.0037320661,0
0,0.013478809,0
0,0.004794359,0
0,0.02435275,0
0,0.023080084,0
0,0.00243284,0
0,0.004947338,0
0,0.005716749,0
0,0.014068368,0
0,0.019825751,0
0,0.0010831646,0
0,0.016073346,0
0,0.011911088,0
0,0.008131882,0
0,0.020550927,0
0,0.0047503775,0
0,0.015940808,0
0,0.0066432273,0
0,0.029323054,0
0,0.0030490262,0
0,0.0062060608,0
0,0.024378486,0
0,0.013341313,0
0,0.0065550604,0
0,0.063307896,0
0,0.006063899,0
0,0.026718685,0
0,0.008402935,0
0,0.016464446,0
0,0.012212618,0
0,0.036592465,0
0,0.017118277,0
0,0.005313125,0
0,0.004393938,0
0,0.008142994,0
0,0.0034465657,0
1,0.96421826,1
0,0.016023792,0
0,0.0037551355,0
0,0.035917953,0
0,0.0674496,0
0,0.0017439431,0
0,0.039187234,0
0,0.029379234,0
0,0.3553273,1
0,0.17670989,0
0,0.07742527,0
0,0.06948669,0
1,0.039874814,0
0,0.008966478,0
0,0.08595635,0
0,0.010422012,0
0,0.030045835,0
0,0.0034077454,0
0,0.008121029,0
0,0.0073522795,0
0,0.072694995,0
0,0.014673407,0
0,0.0022458,0
0,0.016149811,0
0,0.012777328,0
0,0.049886152,0
0,0.09148599,0
0,0.005489298,0
0,0.0042273924,0
0,0.007971974,0
0,0.005411107,0
0,0.038548462,0
0,0.008629366,0
0,0.0154778315,0
0,0.017885422,0
0,0.052711602,0
0,0.4841891,1
0,0.031042999,0
0,0.060908895,0
0,0.31353134,0
0,0.016694134,0
0,0.0059403596,0
0,0.0075785285,0
0,0.0044894055,0
0,0.012047671,0
0,0.0066611334,0
0,0.017098231,0
0,0.00092239806,0
0,0.16254911,0
0,0.024175214,0
0,0.0028658095,0
1,0.9402357,1
0,0.009933633,0
0,0.013327662,0
0,0.012259213,0
0,0.037378635,0
0,0.05570555,0
1,0.38370273,1
0,0.018980714,0
0,0.0066423714,0
0,0.023918558,0
0,0.027994258,0
0,0.006796189,0
0,0.0037725219,0
0,0.023723094,0
0,0.006561949,0
0,0.0038147205,0
0,0.07269715,0
0,0.017101381,0
0,0.08940139,0
1,0.03534148,0
0,0.017568149,0
0,0.012102575,0
0,0.0038423925,0
0,0.009053869,0
0,0.04203447,0
0,0.01832001,0
0,0.007947053,0
0,0.008803558,0
0,0.020182481,0
0,0.02120662,0
0,0.017270045,0
0,0.19685227,0
0,0.002134621,0
0,0.0036101937,0
0,0.0064874585,0
0,0.022572424,0
0,0.003500686,0
0,0.065498985,0
0,0.037318636,0
0,0.15258129,0
0,0.010818122,0
0,0.0014642738,0
0,0.010159875,0
0,0.09346497,0
0,0.011720721,0
0,0.0092358,0
0,0.006477164,0
0,0.0020372886,0
0,0.013711437,0
0,0.020819906,0
0,0.007505603,0
0,0.019803546,0
0,0.037522256,0
0,0.0029745079,0
0,0.0134535665,0
0,0.0027960634,0
0,0.018223232,0
0,0.010483574,0
0,0.0120776985,0
0,0.002851368,0
0,0.017967151,0
0,0.015393762,0
0,0.0038105715,0
1,0.89128816,1
0,0.22279358,0
1,0.9830268,1
0,0.034849245,0
0,0.003605225,0
0,0.008869209,0
0,0.020080123,0
0,0.50649774,1
0,0.010341198,0
0,0.019598765,0
0,0.02270158,0
0,0.00804383,0
0,0.040695205,0
0,0.014926431,0
0,0.017204994,0
0,0.019222671,0
0,0.002094242,0
0,0.015747653,0
0,0.023265757,0
0,0.06780334,0
0,0.14067866,0
0,0.0153085105,0
0,0.013159571,0
0,0.013272919,0
0,0.01049511,0
0,0.032817584,0
0,0.005953236,0
0,0.0046213605,0
0,0.09599155,0
1,0.95713776,1
0,0.08461406,0
0,0.015450128,0
0,0.0092537245,0
0,0.006725725,0
0,0.047539108,0
0,0.01661985,0
0,0.002908419,0
0,0.010936569,0
0,0.020728633,0
0,0.004859926,0
0,0.024472602,0
0,0.009486708,0
0,0.009684209,0
1,0.9276973,1
0,0.00092124846,0
0,0.0201931,0
0,0.005803374,0
0,0.014098381,0
0,0.0071793557,0
0,0.0036672298,0
0,0.0024377261,0
0,0.00260979,0
0,0.039045904,0
1,0.03664223,0
0,0.0018067979,0
0,0.04032483,0
0,0.009202624,0
0,0.006029892,0
0,0.013082231,0
0,0.008699685,0
0,0.0071987617,0
0,0.0030033435,0
0,0.028433064,0
0,0.008496845,0
0,0.036304545,0
0,0.017704692,0
0,0.03627175,0
0,0.007683066,0
0,0.024896802,0
0,0.035251144,0
0,0.07810242,0
0,0.0064092632,0
0,0.0061592823,0
0,0.008777619,0
0,0.054864872,0
0,0.03226113,0
0,0.0136731975,0
0,0.011884308,0
0,0.014926361,0
0,0.018505529,0
0,0.061065763,0
0,0.009565483,0
0,0.022673922,0
0,0.007861306,0
1,0.12627152,0
0,0.021150075,0
0,0.025867589,0
0,0.014154343,0
0,0.0092891855,0
0,0.004242314,0
0,0.027763693,0
0,0.023139374,0
0,0.045794845,0
0,0.008872521,0
0,0.004096611,0
0,0.009452756,0
0,0.0030795115,0
0,0.018879835,0
0,0.0051480616,0
0,0.0018536478,0
0,0.022986889,0
0,0.040686216,0
0,0.005762519,0
0,0.0047671325,0
0,0.014450922,0
0,0.021756507,0
0,0.009017271,0
0,0.07859368,0
0,0.008085909,0
0,0.023566414,0
0,0.007272586,0
0,0.0100788055,0
0,0.02148433,0
0,0.0055957646,0
0,0.104896635,0
0,0.0127928555,0
0,0.055408053,0
0,0.009183848,0
0,0.02606046,0
0,0.00998952,0
0,0.0029850677,0
0,0.0045017144,0
0,0.01305324,0
0,0.025810065,0
0,0.0034222698,0
0,0.027712215,0
0,0.05046747,0
0,0.01783938,0
0,0.0044009425,0
0,0.61445075,1
0,0.09439335,0
0,0.0021000418,0
0,0.00518627,0
0,0.0049456554,0
0,0.03696404,0
0,0.020577174,0
0,0.0063063274,0
0,0.0053354385,0
0,0.0046561486,0
0,0.24374112,0
0,0.050797734,0
0,0.0027902739,0
0,0.0027678485,0
0,0.0054652505,0
0,0.061084233,0
0,0.004124241,0
0,0.009006778,0
0,0.0024337175,0
0,0.061180435,0
0,0.016523147,0
0,0.017599946,0
0,0.014454012,0
0,0.0111017665,0
0,0.014989199,0
0,0.0047693904,0
0,0.0020128733,0
0,0.034906894,0
0,0.0020320755,0
0,0.0075293398,0
0,0.029464459,0
0,0.020048257,0
0,0.002520525,0
0,0.009094095,0
0,0.0046361303,0
0,0.013788775,0
0,0.010139141,0
0,0.014743956,0
0,0.019654425,0
0,0.0056951717,0
0,0.042237867,0
0,0.41258362,1
0,0.0063247643,0
0,0.029331781,0
0,0.0082623055,0
0,0.032103337,0
0,0.051516443,0
0,0.0037716525,0
0,0.025819438,0
0,0.045792177,0
0,0.1040136,0
0,0.016302945,0
0,0.00570148,0
0,0.07767971,0
0,0.046374675,0
0,0.023055488,0
0,0.067159414,0
0,0.006566728,0
0,0.012457746,0
0,0.0022731589,0
0,0.005884691,0
0,0.13744988,0
0,0.018208334,0
0,0.019918872,0
0,0.017392687,0
0,0.011114772,0
0,0.053647034,0
0,0.012395559,0
1,0.04656169,0
0,0.031088572,0
0,0.026297044,0
0,0.0183348,0
0,0.0037837226,0
0,0.0042450707,0
0,0.006106409,0
0,0.009416775,0
0,0.00826931,0
0,0.005353057,0
0,0.008115127,0
0,0.071758814,0
0,0.00418683,0
0,0.015668605,0
0,0.014768739,0
0,0.008249589,0
0,0.05756857,0
0,0.034820285,0
0,0.040500056,0
0,0.021668764,0
0,0.010724028,0
0,0.0035998554,0
0,0.19643003,0
0,0.0074924575,0
0,0.026817169,0
0,0.048618644,0
0,0.008731481,0
0,0.0104393205,0
0,0.009953649,0
0,0.0022815221,0
0,0.0055462387,0
0,0.008447903,0
0,0.007288222,0
0,0.003133796,0
0,0.06875429,0
0,0.0028146182,0
1,0.08465868,0
0,0.022485878,0
0,0.01710979,0
0,0.043168314,0
0,0.02369952,0
0,0.047595523,0
0,0.042270884,0
0,0.029183324,0
0,0.017867163,0
0,0.0049325735,0
0,0.013023224,0
0,0.0023506316,0
0,0.012539309,0
0,0.03323332,0
0,0.007946654,0
0,0.0039826483,0
0,0.014112738,0
0,0.027752725,0
0,0.009617325,0
0,0.10156568,0
1,0.8749386,1
0,0.0065062083,0
0,0.015023777,0
0,0.01966464,0
0,0.024351247,0
0,0.0073864586,0
0,0.37868178,1
0,0.005767291,0
0,0.00805465,0
0,0.0077006486,0
0,0.00510644,0
0,0.005855221,0
0,0.029497482,0
0,0.009883517,0
0,0.03391883,0
0,0.043769557,0
0,0.0062470706,0
0,0.007848642,0
0,0.007992886,0
0,0.0016694529,0
0,0.0036651555,0
0,0.004135415,0
0,0.0062991213,0
0,0.0062362365,0
0,0.005731858,0
0,0.0055505093,0
0,0.007262479,0
0,0.022163339,0
0,0.215448,0
0,0.076800376,0
0,0.00779134,0
0,0.019869372,0
0,0.024893936,0
0,0.034523875,0
0,0.002862753,0
0,0.0020925973,0
0,0.005024179,0
0,0.002787172,0
1,0.7765613,1
0,0.007418785,0
0,0.008620738,0
0,0.028778255,0
0,0.011566913,0
0,0.0051792953,0
0,0.006784172,0
0,0.050141074,0
0,0.0066170976,0
0,0.0071638403,0
0,0.049245585,0
0,0.10682232,0
0,0.26384294,0
0,0.013802061,0
0,0.004698049,0
0,0.017787578,0
0,0.016129822,0
0,0.0230574,0
0,0.0089018205,0
0,0.021100821,0
0,0.022828033,0
1,0.25576344,0
0,0.04765713,0
0,0.023075571,0
0,0.013863792,0
0,0.040526338,0
0,0.023645591,0
0,0.008835734,0
0,0.02250772,0
0,0.021470692,0
0,0.08252991,0
0,0.0034704877,0
0,0.0081880065,0
0,0.0034493562,0
0,0.0060620825,0
0,0.017089633,0
0,0.010648276,0
0,0.01634478,0
0,0.015701005,0
0,0.017646281,0
0,0.0076041277,0
0,0.012582353,0
0,0.008946736,0
0,0.0045886463,0
0,0.017733948,0
0,0.025775637,0
0,0.0048048114,0
0,0.03422055,0
0,0.028250676,0
0,0.018243829,0
0,0.014805168,0
0,0.031042524,0
0,0.0055486774,0
0,0.004935596,0
0,0.026795065,0
0,0.0054435562,0
0,0.027741875,0
0,0.013035715,0
0,0.13553552,0
0,0.122073136,0
0,0.1361704,0
0,0.011179475,0
0,0.0023769836,0
0,0.007512117,0
0,0.016589187,0
0,0.018990714,0
0,0.0036070547,0
0,0.0055003045,0
0,0.015377307,0
0,0.013072033,0
0,0.012945528,0
1,0.39103556,1
0,0.012153969,0
0,0.19494301,0
0,0.035366893,0
0,0.0051957555,0
0,0.0052223643,0
0,0.00671992,0
0,0.01587713,0
0,0.0063670175,0
0,0.007999376,0
0,0.025298815,0
0,0.039952043,0
0,0.007882642,0
0,0.047261693,0
0,0.0040346906,0
0,0.013867077,0
0,0.1262105,0
0,0.008815762,0
0,0.029523643,0
0,0.014410671,0
0,0.02523843,0
0,0.006908571,0
0,0.0073740236,0
0,0.03805367,0
0,0.15934911,0
0,0.01225355,0
0,0.015571832,0
0,0.007866068,0
0,0.032162435,0
0,0.031294163,0
0,0.0045545483,0
0,0.011183071,0
0,0.0086288145,0
0,0.016793605,0
0,0.007375538,0
0,0.0035414498,0
0,0.035788633,0
0,0.037730653,0
0,0.1985952,0
0,0.0026097577,0
0,0.02691535,0
0,0.103370585,0
0,0.012826599,0
0,0.004962952,0
0,0.0039548962,0
0,0.028358437,0
0,0.011900485,0
0,0.0073915655,0
0,0.013792861,0
0,0.24454139,0
0,0.0061130216,0
0,0.011427692,0
0,0.014961485,0
0,0.019028775,0
0,0.011106359,0
0,0.020214602,0
0,0.013989444,0
0,0.0037029826,0
0,0.014195262,0
0,0.00614885,0
0,0.021668764,0
0,0.04055544,0
0,0.0024472545,0
0,0.022082115,0
0,0.010569686,0
0,0.0017897647,0
0,0.04001403,0
0,0.042127818,0
0,0.008411764,0
0,0.011360648,0
0,0.03786728,0
0,0.08288778,0
0,0.343473,0
0,0.01372494,0
1,0.109787256,0
0,0.0039109075,0
0,0.0040184,0
0,0.014487054,0
0,0.026008893,0
0,0.003594366,0
0,0.018158764,0
0,0.05985739,0
0,0.002713923,0
0,0.004636786,0
0,0.029923331,0
0,0.030263534,0
0,0.0014034156,0
0,0.1669507,0
0,0.014255522,0
0,0.029730761,0
0,0.01058575,0
0,0.011740295,0
0,0.0100990925,0
0,0.034045804,0
0,0.012668605,0
0,0.028670982,0
0,0.008857204,0
0,0.014072345,0
0,0.027461056,0
0,0.05160554,0
0,0.0019394516,0
0,0.004873398,0
0,0.01106045,0
0,0.0031455501,0
0,0.06908526,0
0,0.0086085005,0
0,0.015252489,0
0,0.005790864,0
0,0.007678145,0
0,0.02310644,0
0,0.004549069,0
0,0.003542027,0
0,0.024684638,0
0,0.0899001,0
0,0.02215626,0
0,0.019470453,0
0,0.004647432,0
0,0.37013412,1
0,0.012792115,0
0,0.02235601,0
0,0.022423722,0
0,0.0045043994,0
0,0.007864535,0
0,0.0073387404,0
0,0.045100093,0
0,0.018337427,0
0,0.0067815403,0
0,0.01175655,0
0,0.016921734,0
0,0.012681572,0
0,0.0050844564,0
0,0.011227063,0
0,0.033285853,0
0,0.006733642,0
0,0.0038584892,0
0,0.32570937,0
0,0.6214367,1
0,0.005289015,0
0,0.0059640217,0
0,0.02839298,0
1,0.9943092,1
0,0.0057954723,0
0,0.02836686,0
0,0.004454802,0
0,0.013732287,0
0,0.012337877,0
0,0.042190284,0
0,0.0063576973,0
0,0.00918361,0
0,0.0820248,0
0,0.020196581,0
0,0.0025309897,0
0,0.00417798,0
0,0.016200963,0
0,0.0015133339,0
0,0.035146438,0
0,0.045447376,0
0,0.5939101,1
0,0.022189163,0
0,0.0023246051,0
0,0.0123623945,0
0,0.0048619625,0
0,0.0035718766,0
0,0.0114660775,0
0,0.005101764,0
0,0.045299035,0
0,0.018985948,0
0,0.03305878,0
0,0.009644978,0
0,0.008380342,0
0,0.0020003838,0
0,0.004554533,0
0,0.008233679,0
0,0.013911914,0
0,0.0036405658,0
1,0.06385796,0
0,0.009815437,0
0,0.16402252,0
0,0.013689497,0
1,0.97,1
0,0.12413241,0
0,0.01257411,0
0,0.022461388,0
0,0.004722552,0
0,0.04924143,0
0,0.011562241,0
0,0.015605013,0
0,0.26901892,0
0,0.0025901836,0
0,0.0018570909,0
0,0.0056128995,0
0,0.016444018,0
0,0.016442608,0
0,0.004614261,0
0,0.029502973,0
0,0.010328167,0
1,0.07550668,0
0,0.009651671,0
0,0.0074190972,0
0,0.014508099,0
0,0.014283351,0
0,0.005378042,0
0,0.037038215,0
0,0.04341204,0
1,0.030410558,0
0,0.011962868,0
0,0.014293907,0
0,0.01892267,0
0,0.03126202,0
0,0.004241575,0
0,0.017125227,0
0,0.022421364,0
0,0.0031786875,0
0,0.06777508,0
0,0.010601409,0
0,0.0138578275,0
0,0.022830725,0
0,0.006690657,0
0,0.0192954,0
0,0.0059823655,0
0,0.0034604622,0
0,0.029257495,0
0,0.029347865,0
0,0.0048570326,0
0,0.013432961,0
0,0.18021478,0
0,0.028908195,0
0,0.06559,0
0,0.0048854314,0
0,0.00946513,0
0,0.004127448,0
0,0.037941836,0
0,0.0065420284,0
0,0.018642034,0
0,0.0073753702,0
0,0.0051632,0
0,0.008309749,0
0,0.005406613,0
0,0.005216972,0
0,0.03086738,0
0,0.0124935815,0
0,0.0023721873,0
0,0.025865436,0
0,0.00753135,0
0,0.020535037,0
0,0.0039880183,0
0,0.03175091,0
0,0.0031848217,0
0,0.04143331,0
0,0.011805147,0
0,0.0036439744,0
0,0.024708254,0
0,0.012140197,0
0,0.026283512,0
0,0.044489957,0
0,0.005644239,0
0,0.060580976,0
0,0.050081447,0
0,0.0011246086,0
0,0.07218361,0
0,0.0040164213,0
1,0.97936684,1
0,0.004498431,0
0,0.15634103,0
0,0.021010524,0
0,0.0138383955,0
0,0.034762308,0
0,0.006642755,0
0,0.017805774,0
0,0.010623428,0
0,0.0030112409,0
0,0.008727248,0
0,0.01550514,0
0,0.003618034,0
0,0.029913906,0
0,0.008064505,0
0,0.047104537,0
0,0.028710527,0
0,0.005274652,0
0,0.014365514,0
0,0.003794688,0
0,0.005985962,0
0,0.009929314,0
0,0.02813184,0
0,0.003759203,0
0,0.016210148,0
0,0.13581876,0
0,0.017225366,0
0,0.0043504154,0
0,0.0042899246,0
0,0.050056793,0
0,0.030339561,0
0,0.33285913,0
0,0.01900243,0
0,0.008012582,0
0,0.02186497,0
0,0.02707589,0
0,0.00923372,0
0,0.003790678,0
0,0.07867189,0
0,0.002243581,0
0,0.006748552,0
0,0.019338485,0
0,0.006762698,0
0,0.0040766783,0
0,0.012844084,0
0,0.013657535,0
1,0.12639265,0
0,0.015859332,0
0,0.0020101173,0
0,0.0031070244,0
0,0.017588027,0
0,0.015483049,0
0,0.039117068,0
0,0.017299049,0
0,0.028891638,0
0,0.005483787,0
0,0.0045176153,0
0,0.02390963,0
0,0.009490754,0
0,0.038900554,0
0,0.0057276525,0
0,0.015635522,0
0,0.008148946,0
0,0.008421152,0
0,0.004788059,0
0,0.008349557,0
0,0.027318722,0
0,0.039732747,0
0,0.011983164,0
0,0.01079962,0
0,0.027911052,0
0,0.008513158,0
0,0.04306623,0
0,0.037614495,0
0,0.006542611,0
0,0.10263111,0
0,0.019040493,0
0,0.049251623,0
0,0.04639832,0
0,0.02248929,0
0,0.013979838,0
0,0.015841153,0
1,0.8668987,1
1,0.17034389,0
0,0.0031002627,0
0,0.036946688,0
0,0.012536719,0
0,0.007985131,0
0,0.017951442,0
0,0.019363096,0
0,0.02423066,0
0,0.07404742,0
0,0.013778488,0
0,0.006077859,0
0,0.03014281,0
0,0.017329173,0
0,0.001380291,0
0,0.11328542,0
0,0.01335824,0
0,0.003570928,0
0,0.012040743,0
0,0.0038028988,0
0,0.3013636,0
1,0.42190954,1
0,0.034845028,0
0,0.0065452307,0
0,0.09695857,0
0,0.026750265,0
0,0.01807886,0
0,0.008255447,0
0,0.003993807,0
0,0.014975989,0
1,0.97226655,1
0,0.0027432526,0
0,0.011920255,0
0,0.027783416,0
0,0.03292125,0
0,0.040856756,0
0,0.0053183464,0
0,0.007128951,0
0,0.02223053,0
0,0.004557762,0
0,0.018396059,0
0,0.0055853147,0
0,0.061781056,0
0,0.0073436396,0
0,0.011006961,0
1,0.8291852,1
0,0.0036337886,0
0,0.031217385,0
0,0.0049096136,0
0,0.012658744,0
0,0.006687287,0
0,0.015721481,0
0,0.049439475,0
0,0.03305878,0
0,0.011990387,0
0,0.021960342,0
0,0.008629366,0
0,0.02845619,0
0,0.004088887,0
0,0.0057833465,0
0,0.0038564957,0
0,0.013594441,0
0,0.020211928,0
0,0.018170422,0
0,0.010872298,0
0,0.0020414102,0
0,0.08415811,0
0,0.04449554,0
0,0.003532061,0
0,0.014535368,0
0,0.011033876,0
0,0.04827329,0
0,0.04867539,0
0,0.012092766,0
0,0.0065591265,0
0,0.013351442,0
0,0.021787303,0
1,0.51972145,1
0,0.015377639,0
0,0.04624626,0
0,0.033671204,0
0,0.0043051275,0
0,0.011604021,0
0,0.011832597,0
0,0.04604491,0
0,0.0061960313,0
0,0.02172512,0
0,0.017269576,0
0,0.008705115,0
0,0.070154116,0
0,0.011882131,0
0,0.057914343,0
0,0.03963856,0
0,0.037267867,0
0,0.013669848,0
0,0.0034107198,0
0,0.107880265,0
0,0.03433211,0
0,0.0010948078,0
0,0.016737804,0
0,0.02994108,0
0,0.0053405655,0
1,0.49827683,1
0,0.035393793,0
0,0.018426431,0
0,0.018337427,0
0,0.009436949,0
0,0.014136368,0
0,0.019645276,0
0,0.11448409,0
0,0.022164539,0
0,0.021276053,0
0,0.013521771,0
0,0.17971186,0
0,0.0021090163,0
0,0.005073233,0
0,0.04229425,0
0,0.08051354,0
0,0.0049178996,0
0,0.024317663,0
0,0.022997161,0
0,0.006605679,0
0,0.0017462939,0
0,0.0028233912,0
0,0.0059808088,0
0,0.025557535,0
0,0.0043002963,0
0,0.0033869848,0
0,0.055570446,0
0,0.025990749,0
0,0.0032906795,0
0,0.016607797,0
0,0.004839851,0
0,0.005337924,0
0,0.016302945,0
0,0.0021076528,0
1,0.29787865,0
0,0.0074591115,0
0,0.026665265,0
0,0.0042349403,0
0,0.011347267,0
0,0.0041393014,0
0,0.04671847,0
0,0.007884192,0
0,0.03066252,0
1,0.8254581,1
0,0.08789907,0
0,0.0064547015,0
0,0.14869955,0
0,0.009994534,0
0,0.016359515,0
0,0.01217278,0
0,0.01216911,0
0,0.0027260298,0
0,0.0028836958,0
0,0.0050019855,0
0,0.006611652,0
0,0.0153116025,0
0,0.03364187,0
0,0.33032015,0
0,0.010797145,0
0,0.0053295502,0
0,0.0018601542,0
0,0.09062809,0
0,0.005231595,0
0,0.008243658,0
0,0.010257588,0
0,0.002351824,0
0,0.026645895,0
0,0.0029115207,0
0,0.028296938,0
0,0.0059113353,0
0,0.0056189466,0
0,0.005467203,0
0,0.042865742,0
0,0.013778572,0
0,0.025596635,0
0,0.0017467471,0
0,0.02958172,0
0,0.015813448,0
0,0.0027876492,0
0,0.0037121081,0
0,0.015632948,0
0,0.003699749,0
0,0.01531562,0
0,0.017461978,0
0,0.006495408,0
0,0.0009947793,0
0,0.012663728,0
0,0.0015506152,0
0,0.0048729293,0
0,0.010973826,0
0,0.027016364,0
0,0.006112967,0
0,0.010941909,0
0,0.008065951,0
0,0.029971067,0
0,0.012734477,0
0,0.24451593,0
0,0.003785758,0
0,0.046047106,0
0,0.047969863,0
0,0.010619059,0
0,0.043487877,0
0,0.0028805742,0
0,0.0140483165,0
0,0.041909035,0
0,0.012186703,0
0,0.0016756416,0
0,0.012034732,0
0,0.005309213,0
0,0.029080644,0
0,0.025636274,0
0,0.0073200264,0
0,0.010668639,0
0,0.010354231,0
0,0.030598784,0
0,0.0026238046,0
0,0.0042341216,0
0,0.060602494,0
0,0.041966666,0
0,0.084798925,0
0,0.07331984,0
0,0.12925549,0
0,0.0032186238,0
0,0.0359518,0
0,0.021701235,0
0,0.016631402,0
0,0.019471144,0
0,0.029273223,0
0,0.009555472,0
0,0.0043984232,0
0,0.048558325,0
0,0.104740575,0
0,0.009865699,0
0,0.020615913,0
0,0.041513734,0
0,0.1112798,0
0,0.0028880741,0
0,0.008279828,0
0,0.005778756,0
0,0.018529916,0
0,0.014417792,0
0,0.008900786,0
0,0.022313066,0
0,0.015046637,0
0,0.004118174,0
0,0.0025792634,0
0,0.021738278,0
0,0.036006395,0
0,0.019166162,0
0,0.04201685,0
0,0.0066251517,0
0,0.05130345,0
1,0.01450921,0
0,0.011682418,0
0,0.08827169,0
0,0.0072644353,0
0,0.0046837004,0
0,0.008818154,0
0,0.0023030865,0
0,0.041582882,0
0,0.006931489,0
0,0.030603964,0
0,0.015324052,0
0,0.020920362,0
0,0.018269418,0
0,0.006625258,0
0,0.02188686,0
0,0.020479407,0
0,0.0050616646,0
0,0.039068427,0
0,0.018273216,0
0,0.015682364,0
0,0.0059560128,0
0,0.0043962603,0
0,0.013819525,0
0,0.03842739,0
0,0.015083003,0
0,0.018153688,0
0,0.003971836,0
0,0.020874325,0
0,0.022892756,0
0,0.040264707,0
0,0.008949142,0
0,0.0011793015,0
0,0.029705318,0
0,0.0617067,0
0,0.09877393,0
0,0.046861697,0
0,0.05013979,0
0,0.011726842,0
0,0.0782693,0
0,0.0058371127,0
0,0.030590327,0
0,0.006647335,0
0,0.012575809,0
0,0.03121737,0
0,0.014847961,0
0,0.029476095,0
0,0.03688908,0
0,0.00967726,0
0,0.030813804,0
0,0.00259948,0
0,0.0144025935,0
0,0.029160643,0
0,0.032317553,0
0,0.008839481,0
0,0.0031284944,0
0,0.009560975,0
1,0.014292222,0
0,0.0081108445,0
0,0.00546593,0
0,0.0018851488,0
0,0.093919754,0
0,0.0069822655,0
0,0.018054266,0
0,0.017877074,0
0,0.04648983,0
0,0.0035774151,0
0,0.0060725817,0
0,0.049176075,0
0,0.005133373,0
0,0.0048207166,0
0,0.012954719,0
0,0.027476247,0
0,0.015049131,0
0,0.061374675,0
0,0.031089036,0
0,0.014103173,0
0,0.041482963,0
0,0.007355503,0
0,0.036978524,0
0,0.032837857,0
0,0.18440637,0
0,0.06103418,0
0,0.008742933,0
0,0.0126336785,0
0,0.05585632,0
0,0.022332104,0
0,0.0077522425,0
0,0.06527101,0
0,0.1645123,0
0,0.104989216,0
0,0.0063389726,0
0,0.011923024,0
0,0.120678864,0
0,0.005655104,0
0,0.026013134,0
0,0.01008345,0
0,0.010837192,0
0,0.019675514,0
0,0.026034357,0
0,0.025650304,0
0,0.3384461,0
0,0.008063163,0
0,0.10152182,0
0,0.003722835,0
0,0.044415824,0
0,0.0061261337,0
0,0.01719264,0
0,0.029868603,0
0,0.0041518984,0
1,0.9789489,1
0,0.01773134,0
0,0.064645894,0
1,0.11135037,0
0,0.0061460356,0
0,0.015241106,0
0,0.028119382,0
0,0.02508086,0
0,0.111256294,0
0,0.40068984,1
0,0.0110748755,0
0,0.07192807,0
0,0.22737163,0
0,0.0044971397,0
0,0.017749961,0
0,0.052313015,0
0,0.21560131,0
0,0.0077945557,0
0,0.026617207,0
0,0.009128091,0
0,0.021229014,0
0,0.005625123,0
0,0.019643132,0
0,0.018671926,0
0,0.015732707,0
0,0.008132606,0
0,0.017999573,0
0,0.007625182,0
1,0.036716204,0
0,0.018526096,0
0,0.005800585,0
0,0.008694608,0
0,0.03387472,0
0,0.024054145,0
0,0.019785944,0
0,0.0083038835,0
0,0.0050128405,0
0,0.0071795527,0
0,0.018096281,0
0,0.1408788,0
0,0.0021990414,0
0,0.007742547,0
0,0.024964906,0
0,0.012444806,0
0,0.005098321,0
0,0.06310638,0
0,0.004916516,0
0,0.031521566,0
0,0.01344727,0
0,0.10854999,0
0,0.0022826707,0
0,0.049364302,0
0,0.00647702,0
0,0.04888178,0
0,0.0081095975,0
0,0.069389895,0
0,0.0037568856,0
1,0.5191676,1
0,0.0747335,0
0,0.0045028003,0
0,0.00608085,0
0,0.039772417,0
0,0.017411768,0
0,0.0048084334,0
0,0.00786714,0
0,0.01708885,0
0,0.016190866,0
0,0.0022073374,0
0,0.0052374452,0
0,0.010453335,0
0,0.0028051652,0
0,0.04513112,0
0,0.007616253,0
0,0.0126955565,0
0,0.01907428,0
0,0.013850213,0
0,0.004104492,0
0,0.004118518,0
0,0.021326121,0
0,0.050643783,0
0,0.006392735,0
0,0.049521413,0
0,0.0015784618,0
0,0.0028544283,0
0,0.0022148485,0
1,0.7458193,1
0,0.040678993,0
0,0.0066912663,0
0,0.0029772879,0
0,0.0030902412,0
0,0.012549511,0
0,0.0029122988,0
1,0.23842262,0
0,0.018230857,0
0,0.009781904,0
0,0.091205284,0
0,0.015319634,0
0,0.008834957,0
0,0.011669487,0
0,0.01636303,0
0,0.028789181,0
0,0.076720774,0
0,0.051405665,0
0,0.027781267,0
0,0.047258288,0
0,0.003479434,0
0,0.011604869,0
1,0.12650123,0
0,0.028123656,0
0,0.008739347,0
0,0.0033014852,0
0,0.05365962,0
0,0.0068736365,0
0,0.017495101,0
1,0.25944766,0
0,0.011458351,0
0,0.0046330704,0
0,0.0028766927,0
0,0.019568296,0
0,0.004194738,0
0,0.014192966,0
0,0.027995722,0
0,0.004694895,0
1,0.28431267,0
0,0.039910007,0
0,0.0018845397,0
0,0.0066838283,0
0,0.004077522,0
0,0.0076065646,0
0,0.026705,0
0,0.019695058,0
1,0.496227,1
0,0.029869052,0
0,0.060477413,0
0,0.0035456473,0
0,0.0041914107,0
0,0.03387404,0
0,0.022461388,0
0,0.023259645,0
0,0.009764128,0
0,0.01619187,0
0,0.006043531,0
0,0.017533576,0
0,0.5028844,1
1,0.022254735,0
0,0.008967579,0
0,0.0045647593,0
0,0.007601354,0
0,0.0052381037,0
0,0.53000903,1
0,0.017804306,0
0,0.037133325,0
0,0.007949471,0
0,0.0029286987,0
0,0.02216089,0
1,0.98526347,1
0,0.054822136,0
0,0.020815149,0
0,0.020895611,0
0,0.0051620007,0
0,0.36112228,1
0,0.021887908,0
0,0.016761677,0
0,0.01950039,0
0,0.0084843645,0
0,0.084645525,0
0,0.024317466,0
0,0.0057037952,0
0,0.0050778515,0
0,0.029202886,0
0,0.003471926,0
0,0.009950309,0
0,0.12158677,0
0,0.035917953,0
0,0.2120848,0
0,0.050704066,0
0,0.0157963,0
0,0.002946024,0
0,0.0067771804,0
0,0.0077424,0
0,0.019856626,0
0,0.01671586,0
0,0.008143128,0
0,0.0033487137,0
0,0.003586803,0
0,0.013897379,0
0,0.05530842,0
0,0.017552856,0
0,0.043674946,0
0,0.09665345,0
0,0.006474219,0
0,0.016291723,0
0,0.19445269,0
0,0.011718004,0
0,0.027855616,0
0,0.012637254,0
0,0.007027883,0
0,0.007297408,0
0,0.08067018,0
0,0.004750326,0
0,0.015056385,0
0,0.05385402,0
0,0.0028511945,0
0,0.027789168,0
0,0.052791283,0
0,0.026728751,0
0,0.01438483,0
0,0.030004825,0
0,0.0037065274,0
0,0.107161805,0
0,0.013043219,0
0,0.00677504,0
0,0.0012741436,0
0,0.017503988,0
0,0.03723214,0
0,0.32663697,0
1,0.61044693,1
0,0.016059801,0
0,0.0064773145,0
0,0.010157478,0
0,0.13763024,0
0,0.005654916,0
0,0.023242833,0
0,0.018856777,0
0,0.019447034,0
0,0.16998114,0
0,0.00768696,0
0,0.01961381,0
0,0.012518007,0
0,0.09697779,0
0,0.004866177,0
0,0.019727279,0
0,0.0030230728,0
0,0.026333641,0
0,0.00609046,0
0,0.023611186,0
0,0.09078249,0
0,0.01184541,0
0,0.018803436,0
0,0.12062914,0
0,0.01340446,0
0,0.0025795947,0
0,0.018330565,0
0,0.040546693,0
0,0.0039717886,0
0,0.0056175906,0
0,0.013641159,0
0,0.00954092,0
0,0.0063212407,0
0,0.012633607,0
0,0.052480944,0
0,0.022461388,0
0,0.033157993,0
0,0.009695818,0
1,0.9717923,1
0,0.0037148427,0
0,0.008012813,0
0,0.020957753,0
0,0.019622916,0
0,0.004919543,0
0,0.025474872,0
0,0.018655788,0
0,0.0120555395,0
0,0.18026498,0
0,0.010300952,0
0,0.016925454,0
0,0.041145205,0
0,0.004824007,0
0,0.00989662,0
0,0.008751612,0
0,0.026057363,0
0,0.020964406,0
0,0.046781797,0
0,0.0050587812,0
0,0.025228022,0
0,0.52422535,1
0,0.0054607973,0
0,0.0025856749,0
0,0.008063433,0
0,0.011641626,0
0,0.048248168,0
0,0.0057841307,0
0,0.0093258675,0
0,0.03468248,0
0,0.012876549,0
0,0.0052200416,0
0,0.021653736,0
0,0.0860669,0
0,0.0018328329,0
0,0.0050163115,0
0,0.003890851,0
0,0.005490066,0
0,0.016907921,0
0,0.07235347,0
0,0.02107483,0
0,0.01600648,0
0,0.009323908,0
0,0.025982097,0
0,0.0016524515,0
0,0.008039574,0
0,0.033847988,0
0,0.033356816,0
0,0.010742381,0
0,0.018643172,0
0,0.024373451,0
0,0.011036327,0
0,0.024464183,0
0,0.07210155,0
0,0.037973206,0
0,0.011758362,0
0,0.062215734,0
0,0.0050118626,0
0,0.030842869,0
0,0.015019608,0
0,0.017578473,0
0,0.0070333187,0
0,0.0048775696,0
0,0.088102005,0
0,0.034779128,0
0,0.024470182,0
0,0.041720077,0
0,0.10541703,0
0,0.010073474,0
0,0.004462915,0
0,0.006362199,0
0,0.009840996,0
1,0.7407012,1
0,0.18208,0
0,0.10447982,0
0,0.069130726,0
0,0.13430785,0
0,0.0032588618,0
0,0.033257056,0
0,0.017032428,0
0,0.0460425,0
0,0.0030677172,0
0,0.012950037,0
0,0.0028962009,0
0,0.04721566,0
0,0.03801601,0
0,0.02846128,0
0,0.064015046,0
0,0.029490924,0
0,0.0051439917,0
0,0.014405085,0
0,0.038448002,0
0,0.0048156176,0
0,0.008684964,0
0,0.010516208,0
0,0.0084872935,0
1,0.047792338,0
0,0.017488865,0
0,0.022792513,0
0,0.005271228,0
0,0.008796998,0
0,0.013036499,0
0,0.008504538,0
0,0.011221073,0
0,0.016445676,0
0,0.45237184,1
0,0.0071355356,0
0,0.027454281,0
0,0.019127162,0
0,0.02213033,0
0,0.013201598,0
0,0.018447362,0
0,0.024605917,0
0,0.008972191,0
0,0.02590191,0
0,0.011019347,0
0,0.007516306,0
0,0.002756884,0
0,0.012219264,0
0,0.0071966085,0
0,0.102873206,0
0,0.014306726,0
0,0.009037802,0
0,0.007361082,0
0,0.0125508765,0
0,0.021551874,0
0,0.099875465,0
1,0.051616598,0
0,0.0022788849,0
0,0.010406827,0
0,0.003358303,0
0,0.011997693,0
0,0.0009397406,0
0,0.00558187,0
0,0.0413293,0
0,0.032115735,0
0,0.010403041,0
0,0.022217823,0
0,0.019948024,0
0,0.03650673,0
0,0.061597,0
0,0.0039319824,0
0,0.0134553,0
0,0.014042583,0
0,0.012617842,0
0,0.027521897,0
0,0.03714827,0
0,0.024479922,0
0,0.03711161,0
0,0.00731826,0
0,0.019913254,0
0,0.023333685,0
0,0.013820857,0
0,0.027755126,0
0,0.01554265,0
0,0.033644754,0
0,0.012163294,0
0,0.022876358,0
0,0.011060633,0
0,0.016432624,0
0,0.005546731,0
0,0.042749144,0
0,0.015384933,0
0,0.006313081,0
0,0.052548222,0
0,0.008161574,0
0,0.008420168,0
0,0.108782165,0
0,0.012759986,0
0,0.0027352427,0
0,0.015772173,0
0,0.0052124998,0
1,0.947808,1
0,0.014882492,0
0,0.061603464,0
1,0.8106362,1
0,0.06498531,0
0,0.19842324,0
0,0.020131484,0
0,0.006230158,0
0,0.22518373,0
0,0.022846075,0
0,0.023186715,0
0,0.0056784954,0
0,0.004361446,0
0,0.036916263,0
0,0.003343463,0
0,0.009804497,0
0,0.008217089,0
0,0.007022115,0
0,0.00897633,0
0,0.01001705,0
0,0.015418029,0
0,0.015345183,0
0,0.013941707,0
0,0.030972933,0
0,0.021298952,0
0,0.02434636,0
0,0.049200796,0
0,0.008432938,0
0,0.020081235,0
0,0.0149151245,0
0,0.0039915163,0
0,0.09224133,0
0,0.01317846,0
0,0.008388077,0
0,0.1626708,0
0,0.0018558308,0
0,0.0050516655,0
0,0.024522088,0
0,0.12372053,0
0,0.004924375,0
0,0.035189454,0
0,0.0027386514,0
0,0.005682689,0
0,0.021947132,0
0,0.0069886497,0
0,0.010701706,0
0,0.009238214,0
0,0.028771972,0
0,0.009982279,0
0,0.043687914,0
0,0.004667889,0
0,0.012960513,0
0,0.006282998,0
1,0.23540375,0
0,0.033559203,0
0,0.008778287,0
0,0.016061602,0
0,0.018420434,0
0,0.009606308,0
0,0.023481429,0
0,0.05959186,0
0,0.052098077,0
0,0.03168122,0
0,0.14499766,0
0,0.025187176,0
0,0.0143901855,0
0,0.00628412,0
0,0.027279748,0
0,0.0042243926,0
0,0.0033603625,0
0,0.031158619,0
0,0.052993327,0
0,0.011914146,0
0,0.0023958383,0
0,0.009717425,0
0,0.036106005,0
0,0.052793965,0
0,0.06291702,0
0,0.00554883,0
0,0.06092309,0
0,0.009197878,0
0,0.016954223,0
0,0.010642831,0
0,0.040846232,0
0,0.017886586,0
0,0.07088154,0
0,0.013762388,0
0,0.0013898899,0
0,0.002244073,0
0,0.05387583,0
0,0.024491306,0
0,0.010810323,0
0,0.014610397,0
0,0.0057607954,0
0,0.011651084,0
0,0.0077985357,0
0,0.0490062,0
0,0.019515617,0
0,0.010692951,0
0,0.015337022,0
0,0.0034172367,0
1,0.1155836,0
0,0.005204001,0
0,0.014091807,0
0,0.039141145,0
0,0.03067958,0
0,0.0055225696,0
0,0.07375951,0
1,0.8854267,1
0,0.023976693,0
0,0.005736134,0
0,0.006789269,0
0,0.012782718,0
0,0.012646057,0
0,0.0040755398,0
0,0.0050507598,0
0,0.0032620062,0
0,0.030126262,0
0,0.025725693,0
0,0.0025435053,0
0,0.024423812,0
0,0.036990717,0
0,0.018349757,0
0,0.0031224478,0
0,0.049859818,0
0,0.053541873,0
0,0.06919769,0
0,0.016942013,0
0,0.0052011088,0
0,0.016730398,0
0,0.010236856,0
1,0.41211724,1
0,0.02696184,0
0,0.086512275,0
0,0.066005595,0
0,0.14370485,0
0,0.23356572,0
0,0.0642361,0
0,0.024309706,0
0,0.0060411766,0
0,0.042045098,0
0,0.01291674,0
0,0.03799624,0
0,0.00566944,0
0,0.04213625,0
1,0.019789478,0
0,0.028132347,0
1,0.24411643,0
0,0.0060646143,0
0,0.019731233,0
0,0.014977269,0
0,0.037955947,0
0,0.012911877,0
0,0.016155912,0
0,0.7131395,1
0,0.011633098,0
0,0.018969938,0
0,0.0072160945,0
0,0.003560402,0
0,0.0035749432,0
0,0.0019811247,0
0,0.021403551,0
0,0.008745235,0
0,0.0467504,0
0,0.0065863514,0
0,0.006987594,0
0,0.013687418,0
0,0.01871981,0
0,0.0012943292,0
1,0.90868044,1
0,0.00499958,0
0,0.003202599,0
0,0.02935758,0
0,0.007403018,0
0,0.017051127,0
0,0.015041267,0
0,0.017561797,0
0,0.04090757,0
0,0.04819094,0
0,0.036521643,0
0,0.011833277,0
0,0.004172667,0
0,0.05883425,0
0,0.0016930809,0
0,0.00806439,0
0,0.014357719,0
0,0.026004516,0
0,0.017670484,0
0,0.004887894,0
0,0.0020949885,0
0,0.0057711066,0
0,0.0066407165,0
0,0.06481726,0
0,0.011182148,0
0,0.03621439,0
0,0.0020995312,0
1,0.97329354,1
0,0.006226448,0
0,0.15398894,0
0,0.04767922,0
0,0.0065236674,0
0,0.016098462,0
0,0.106909186,0
0,0.005371702,0
0,0.026845371,0
0,0.027199551,0
0,0.27848414,0
0,0.00699385,0
0,0.017415978,0
0,0.030168612,0
0,0.015499208,0
0,0.010174036,0
0,0.011703589,0
0,0.009243177,0
0,0.023439813,0
0,0.015889516,0
0,0.008196344,0
0,0.0051340675,0
0,0.07629517,0
1,0.0813777,0
0,0.0055763517,0
0,0.0036876462,0
0,0.02592895,0
0,0.061985686,0
0,0.3793778,1
0,0.013406579,0
0,0.004512737,0
1,0.69482994,1
0,0.010620622,0
0,0.015369332,0
0,0.08542166,0
0,0.0037315357,0
0,0.0027984907,0
0,0.01090832,0
0,0.009919039,0
0,0.007526917,0
0,0.0139079755,0
0,0.06451183,0
0,0.014395022,0
0,0.01457879,0
0,0.017451476,0
0,0.0036297922,0
0,0.01190339,0
0,0.1326119,0
0,0.010548866,0
0,0.03297151,0
0,0.008496609,0
0,0.007418862,0
0,0.0069161705,0
0,0.0054827575,0
0,0.004031727,0
0,0.011726704,0
0,0.017611286,0
0,0.023704287,0
0,0.021602143,0
1,0.8124858,1
0,0.007433564,0
0,0.015103472,0
0,0.010217977,0
0,0.0054509086,0
0,0.023964187,0
0,0.023561949,0
1,0.014915322,0
0,0.03482263,0
0,0.0031642022,0
0,0.006309502,0
0,0.04351107,0
0,0.0016448871,0
0,0.015969122,0
0,0.017846072,0
0,0.031889316,0
0,0.018755646,0
0,0.0046551786,0
0,0.015801342,0
0,0.03872399,0
0,0.019103725,0
0,0.0039888327,0
0,0.00531764,0
0,0.0128949685,0
0,0.0066462075,0
0,0.11611178,0
0,0.032354884,0
0,0.024455577,0
0,0.04142132,0
0,0.0067695715,0
0,0.0053903726,0
0,0.033051163,0
0,0.031704422,0
0,0.010623087,0
0,0.020633511,0
0,0.010072598,0
0,0.08425554,0
0,0.07613721,0
0,0.08731145,0
0,0.016321575,0
0,0.0043973043,0
0,0.004118293,0
0,0.002528593,0
0,0.0507023,0
0,0.039263275,0
0,0.1764445,0
0,0.006462908,0
0,0.06542205,0
0,0.007813102,0
0,0.0015687266,0
0,0.0019819632,0
0,0.021494864,0
0,0.008983493,0
0,0.009030801,0
0,0.0058220346,0
0,0.008228619,0
0,0.46027628,1
0,0.0051743174,0
0,0.034678567,0
0,0.010494328,0
0,0.0077448585,0
0,0.017683493,0
0,0.0124805635,0
0,0.008331893,0
0,0.005239351,0
0,0.008523255,0
0,0.008069472,0
0,0.22567609,0
0,0.010235609,0
0,0.024311995,0
0,0.0053642197,0
0,0.02122255,0
0,0.015971206,0
0,0.020213509,0
0,0.006854816,0
0,0.012819343,0
0,0.052969117,0
0,0.0080219405,0
0,0.015308612,0
0,0.02105829,0
0,0.01994419,0
1,0.04677767,0
0,0.009519581,0
0,0.23606767,0
0,0.042494565,0
0,0.031687144,0
0,0.035891384,0
0,0.013528005,0
0,0.036995616,0
0,0.006859713,0
0,0.025029575,0
0,0.07240874,0
0,0.019712903,0
0,0.0020074511,0
0,0.0044380357,0
0,0.062257193,0
0,0.022065902,0
0,0.024434414,0
0,0.019463617,0
0,0.008586761,0
0,0.012020889,0
0,0.027760915,0
0,0.017037816,0
1,0.024340555,0
0,0.025523607,0
0,0.018422848,0
0,0.009892477,0
0,0.0048737247,0
0,0.033887945,0
0,0.0013016609,0
0,0.037889697,0
0,0.0039012511,0
0,0.0038985983,0
0,0.034743052,0
0,0.014715063,0
0,0.06626467,0
1,0.019286247,0
0,0.059167437,0
0,0.034535505,0
0,0.023142008,0
0,0.033045042,0
0,0.060580976,0
0,0.012752223,0
0,0.010225749,0
0,0.014658171,0
0,0.022166004,0
0,0.022863576,0
0,0.03488128,0
0,0.006579217,0
0,0.02451709,0
0,0.0061456864,0
0,0.004589875,0
0,0.20230132,0
0,0.021975935,0
0,0.02687221,0
0,0.012357324,0
0,0.003177807,0
0,0.0048550717,0
0,0.027968721,0
0,0.024214178,0
0,0.00770849,0
0,0.036500115,0
0,0.04692109,0
0,0.02103391,0
0,0.009020467,0
0,0.002899152,0
0,0.006976565,0
0,0.06212476,0
0,0.039042782,0
0,0.0046560294,0
0,0.03557,0
0,0.004765513,0
1,0.21603298,0
0,0.027102651,0
0,0.18575256,0
0,0.028337205,0
0,0.010767864,0
0,0.018664196,0
0,0.0054003396,0
0,0.032230396,0
0,0.026279956,0
0,0.008313906,0
0,0.005319744,0
0,0.005040081,0
1,0.82989126,1
0,0.025065416,0
0,0.023284744,0
0,0.018556705,0
0,0.023209903,0
0,0.010606541,0
0,0.051506963,0
0,0.008614008,0
0,0.05163769,0
0,0.080456965,0
0,0.009953664,0
0,0.019850308,0
0,0.025891015,0
0,0.017502874,0
0,0.010806571,0
0,0.0018142305,0
0,0.013115443,0
0,0.052559763,0
0,0.05485945,0
0,0.001758315,0
0,0.008522711,0
0,0.12671484,0
0,0.024892082,0
0,0.0012353937,0
1,0.8016476,1
0,0.011407359,0
0,0.020280669,0
0,0.036567207,0
0,0.032873947,0
0,0.014781686,0
0,0.013298348,0
0,0.008772228,0
0,0.014814776,0
0,0.013425273,0
1,0.93727493,1
0,0.00984285,0
0,0.014318033,0
0,0.039363336,0
1,0.9715044,1
0,0.006439277,0
0,0.007312065,0
0,0.018980486,0
0,0.010408093,0
0,0.033111416,0
0,0.04826869,0
0,0.003905549,0
0,0.006824427,0
0,0.018110482,0
0,0.0053974516,0
0,0.10069668,0
0,0.007444926,0
0,0.04317434,0
0,0.0039650053,0
0,0.0062122657,0
0,0.007784782,0
0,0.01047811,0
0,0.0030508356,0
0,0.0011285642,0
0,0.0046166684,0
0,0.014442063,0
0,0.005937111,0
0,0.009661818,0
0,0.015213569,0
0,0.16836481,0
0,0.0069524907,0
0,0.088872,0
0,0.0077831326,0
1,0.44735062,1
0,0.0122124115,0
0,0.007943008,0
0,0.008331987,0
0,0.07587239,0
0,0.012390318,0
0,0.0035549728,0
0,0.018044313,0
0,0.005072776,0
0,0.052898075,0
0,0.020258874,0
0,0.0046359804,0
0,0.0038994427,0
0,0.0020005875,0
0,0.016098274,0
0,0.04490384,0
0,0.016118763,0
0,0.022207156,0
0,0.0019201009,0
0,0.0050597754,0
0,0.05290237,0
0,0.5530399,1
0,0.24711601,0
0,0.013816841,0
0,0.003564424,0
0,0.009695654,0
0,0.02646443,0
0,0.042602036,0
0,0.044800702,0
0,0.0065504853,0
0,0.002090767,0
0,0.0045737405,0
0,0.018479763,0
0,0.008314458,0
0,0.05844734,0
0,0.15238643,0
0,0.011771523,0
0,0.014248301,0
0,0.007854432,0
0,0.0064936937,0
0,0.007836454,0
0,0.009188696,0
0,0.033146746,0
0,0.074331015,0
0,0.002682007,0
0,0.037241094,0
0,0.005828698,0
0,0.008157541,0
0,0.02375316,0
0,0.007085326,0
0,0.119068466,0
0,0.051295493,0
0,0.018672425,0
0,0.0075220885,0
0,0.025764072,0
0,0.022380639,0
0,0.006470362,0
0,0.010675195,0
0,0.11789372,0
0,0.06794702,0
0,0.0036982675,0
0,0.0052663623,0
0,0.0041122935,0
0,0.029613994,0
0,0.012729112,0
0,0.0248442,0
0,0.0034489657,0
0,0.18381125,0
0,0.0025155712,0
1,0.015544787,0
0,0.17052905,0
0,0.013145535,0
0,0.028311767,0
0,0.015963623,0
0,0.0056232936,0
0,0.0067361593,0
0,0.046643205,0
0,0.0070970603,0
0,0.010721468,0
0,0.024784453,0
0,0.057580058,0
0,0.14752342,0
0,0.05118224,0
0,0.00991499,0
0,0.0036984202,0
1,0.19599147,0
0,0.016247619,0
0,0.0436311,0
0,0.006267428,0
0,0.026650677,0
1,0.007171122,0
0,0.012452033,0
0,0.0052848794,0
0,0.019144222,0
0,0.007902206,0
0,0.016286649,0
0,0.14134961,0
0,0.018880026,0
0,0.018379606,0
0,0.018084887,0
0,0.0052451123,0
0,0.0024755842,0
0,0.013963796,0
0,0.011653098,0
0,0.002587802,0
0,0.017460465,0
0,0.020958258,0
1,0.19449972,0
0,0.020689784,0
0,0.06149474,0
0,0.008111435,0
0,0.036930818,0
0,0.019970605,0
0,0.0053064357,0
0,0.028911276,0
0,0.018879835,0
0,0.009710884,0
1,0.6694175,1
0,0.0055032815,0
0,0.003570256,0
0,0.013634122,0
0,0.037494272,0
0,0.0057330537,0
0,0.042046886,0
0,0.014470778,0
0,0.017796053,0
0,0.10527041,0
0,0.003543911,0
0,0.017292095,0
0,0.008947104,0
0,0.009991053,0
0,0.13190393,0
0,0.007311574,0
0,0.013372588,0
0,0.017634094,0
0,0.07139881,0
0,0.008321333,0
0,0.015951432,0
0,0.018794179,0
0,0.018302627,0
0,0.01197322,0
0,0.005258644,0
0,0.0061756526,0
0,0.039211072,0
0,0.005314998,0
0,0.013941073,0
0,0.0023144116,0
0,0.018365012,0
0,0.019386388,0
0,0.007547505,0
0,0.0073873363,0
0,0.008448259,0
0,0.034334596,0
0,0.03582276,0
0,0.0040522995,0
0,0.115009665,0
0,0.058606308,0
1,0.9756562,1
0,0.008886121,0
0,0.090985,0
0,0.036454737,0
0,0.0039018071,0
0,0.017189587,0
0,0.012455969,0
0,0.010446363,0
0,0.014456553,0
0,0.0061443173,0
0,0.03056571,0
0,0.019982504,0
0,0.001224624,0
0,0.043269217,0
0,0.033872478,0
1,0.18710051,0
0,0.0146772945,0
0,0.0032166783,0
0,0.086286254,0
0,0.024874374,0
0,0.027947092,0
0,0.0105104735,0
0,0.027596273,0
0,0.01501474,0
0,0.0025008093,0
0,0.0042960313,0
0,0.0820183,0
0,0.03660177,0
0,0.01388854,0
0,0.054927375,0
0,0.014492169,0
0,0.017224243,0
1,0.5417048,1
0,0.02956825,0
0,0.014769968,0
0,0.015711892,0
0,0.0026381565,0
0,0.009103256,0
0,0.024598045,0
0,0.0034877919,0
0,0.0029142115,0
0,0.041155834,0
0,0.002365164,0
0,0.018528584,0
0,0.016601061,0
0,0.01303915,0
0,0.002781827,0
0,0.52394027,1
0,0.0348736,0
0,0.008920337,0
0,0.013262975,0
0,0.004683078,0
0,0.013884341,0
0,0.057200015,0
0,0.041868027,0
0,0.012985992,0
0,0.0038034625,0
0,0.010395287,0
0,0.00092239806,0
0,0.012500896,0
0,0.019966679,0
0,0.00906637,0
0,0.018628094,0
0,0.013707259,0
0,0.10376712,0
0,0.0044247406,0
0,0.003441535,0
0,0.018818848,0
0,0.03290246,0
0,0.0043239943,0
0,0.005627492,0
0,0.024647677,0
0,0.03705421,0
1,0.07767454,0
0,0.093018636,0
0,0.016260557,0
0,0.011655268,0
0,0.07427673,0
0,0.03894863,0
0,0.0098117115,0
0,0.03284378,0
0,0.008158016,0
0,0.015816506,0
0,0.05126713,0
0,0.045357835,0
0,0.011759802,0
0,0.014640855,0
0,0.009146655,0
0,0.027218925,0
0,0.08335435,0
0,0.008050883,0
0,0.002131932,0
0,0.08140847,0
0,0.016234187,0
0,0.07087249,0
0,0.09974684,0
0,0.065918736,0
0,0.028614964,0
0,0.13035485,0
0,0.0070027644,0
0,0.01102946,0
0,0.003052298,0
0,0.019064289,0
0,0.0065068365,0
0,0.017938383,0
0,0.002343478,0
1,0.70883596,1
1,0.23959303,0
0,0.008632903,0
0,0.00459953,0
0,0.0080654165,0
0,0.04581062,0
0,0.011149133,0
0,0.06703359,0
0,0.00208363,0
0,0.0132897915,0
0,0.0021059397,0
0,0.008717489,0
0,0.020074476,0
0,0.027694233,0
0,0.0008491267,0
1,0.22797613,0
0,0.010523147,0
0,0.07166951,0
0,0.010402658,0
0,0.018436404,0
0,0.048319623,0
0,0.013342939,0
0,0.005030881,0
0,0.019095765,0
0,0.0012758644,0
0,0.0039044209,0
0,0.35519052,1
0,0.00493617,0
0,0.015365226,0
0,0.007605858,0
0,0.026185533,0
0,0.35126922,1
0,0.016429242,0
0,0.0663504,0
0,0.008363391,0
0,0.0032443996,0
0,0.029285025,0
1,0.97539616,1
0,0.008848488,0
0,0.02856486,0
1,0.93029743,1
0,0.004529881,0
0,0.025983067,0
0,0.0603952,0
0,0.22791523,0
0,0.006824514,0
0,0.009279588,0
0,0.10972073,0
0,0.0031672495,0
0,0.0035463602,0
0,0.01927193,0
0,0.013076513,0
1,0.15324157,0
0,0.028671633,0
0,0.0041825813,0
0,0.011524612,0
0,0.009339857,0
0,0.016559443,0
0,0.0843475,0
0,0.031928457,0
0,0.0063552065,0
0,0.016024577,0
0,0.020012254,0
0,0.0054944754,0
0,0.005452421,0
0,0.019744778,0
0,0.01009639,0
0,0.0032415264,0
0,0.056183036,0
0,0.043516,0
0,0.0036975313,0
0,0.0082827415,0
1,0.54831976,1
0,0.0067303483,0
0,0.003408573,0
0,0.050507206,0
1,0.038914114,0
0,0.007109685,0
0,0.0094300965,0
0,0.008950017,0
0,0.021420987,0
0,0.017263653,0
0,0.04518674,0
0,0.0029050258,0
0,0.0031566701,0
0,0.03867452,0
0,0.027658092,0
0,0.017939838,0
0,0.0011926964,0
0,0.038757525,0
0,0.027391396,0
0,0.030256292,0
0,0.016725527,0
0,0.019212287,0
0,0.016076146,0
0,0.057052936,0
0,0.030636998,0
0,0.02975796,0
0,0.025988763,0
0,0.5651927,1
0,0.013873867,0
0,0.006835631,0
0,0.010662159,0
0,0.0034398623,0
0,0.017841969,0
0,0.016795771,0
0,0.013174212,0
0,0.028008034,0
1,0.049731866,0
0,0.029469477,0
0,0.0018862259,0
0,0.001577438,0
0,0.009743504,0
0,0.018571852,0
0,0.029587938,0
0,0.00097445044,0
0,0.02045475,0
0,0.036181558,0
0,0.009637088,0
0,0.009366725,0
0,0.03794287,0
0,0.007722793,0
0,0.008488939,0
0,0.0059460164,0
0,0.008857471,0
0,0.010763913,0
0,0.018122511,0
0,0.011475703,0
0,0.12351635,0
0,0.0028578546,0
0,0.037405897,0
0,0.007844937,0
0,0.005209563,0
0,0.19316122,0
0,0.0065362393,0
0,0.0069471234,0
0,0.020770809,0
0,0.018334692,0
0,0.008622357,0
0,0.008132136,0
0,0.0028819484,0
0,0.010548448,0
0,0.015951958,0
0,0.0055929767,0
0,0.03458024,0
0,0.0062974794,0
0,0.0023275986,0
0,0.009704003,0
1,0.047493745,0
0,0.008821672,0
0,0.092527136,0
0,0.01628153,0
0,0.11296855,0
0,0.01331006,0
0,0.014217553,0
0,0.005751026,0
0,0.002698987,0
0,0.011661356,0
0,0.0066498886,0
0,0.0151202725,0
0,0.03948667,0
0,0.0045276494,0
0,0.005607467,0
0,0.0046514813,0
0,0.14084171,0
0,0.026009182,0
0,0.0031304876,0
0,0.0061154272,0
0,0.20437413,0
0,0.0061238897,0
0,0.09644176,0
0,0.021379111,0
0,0.009663063,0
0,0.003352521,0
0,0.017900731,0
0,0.020433554,0
0,0.0031105962,0
0,0.0118407,0
0,0.019371785,0
0,0.009827819,0
0,0.0015220252,0
0,0.020541614,0
0,0.00642507,0
0,0.03576368,0
0,0.043993317,0
0,0.0039446666,0
0,0.017393919,0
0,0.011948892,0
0,0.011001591,0
0,0.007737237,0
0,0.0034041132,0
0,0.0069008404,0
0,0.022579659,0
0,0.0027292636,0
0,0.023640236,0
0,0.0067779412,0
0,0.009454657,0
0,0.01680969,0
0,0.20117082,0
0,0.0060334853,0
0,0.16609891,0
0,0.008985892,0
0,0.11012463,0
0,0.0035362844,0
0,0.0031949515,0
0,0.03153011,0
0,0.027165752,0
0,0.008832093,0
0,0.016324691,0
0,0.0048587364,0
0,0.008980178,0
0,0.0054423995,0
0,0.0055662734,0
0,0.0025719847,0
0,0.19522245,0
0,0.003494668,0
0,0.02564067,0
0,0.020766517,0
0,0.0084954435,0
0,0.024485422,0
0,0.011516218,0
0,0.008151617,0
0,0.010028088,0
0,0.0047861463,0
0,0.004336918,0
0,0.03684987,0
0,0.025317563,0
0,0.0071063805,0
0,0.009219788,0
0,0.039123278,0
0,0.06597463,0
0,0.00908205,0
0,0.044753008,0
0,0.006710687,0
0,0.013522948,0
0,0.03305451,0
0,0.0052468195,0
0,0.0058666705,0
0,0.011310713,0
0,0.013837154,0
0,0.0069505656,0
0,0.052490916,0
0,0.04591118,0
0,0.002942477,0
0,0.046183668,0
0,0.0056299446,0
0,0.009837331,0
0,0.034390565,0
0,0.021265497,0
0,0.011282051,0
0,0.0017564729,0
0,0.02223756,0
0,0.015878411,0
0,0.005332554,0
0,0.002914518,0
0,0.023871329,0
0,0.0021143358,0
0,0.0042527593,0
0,0.021508045,0
0,0.0023426854,0
1,0.6611541,1
0,0.023274194,0
0,0.0052587767,0
0,0.005761664,0
0,0.006835764,0
0,0.0074509433,0
0,0.013453768,0
0,0.016509755,0
0,0.003882499,0
0,0.0126800435,0
0,0.03684971,0
0,0.03092966,0
0,0.04993944,0
0,0.0023038753,0
0,0.0034067205,0
0,0.03971213,0
0,0.044608254,0
0,0.020996029,0
0,0.051374283,0
0,0.004971339,0
0,0.0060866135,0
0,0.0024084295,0
1,0.62587285,1
0,0.0026271609,0
0,0.0654319,0
0,0.005848685,0
0,0.00539815,0
1,0.7436047,1
0,0.004775159,0
0,0.013400608,0
0,0.006138817,0
0,0.010089368,0
0,0.06812527,0
0,0.028911103,0
0,0.045289107,0
0,0.121004134,0
0,0.017855944,0
0,0.0011450901,0
0,0.0041765664,0
0,0.029965166,0
0,0.03623319,0
0,0.085829765,0
0,0.018863002,0
0,0.01195916,0
0,0.0033478322,0
0,0.010653516,0
0,0.0023390073,0
0,0.013950298,0
0,0.051164556,0
0,0.015668185,0
1,0.014295547,0
0,0.067733556,0
0,0.010503057,0
0,0.087401606,0
0,0.002382542,0
0,0.049192265,0
0,0.014299203,0
0,0.018448148,0
0,0.0026013933,0
0,0.20657377,0
0,0.117472805,0
0,0.08821396,0
0,0.0056153513,0
0,0.03451685,0
0,0.012635813,0
0,0.0010923316,0
0,0.008134283,0
0,0.01742058,0
0,0.026696987,0
0,0.059996672,0
0,0.01627779,0
0,0.012747091,0
0,0.023697412,0
0,0.03520563,0
0,0.0050023748,0
0,0.0032524494,0
0,0.011044132,0
0,0.021177372,0
0,0.01853797,0
0,0.008233372,0
0,0.046484884,0
0,0.0034168926,0
0,0.018267794,0
0,0.01084655,0
0,0.03906584,0
0,0.026716888,0
0,0.0055639828,0
0,0.00632128,0
0,0.0066103525,0
0,0.10027968,0
0,0.011695032,0
0,0.020809168,0
0,0.034904163,0
0,0.012015335,0
0,0.0046799406,0
0,0.02427585,0
0,0.01440493,0
0,0.0019860629,0
0,0.00922513,0
0,0.013351442,0
0,0.01857995,0
0,0.053445794,0
0,0.008192341,0
0,0.007005895,0
0,0.0056924396,0
0,0.022816634,0
0,0.0102464445,0
0,0.0040562386,0
0,0.026583932,0
0,0.039061356,0
0,0.025590012,0
0,0.024021303,0
0,0.02168203,0
0,0.28896987,0
1,0.16865791,0
1,0.3332532,0
0,0.0133555,0
0,0.007898573,0
0,0.007821689,0
0,0.005680992,0
0,0.09571707,0
0,0.005945568,0
0,0.004781116,0
0,0.022356348,0
0,0.008060142,0
0,0.045779638,0
0,0.030569477,0
0,0.103686064,0
1,0.8109267,1
0,0.0058627753,0
0,0.010415418,0
0,0.0027896264,0
0,0.004574865,0
0,0.013976224,0
0,0.0033631986,0
0,0.002616617,0
0,0.01640865,0
0,0.013872713,0
0,0.005643262,0
0,0.008413184,0
0,0.06954639,0
0,0.009913483,0
0,0.016655846,0
0,0.14020371,0
0,0.008413582,0
0,0.011714868,0
0,0.023689786,0
0,0.012550534,0
0,0.043570098,0
0,0.021188451,0
0,0.006230636,0
0,0.010652038,0
0,0.0048112934,0
0,0.00426555,0
0,0.014742079,0
0,0.01651478,0
0,0.012935583,0
0,0.004473875,0
0,0.019347955,0
0,0.0064949957,0
0,0.03859188,0
0,0.040264707,0
0,0.052650336,0
0,0.036560647,0
0,0.002794046,0
0,0.025915308,0
0,0.009721307,0
0,0.022461388,0
0,0.0027441462,0
0,0.0013001715,0
0,0.036874995,0
0,0.025716394,0
0,0.030548485,0
0,0.005607494,0
0,0.003738145,0
0,0.04218464,0
0,0.008905667,0
0,0.0021282225,0
0,0.0029283783,0
0,0.0030059689,0
0,0.016942918,0
0,0.07709432,0
0,0.0039983443,0
0,0.004400863,0
0,0.011828561,0
0,0.0023785536,0
1,0.5450459,1
0,0.016321285,0
0,0.038169738,0
0,0.119161226,0
0,0.03600312,0
0,0.004494047,0
0,0.0023468584,0
0,0.0121391,0
0,0.0076766736,0
0,0.014755078,0
0,0.0025760296,0
0,0.009910848,0
0,0.011147035,0
0,0.08065664,0
1,0.013008376,0
0,0.0018132111,0
0,0.034517318,0
0,0.014916933,0
0,0.019967653,0
0,0.019813435,0
1,0.27491328,0
0,0.0027942744,0
0,0.013872451,0
0,0.034400385,0
0,0.0050979387,0
1,0.31789413,0
0,0.060820255,0
0,0.009501663,0
0,0.08011359,0
0,0.014914361,0
0,0.008125132,0
0,0.006186092,0
0,0.0064724586,0
0,0.016563194,0
0,0.00836751,0
0,0.015715292,0
0,0.0047840844,0
0,0.0038823977,0
0,0.002801204,0
0,0.0073163346,0
0,0.02124912,0
0,0.0018210869,0
1,0.92152107,1
0,0.0077469,0
0,0.015822148,0
0,0.00845909,0
0,0.003882811,0
0,0.011536319,0
0,0.0058914875,0
0,0.0037521059,0
0,0.030997192,0
0,0.013256905,0
0,0.049058598,0
1,0.34498566,0
0,0.009679948,0
0,0.0043117166,0
0,0.12077308,0
0,0.007726295,0
0,0.0033682657,0
0,0.025376683,0
0,0.03445668,0
0,0.019632248,0
0,0.005182458,0
0,0.0147191025,0
0,0.021981088,0
0,0.029157713,0
0,0.018418428,0
0,0.006805011,0
0,0.00738099,0
0,0.0028644265,0
0,0.06484256,0
0,0.0056389556,0
0,0.008342044,0
0,0.0053014522,0
0,0.0076261163,0
0,0.0014771649,0
0,0.0007270277,0
0,0.02757775,0
0,0.020528397,0
1,0.031415775,0
0,0.009513063,0
0,0.019527297,0
0,0.043494474,0
0,0.032275334,0
0,0.041443978,0
0,0.016011732,0
0,0.0071972287,0
0,0.020981159,0
0,0.0060018175,0
0,0.018656364,0
0,0.0231114,0
0,0.013023984,0
0,0.0042791734,0
0,0.012122134,0
0,0.0065497095,0
0,0.10080471,0
0,0.002327417,0
0,0.002112251,0
0,0.04686176,0
0,0.00601199,0
0,0.008940578,0
0,0.0020108589,0
0,0.0073399353,0
0,0.048260566,0
0,0.07675868,0
0,0.016599854,0
0,0.044347227,0
0,0.008947721,0
0,0.017590458,0
0,0.023864942,0
0,0.011182723,0
0,0.054569244,0
1,0.31664392,0
0,0.011828482,0
0,0.01883438,0
0,0.003939776,0
0,0.033846755,0
0,0.050477833,0
0,0.008922521,0
0,0.0045143226,0
0,0.013835481,0
0,0.025369165,0
0,0.0033150055,0
0,0.0039524026,0
0,0.055141386,0
0,0.0033798586,0
0,0.03886806,0
0,0.00628233,0
0,0.016871547,0
0,0.0034665088,0
0,0.037467945,0
1,0.45601553,1
0,0.012840669,0
0,0.02186497,0
0,0.036551982,0
0,0.013655531,0
0,0.001565434,0
0,0.040274575,0
0,0.009078686,0
0,0.15045884,0
0,0.039303657,0
1,0.9457655,1
0,0.022014126,0
0,0.0043006963,0
0,0.0036119695,0
0,0.031610854,0
0,0.0014835459,0
0,0.006523692,0
0,0.0057790596,0
0,0.004242961,0
1,0.6396189,1
0,0.026031865,0
0,0.16029489,0
0,0.0043673967,0
0,0.098394506,0
0,0.10965807,0
0,0.019611413,0
0,0.014940004,0
0,0.0031023503,0
0,0.03622174,0
0,0.021432951,0
0,0.005220445,0
0,0.004409988,0
0,0.028111713,0
0,0.015574637,0
0,0.010368195,0
0,0.008324832,0
0,0.016826438,0
1,0.07094544,0
0,0.018214703,0
0,0.012563051,0
0,0.008543947,0
0,0.037517864,0
0,0.011317648,0
0,0.0038671403,0
0,0.011910801,0
0,0.014309012,0
0,0.0018958759,0
0,0.0052257697,0
0,0.0013615438,0
0,0.0023519984,0
0,0.002669717,0
0,0.010422915,0
0,0.004820195,0
0,0.014276745,0
0,0.0597751,0
0,0.011000951,0
0,0.0037346787,0
0,0.020788813,0
0,0.29973775,0
0,0.021991652,0
0,0.11543843,0
0,0.008947176,0
0,0.12912756,0
0,0.031735495,0
0,0.009354419,0
0,0.019068303,0
0,0.007378632,0
0,0.01870506,0
0,0.014207639,0
0,0.004523922,0
0,0.0016695529,0
0,0.0030801056,0
0,0.003214525,0
0,0.014266784,0
0,0.02128844,0
0,0.032562725,0
0,0.016096197,0
0,0.012361072,0
0,0.025262157,0
0,0.006632779,0
0,0.002107628,0
0,0.026561823,0
0,0.013852915,0
0,0.015488227,0
0,0.016856415,0
0,0.0017324662,0
0,0.008922252,0
0,0.0095856385,0
0,0.027889151,0
0,0.036532927,0
0,0.0074932696,0
0,0.011311157,0
0,0.032492448,0
0,0.0038914904,0
0,0.0052069398,0
0,0.010060054,0
0,0.0070037222,0
0,0.008861512,0
0,0.008422431,0
0,0.08791004,0
0,0.0032175544,0
0,0.03591515,0
0,0.19680972,0
0,0.00624994,0
0,0.003924866,0
0,0.0054914486,0
0,0.0069895196,0
0,0.08620901,0
0,0.004940212,0
0,0.012834027,0
1,0.8547391,1
0,0.00979348,0
0,0.020230789,0
0,0.010468898,0
0,0.029591955,0
0,0.007490787,0
0,0.008130548,0
1,0.31194273,0
0,0.016945595,0
0,0.016686667,0
0,0.042176124,0
0,0.03724335,0
0,0.002712843,0
0,0.06842426,0
0,0.008429801,0
0,0.039622635,0
0,0.009907143,0
0,0.007661588,0
0,0.02682175,0
0,0.08308592,0
0,0.009792218,0
0,0.002411395,0
0,0.013277848,0
0,0.0358982,0
0,0.0029342708,0
0,0.0105117075,0
0,0.005323207,0
0,0.007480223,0
0,0.0050651333,0
0,0.009470434,0
0,0.15137722,0
0,0.0067834905,0
0,0.04947264,0
0,0.026511598,0
0,0.008950551,0
0,0.041780945,0
0,0.03586746,0
0,0.014371984,0
0,0.06328626,0
0,0.039855927,0
0,0.03590703,0
0,0.045334097,0
0,0.00841361,0
0,0.010818541,0
0,0.014699006,0
0,0.026377877,0
0,0.0032846124,0
0,0.008992748,0
0,0.03965715,0
0,0.028110012,0
0,0.011298786,0
0,0.01042142,0
0,0.0019491721,0
0,0.00092239806,0
0,0.07405759,0
0,0.0020756728,0
0,0.04615702,0
0,0.012946582,0
0,0.02038714,0
0,0.024757579,0
0,0.006229954,0
0,0.0027512084,0
0,0.0099765975,0
0,0.017774161,0
0,0.013576025,0
0,0.0043475516,0
0,0.013608022,0
0,0.01906827,0
0,0.19977804,0
0,0.054168526,0
1,0.3514276,1
0,0.0064278925,0
0,0.063638516,0
0,0.020235652,0
0,0.00374907,0
0,0.002706044,0
0,0.06824741,0
0,0.00975593,0
0,0.0191271,0
0,0.026160033,0
0,0.0029457228,0
0,0.017892191,0
0,0.0069926153,0
0,0.011610876,0
0,0.017970525,0
0,0.039494455,0
0,0.03649733,0
0,0.022071525,0
0,0.019184874,0
0,0.0042653778,0
0,0.027545517,0
0,0.00332006,0
0,0.0019065003,0
0,0.0026845005,0
0,0.005945861,0
0,0.7083803,1
0,0.030116087,0
0,0.026266694,0
0,0.23053637,0
0,0.027102651,0
0,0.09774672,0
0,0.0040326733,0
0,0.03899414,0
0,0.0062408717,0
0,0.04868355,0
0,0.008937122,0
0,0.0017697454,0
0,0.0065458072,0
0,0.003051439,0
0,0.015846938,0
0,0.02759731,0
0,0.0039096856,0
0,0.01808632,0
0,0.0326612,0
0,0.0060278033,0
0,0.0070807957,0
0,0.13523503,0
0,0.0028205505,0
0,0.015788147,0
0,0.020480203,0
0,0.010403669,0
0,0.017385876,0
0,0.0062743784,0
0,0.0033206376,0
0,0.01891798,0
0,0.02265867,0
0,0.010590276,0
0,0.013384692,0
0,0.011065933,0
0,0.018055031,0
0,0.036392983,0
0,0.009122275,0
0,0.0036914952,0
0,0.013152613,0
0,0.0015780397,0
0,0.046939634,0
0,0.009258071,0
0,0.006558841,0
0,0.011594531,0
0,0.007525012,0
0,0.0030525925,0
0,0.002918485,0
0,0.018910075,0
0,0.016739286,0
0,0.12578939,0
0,0.022745138,0
0,0.0054450743,0
0,0.05077213,0
0,0.008480735,0
0,0.008190939,0
0,0.005824345,0
0,0.014080265,0
0,0.009273553,0
0,0.032113694,0
0,0.013487505,0
0,0.048743863,0
0,0.0147733055,0
0,0.00752514,0
0,0.0026876864,0
0,0.08132155,0
1,0.20670292,0
0,0.012195196,0
0,0.0067377514,0
0,0.16499156,0
1,0.33351952,0
0,0.005413279,0
0,0.014943022,0
0,0.0019469869,0
0,0.021762466,0
0,0.018478975,0
0,0.019338787,0
0,0.013172409,0
0,0.016351216,0
0,0.02759249,0
0,0.0011162184,0
0,0.019590007,0
0,0.012072567,0
0,0.007129086,0
0,0.0024733383,0
0,0.0011450901,0
0,0.019047754,0
0,0.018265484,0
0,0.012369714,0
0,0.0067536137,0
0,0.011099657,0
0,0.002219375,0
0,0.052839346,0
0,0.04389522,0
0,0.018714068,0
0,0.0048899585,0
0,0.092431016,0
0,0.009963659,0
0,0.014701078,0
0,0.0035038083,0
0,0.036069605,0
0,0.02474821,0
0,0.48126578,1
0,0.34651905,0
0,0.0071144127,0
0,0.0017655593,0
1,0.43021998,1
0,0.0076057976,0
0,0.07836092,0
0,0.018245697,0
0,0.031726997,0
0,0.0076788026,0
0,0.006433541,0
0,0.01877209,0
0,0.01187927,0
0,0.017559156,0
0,0.025533386,0
0,0.05204115,0
0,0.006974002,0
0,0.0024729667,0
0,0.01098459,0
0,0.015136605,0
0,0.05232738,0
0,0.0020497318,0
0,0.0044377153,0
0,0.015977943,0
0,0.049776234,0
0,0.005420613,0
0,0.026339648,0
0,0.09260397,0
0,0.0128410375,0
0,0.10310304,0
0,0.030073142,0
0,0.0021912896,0
0,0.010305703,0
0,0.0028054137,0
0,0.17540492,0
0,0.02581111,0
0,0.007274817,0
0,0.0024834883,0
0,0.0033291155,0
0,0.085221894,0
0,0.033521827,0
0,0.0024095685,0
0,0.008980938,0
0,0.007101426,0
0,0.019224461,0
0,0.027604071,0
0,0.023446564,0
0,0.006638867,0
0,0.023245556,0
0,0.022461388,0
0,0.0076517374,0
0,0.007391061,0
0,0.0031350085,0
0,0.016934263,0
0,0.011679065,0
1,0.20049499,0
0,0.0027961219,0
0,0.008167072,0
0,0.019781968,0
0,0.0500705,0
0,0.06539016,0
1,0.96889013,1
0,0.034149393,0
0,0.020947317,0
0,0.013771161,0
0,0.066324316,0
0,0.006247816,0
0,0.0043430272,0
0,0.015925286,0
0,0.030310612,0
0,0.050323553,0
0,0.00939721,0
0,0.025854548,0
0,0.00869278,0
0,0.02449576,0
0,0.036307596,0
0,0.023116099,0
0,0.031833444,0
0,0.002341424,0
0,0.0029196064,0
0,0.0097850915,0
0,0.018805768,0
0,0.033706993,0
0,0.034821615,0
0,0.007763378,0
0,0.0021762012,0
0,0.012347273,0
0,0.010192964,0
0,0.026950017,0
0,0.004300362,0
0,0.01916083,0
0,0.033675518,0
0,0.026705137,0
0,0.11489846,0
0,0.026465198,0
0,0.008337753,0
0,0.011475459,0
0,0.018459177,0
0,0.009315737,0
0,0.020915551,0
0,0.010814183,0
0,0.060974568,0
0,0.011929565,0
0,0.011935473,0
0,0.023026308,0
0,0.0019655358,0
0,0.013557811,0
0,0.041828074,0
0,0.004969457,0
0,0.031597238,0
0,0.021237528,0
0,0.007296427,0
0,0.051304393,0
0,0.010769856,0
0,0.0020321724,0
0,0.0069375373,0
0,0.002760127,0
0,0.0015311554,0
0,0.07789071,0
0,0.07798611,0
0,0.005741603,0
0,0.010700817,0
1,0.992394,1
0,0.00899844,0
0,0.009020612,0
0,0.009623299,0
0,0.0010487864,0
0,0.038187355,0
0,0.052683275,0
0,0.010362576,0
0,0.0057722367,0
0,0.016956728,0
1,0.46771303,1
0,0.008885907,0
0,0.021463184,0
0,0.02525396,0
0,0.00672282,0
0,0.01897707,0
0,0.030886939,0
0,0.009510723,0
1,0.014341586,0
0,0.0032904607,0
0,0.00410431,0
0,0.032335266,0
0,0.016791016,0
0,0.034785204,0
0,0.003848067,0
0,0.011157889,0
0,0.0070246356,0
0,0.3278708,0
0,0.0042884015,0
0,0.0064007486,0
0,0.00226446,0
0,0.10310186,0
0,0.011000645,0
0,0.015076891,0
0,0.008496724,0
0,0.011611779,0
0,0.0055733197,0
0,0.019128187,0
0,0.012971143,0
0,0.006404316,0
0,0.0038695363,0
0,0.023566656,0
0,0.006624828,0
0,0.004565513,0
0,0.018122515,0
0,0.008941977,0
0,0.0095820585,0
0,0.0017555985,0
0,0.007394133,0
0,0.01765545,0
0,0.0055729127,0
0,0.0026251513,0
0,0.0053150333,0
0,0.03475951,0
0,0.04119163,0
0,0.012715415,0
0,0.028109228,0
0,0.056479856,0
0,0.025746299,0
0,0.0076009617,0
0,0.096711814,0
0,0.0048836884,0
0,0.0018245896,0
0,0.047818884,0
0,0.0033485005,0
0,0.03395683,0
0,0.012466344,0
0,0.0083967075,0
0,0.027165685,0
0,0.01293095,0
0,0.021008318,0
0,0.0123804435,0
0,0.008969956,0
1,0.9284722,1
0,0.015679596,0
0,0.15894857,0
0,0.004571366,0
0,0.009769131,0
0,0.1938488,0
0,0.010508302,0
1,0.17951255,0
0,0.038581915,0
0,0.015620529,0
0,0.009767052,0
0,0.023339512,0
0,0.066967316,0
0,0.0033250055,0
0,0.002549155,0
0,0.34203824,0
0,0.020615028,0
0,0.073689744,0
0,0.013681908,0
0,0.007646522,0
0,0.006922895,0
0,0.015125421,0
0,0.02021236,0
0,0.004180771,0
0,0.21421939,0
0,0.028561909,0
0,0.016124027,0
0,0.5469608,1
0,0.003495118,0
0,0.0018959498,0
0,0.015921438,0
0,0.08027621,0
0,0.014715106,0
0,0.028148506,0
0,0.010848745,0
0,0.02824035,0
0,0.010101495,0
0,0.036548156,0
0,0.004363194,0
0,0.008073069,0
0,0.0050664023,0
0,0.03622629,0
0,0.04251975,0
0,0.010746506,0
0,0.028504893,0
1,0.042251978,0
1,0.5095061,1
0,0.061145358,0
0,0.030516656,0
0,0.027126627,0
0,0.015680766,0
0,0.005067294,0
0,0.049188264,0
0,0.0051523396,0
0,0.019745596,0
0,0.085000195,0
0,0.22027811,0
0,0.014305845,0
0,0.029749246,0
0,0.05802311,0
0,0.004346815,0
0,0.0039390894,0
0,0.036075346,0
0,0.010094726,0
0,0.0130101135,0
1,0.958151,1
0,0.02247025,0
0,0.0020305156,0
0,0.018975861,0
1,0.0038595963,0
0,0.047192987,0
0,0.027767094,0
0,0.021134112,0
0,0.06659499,0
1,0.9030939,1
0,0.021693558,0
0,0.00791094,0
0,0.0043804124,0
0,0.011608331,0
0,0.0050442605,0
0,0.0037069747,0
1,0.88023263,1
0,0.039900098,0
0,0.00698862,0
0,0.04002343,0
0,0.03644004,0
0,0.050036382,0
0,0.0026808567,0
0,0.89284015,1
0,0.018195543,0
0,0.0402629,0
0,0.026997881,0
0,0.0058366642,0
0,0.018270804,0
0,0.003198586,0
0,0.06677774,0
0,0.0041127875,0
0,0.0033016987,0
0,0.009008382,0
0,0.023705304,0
0,0.0032027557,0
0,0.0047044056,0
0,0.018356109,0
0,0.0032011352,0
0,0.004528288,0
0,0.0033854125,0
0,0.013328722,0
0,0.008647288,0
0,0.016143963,0
0,0.013511439,0
0,0.009203829,0
0,0.051484093,0
0,0.0062852753,0
0,0.008403245,0
0,0.05389636,0
0,0.018342895,0
0,0.0076964046,0
0,0.028424392,0
0,0.054623142,0
0,0.014927097,0
0,0.005280585,0
0,0.020168481,0
0,0.061331984,0
0,0.008141091,0
0,0.036531795,0
0,0.017539935,0
0,0.039501105,0
0,0.0858134,0
0,0.1762964,0
0,0.009579293,0
0,0.0065295235,0
0,0.00832378,0
0,0.08828883,0
0,0.019265208,0
0,0.025857905,0
0,0.052890897,0
0,0.004685973,0
0,0.011574264,0
0,0.008130555,0
0,0.03078732,0
0,0.010611797,0
0,0.002662595,0
0,0.010778642,0
0,0.008774458,0
0,0.0056603565,0
0,0.005405375,0
0,0.010738673,0
0,0.0043589477,0
0,0.0023750023,0
0,0.006495331,0
0,0.041848548,0
0,0.010782406,0
0,0.0026298724,0
0,0.035121884,0
0,0.009808066,0
0,0.01489925,0
0,0.00654017,0
0,0.0049368935,0
0,0.031675927,0
0,0.023137977,0
0,0.033132736,0
0,0.014973937,0
0,0.0237554,0
0,0.007647325,0
0,0.03998789,0
0,0.017134361,0
0,0.0070503266,0
0,0.021951796,0
0,0.006694179,0
0,0.0063021723,0
1,0.020245982,0
0,0.0025383835,0
0,0.12542105,0
0,0.011399515,0
0,0.020766616,0
0,0.046363678,0
0,0.009880593,0
0,0.070254184,0
0,0.02952343,0
0,0.0664793,0
0,0.03741189,0
0,0.002952759,0
0,0.019375626,0
0,0.039138973,0
0,0.022431176,0
0,0.032916673,0
0,0.0447364,0
0,0.011503838,0
1,0.036148947,0
0,0.0038148924,0
0,0.014224097,0
0,0.003931848,0
0,0.0036759654,0
0,0.0029620188,0
0,0.008529394,0
0,0.061098706,0
0,0.004901592,0
0,0.0107430555,0
0,0.0019857045,0
0,0.020005755,0
0,0.010325136,0
0,0.005825635,0
0,0.003903991,0
0,0.004474442,0
0,0.025508756,0
0,0.050760757,0
0,0.0040639667,0
0,0.011649063,0
0,0.02576731,0
0,0.005861033,0
0,0.00446605,0
0,0.0119768195,0
0,0.05052118,0
0,0.010195943,0
0,0.03295678,0
0,0.019083966,0
0,0.0133483205,0
1,0.9881246,1
0,0.0012655269,0
0,0.020267492,0
0,0.002220281,0
0,0.009474461,0
0,0.0061181053,0
0,0.0020325428,0
0,0.0076290835,0
0,0.0048332573,0
0,0.0074281585,0
0,0.011028212,0
0,0.016511908,0
0,0.0068349577,0
1,0.9470404,1
0,0.0044514234,0
0,0.011375965,0
0,0.00344793,0
0,0.104689404,0
0,0.26641247,0
0,0.009825707,0
0,0.018837351,0
0,0.016698383,0
0,0.00312682,0
0,0.009986714,0
0,0.0051853796,0
0,0.00805334,0
0,0.02461034,0
0,0.032532025,0
0,0.012947368,0
0,0.07830834,0
0,0.02047961,0
0,0.0033580493,0
0,0.038805652,0
0,0.024901813,0
0,0.034978487,0
0,0.00486232,0
0,0.01129328,0
0,0.035071284,0
0,0.0118917925,0
0,0.0047592344,0
0,0.015739273,0
0,0.026837707,0
0,0.012776089,0
0,0.0070915953,0
0,0.014436505,0
0,0.005222761,0
0,0.009909079,0
0,0.014890576,0
0,0.0037702555,0
0,0.05637825,0
0,0.049372718,0
0,0.008978557,0
0,0.022461388,0
0,0.016462246,0
0,0.0129327085,0
0,0.009019614,0
0,0.014012181,0
0,0.044242907,0
0,0.020529887,0
0,0.0086986,0
1,0.05564077,0
0,0.0025688075,0
0,0.02657262,0
0,0.047669884,0
0,0.010190978,0
0,0.0021737164,0
0,0.015117893,0
0,0.01931401,0
0,0.003210668,0
0,0.032069884,0
0,0.015008451,0
0,0.003702826,0
0,0.032274388,0
0,0.023466023,0
0,0.0053915107,0
0,0.0054873875,0
0,0.002414926,0
0,0.039292153,0
0,0.006276475,0
0,0.016486844,0
0,0.016152933,0
0,0.016811455,0
0,0.024172964,0
0,0.011783789,0
0,0.005070485,0
0,0.012332521,0
0,0.05421699,0
0,0.019248081,0
0,0.03939431,0
0,0.046256915,0
0,0.022719959,0
0,0.0124762915,0
0,0.0060369004,0
1,0.915887,1
0,0.0027356928,0
0,0.002500167,0
0,0.011619247,0
0,0.02108714,0
0,0.019181259,0
0,0.014724719,0
0,0.004976368,0
0,0.010083103,0
0,0.061418675,0
0,0.02466625,0
0,0.025268838,0
0,0.009611876,0
0,0.0065408945,0
0,0.018693393,0
0,0.013632955,0
0,0.0086364625,0
0,0.08085678,0
0,0.0071542547,0
0,0.06734257,0
0,0.0051570097,0
0,0.012233713,0
0,0.0047750752,0
1,0.047763962,0
0,0.010866106,0
0,0.0096916845,0
0,0.018414563,0
0,0.0040938184,0
0,0.03132064,0
0,0.0071211183,0
0,0.008108762,0
1,0.9165796,1
0,0.0071608187,0
0,0.033035345,0
0,0.0070891446,0
0,0.0017192503,0
0,0.008382518,0
0,0.027152196,0
0,0.02364871,0
0,0.003156553,0
0,0.06514208,0
1,0.035268713,0
0,0.0039956337,0
0,0.0029970577,0
0,0.011609563,0
0,0.054428674,0
0,0.036035787,0
0,0.0045683947,0
0,0.0042642136,0
0,0.0064556827,0
0,0.06256409,0
0,0.009679176,0
0,0.028707383,0
0,0.0058954433,0
0,0.027237024,0
0,0.0140151,0
0,0.09768114,0
0,0.010172207,0
0,0.060523894,0
0,0.01814175,0
0,0.01008632,0
0,0.0148531925,0
0,0.020177979,0
0,0.021467332,0
0,0.007092274,0
0,0.0023823981,0
0,0.003333187,0
0,0.021805564,0
0,0.012107051,0
0,0.0083583705,0
0,0.029229231,0
0,0.003745659,0
0,0.022222241,0
0,0.0050605456,0
0,0.0049859704,0
0,0.016934454,0
0,0.15746506,0
0,0.005941272,0
0,0.02624471,0
0,0.0141438935,0
0,0.004403927,0
0,0.08630293,0
0,0.01799599,0
0,0.020554218,0
0,0.010148805,0
0,0.021985164,0
0,0.04223578,0
0,0.010800802,0
0,0.0055976515,0
0,0.03949543,0
0,0.010194884,0
0,0.018874833,0
0,0.009717167,0
0,0.013904974,0
0,0.036085732,0
0,0.06086616,0
0,0.016477276,0
0,0.025938194,0
0,0.031092126,0
0,0.08268616,0
0,0.019725248,0
0,0.006375488,0
1,0.07837032,0
0,0.008039733,0
0,0.00282151,0
0,0.03114904,0
0,0.0049495003,0
0,0.001965737,0
0,0.0076410347,0
0,0.008713637,0
0,0.03474721,0
0,0.0028867687,0
0,0.015771648,0
0,0.033406157,0
0,0.026283683,0
0,0.01673651,0
0,0.008748998,0
0,0.09845095,0
0,0.034698527,0
0,0.16975914,0
0,0.0064822943,0
0,0.1502652,0
0,0.027415495,0
1,0.9952968,1
0,0.005472762,0
0,0.015133692,0
0,0.018156841,0
0,0.004833062,0
0,0.002090749,0
0,0.0062044635,0
0,0.05026937,0
0,0.014050706,0
0,0.008748746,0
0,0.040566407,0
0,0.0029360878,0
0,0.00092239806,0
0,0.0075837993,0
0,0.010099808,0
0,0.0012017448,0
0,0.0065996996,0
0,0.025474533,0
0,0.057275422,0
0,0.0869194,0
0,0.011483538,0
0,0.04465453,0
0,0.008270491,0
0,0.05021476,0
0,0.0053493087,0
0,0.0030899653,0
0,0.0075820154,0
0,0.06444193,0
0,0.003046679,0
0,0.036907084,0
0,0.010553889,0
1,0.85397434,1
0,0.0074044825,0
0,0.02396702,0
0,0.028804861,0
0,0.021729385,0
0,0.03127268,0
0,0.008276106,0
0,0.0067719184,0
0,0.03066799,0
0,0.005740441,0
0,0.22443019,0
0,0.024823328,0
0,0.003339201,0
0,0.015917316,0
0,0.3086048,0
0,0.017856548,0
0,0.009156254,0
0,0.0071391147,0
0,0.0052294047,0
0,0.16683768,0
0,0.00861019,0
0,0.0022203287,0
0,0.061721794,0
0,0.008918104,0
0,0.14911179,0
0,0.0035124528,0
0,0.075613216,0
0,0.20663539,0
0,0.007118226,0
0,0.039901193,0
0,0.010952607,0
0,0.0077125537,0
0,0.004088316,0
0,0.01511653,0
1,0.02989093,0
0,0.008646328,0
0,0.03419373,0
0,0.0054684887,0
0,0.03658001,0
0,0.044587094,0
0,0.06484692,0
0,0.025737112,0
0,0.058367904,0
0,0.018339122,0
0,0.008696865,0
0,0.011433726,0
0,0.0043625995,0
0,0.17409985,0
0,0.015335129,0
0,0.024931211,0
0,0.016118899,0
0,0.007442573,0
0,0.43276957,1
0,0.011221416,0
0,0.026972683,0
0,0.006449688,0
0,0.05326306,0
0,0.0050731585,0
0,0.0016389053,0
0,0.10224208,0
0,0.0105930995,0
0,0.038232952,0
0,0.034320686,0
0,0.030040491,0
0,0.015372838,0
0,0.009422309,0
0,0.0069566076,0
0,0.0073399525,0
0,0.009535177,0
0,0.02920165,0
0,0.011125202,0
0,0.011974321,0
0,0.019507054,0
1,0.9923375,1
0,0.033241432,0
0,0.027996294,0
1,0.09582708,0
0,0.019296974,0
0,0.06457507,0
0,0.012380105,0
0,0.003686895,0
0,0.012553441,0
0,0.0029680622,0
0,0.009918366,0
0,0.00688987,0
0,0.0028809782,0
0,0.016480329,0
0,0.033232044,0
0,0.03456223,0
0,0.037776567,0
0,0.0048311567,0
0,0.017713252,0
0,0.016527425,0
0,0.014447582,0
0,0.03414449,0
0,0.007521758,0
0,0.004244174,0
0,0.018038157,0
0,0.028120644,0
0,0.035762858,0
0,0.2625451,0
0,0.014681655,0
0,0.015184114,0
0,0.002169925,0
0,0.0030289725,0
0,0.0064221425,0
0,0.023359617,0
0,0.020585291,0
0,0.0018399268,0
0,0.008594245,0
0,0.009210706,0
0,0.008504304,0
0,0.0073609077,0
0,0.0031125427,0
0,0.015754446,0
0,0.0057127667,0
0,0.058709547,0
0,0.005583183,0
0,0.05110684,0
0,0.101728186,0
0,0.015810072,0
0,0.014286446,0
0,0.038654223,0
1,0.05747222,0
0,0.010304584,0
0,0.0742621,0
0,0.015544968,0
0,0.0051942887,0
0,0.007260248,0
0,0.44945562,1
0,0.023556793,0
0,0.004114882,0
0,0.014237756,0
0,0.01090151,0
0,0.023221502,0
0,0.03247661,0
0,0.0064588124,0
0,0.46374282,1
0,0.0031831795,0
0,0.0061062984,0
0,0.0052136793,0
0,0.011276037,0
0,0.0034987305,0
0,0.0048506134,0
0,0.10521253,0
0,0.020925066,0
0,0.009619977,0
0,0.0020119336,0
0,0.0014865156,0
0,0.043197658,0
0,0.005063531,0
0,0.03286302,0
0,0.009961392,0
0,0.011674861,0
0,0.0074005234,0
0,0.008739661,0
0,0.010926196,0
0,0.014532445,0
0,0.00983761,0
1,0.023902755,0
0,0.0023981086,0
0,0.019088091,0
0,0.02332335,0
0,0.037881356,0
0,0.03562088,0
1,0.030800499,0
0,0.007094564,0
0,0.78823334,1
0,0.010065103,0
0,0.002650352,0
0,0.051188763,0
0,0.024780873,0
0,0.036808684,0
0,0.08854427,0
0,0.013405967,0
0,0.017135743,0
0,0.023799386,0
0,0.061973836,0
0,0.017662358,0
0,0.019788891,0
0,0.0107499445,0
0,0.024301257,0
0,0.0037093794,0
0,0.10448447,0
0,0.018855365,0
0,0.030965297,0
0,0.005550712,0
0,0.0073576854,0
0,0.0075548706,0
0,0.0313276,0
0,0.014404639,0
0,0.020089237,0
0,0.005742509,0
0,0.0051331297,0
0,0.015701594,0
0,0.031167775,0
0,0.060799293,0
0,0.0018820345,0
0,0.009656713,0
0,0.0049661906,0
0,0.0068630367,0
0,0.0043413327,0
0,0.009302438,0
0,0.0035223553,0
0,0.029839268,0
0,0.007456764,0
0,0.004662429,0
0,0.18529977,0
0,0.03030703,0
0,0.023054995,0
0,0.05736354,0
0,0.013032249,0
0,0.0042534154,0
0,0.011327341,0
0,0.015606758,0
0,0.020654263,0
0,0.020392016,0
0,0.011011784,0
0,0.05828525,0
0,0.019752827,0
1,0.10865954,0
0,0.00160508,0
0,0.01442785,0
0,0.0036290437,0
0,0.012979571,0
0,0.06709541,0
0,0.0152948825,0
0,0.002075648,0
0,0.020887345,0
0,0.016445676,0
0,0.49764743,1
0,0.0111290375,0
0,0.021594161,0
0,0.08349303,0
0,0.024369089,0
0,0.005489881,0
0,0.0042824135,0
0,0.027573997,0
0,0.022473896,0
0,0.007225796,0
0,0.0031918853,0
0,0.007451229,0
0,0.017220313,0
0,0.0033231603,0
0,0.046205413,0
0,0.0108993715,0
0,0.023822157,0
0,0.009879118,0
0,0.03309825,0
0,0.017312737,0
0,0.089506775,0
0,0.008159756,0
0,0.10249727,0
0,0.05718413,0
0,0.003155995,0
0,0.0052965563,0
0,0.01774081,0
1,0.13911824,0
0,0.01759149,0
0,0.005225261,0
0,0.09108244,0
0,0.010721468,0
0,0.020185923,0
0,0.022123072,0
0,0.056426596,0
0,0.0059850314,0
0,0.003030129,0
0,0.029141063,0
0,0.064040646,0
0,0.02235514,0
0,0.0023343463,0
0,0.015362946,0
0,0.018402677,0
0,0.0037760213,0
0,0.016479038,0
0,0.09948971,0
0,0.056030806,0
0,0.020771377,0
0,0.26535195,0
0,0.016024802,0
0,0.00979923,0
0,0.008500196,0
1,0.80628395,1
0,0.010476924,0
0,0.06630743,0
0,0.046139777,0
0,0.08079343,0
0,0.0029340365,0
0,0.01708306,0
0,0.014888443,0
0,0.021284387,0
0,0.00927146,0
0,0.010547692,0
0,0.0025931492,0
0,0.11646683,0
0,0.013009814,0
1,0.8782913,1
0,0.0034071025,0
0,0.014524695,0
0,0.00985697,0
0,0.024694186,0
0,0.007887099,0
0,0.011507037,0
0,0.023658546,0
0,0.009101424,0
0,0.030765489,0
0,0.0040196767,0
0,0.08325758,0
0,0.017299058,0
0,0.044008277,0
0,0.00921717,0
0,0.054559983,0
0,0.10403884,0
0,0.030550364,0
0,0.01469804,0
0,0.010021557,0
0,0.002337102,0
0,0.012471075,0
0,0.021463184,0
0,0.013732048,0
0,0.025531815,0
0,0.0050181802,0
0,0.011993647,0
0,0.05322341,0
0,0.016093215,0
0,0.061245527,0
0,0.028157704,0
0,0.028810307,0
0,0.036187675,0
0,0.0045328727,0
0,0.008646181,0
0,0.018223032,0
0,0.0077115246,0
1,0.1866889,0
0,0.010892459,0
0,0.090579405,0
0,0.022461388,0
0,0.012416924,0
0,0.009681132,0
0,0.011213653,0
0,0.0077606346,0
0,0.0035939526,0
0,0.0036570465,0
0,0.01062797,0
1,0.055815425,0
0,0.06970229,0
0,0.09788529,0
0,0.0020946038,0
0,0.0049796016,0
0,0.0074291606,0
0,0.011364532,0
0,0.016859505,0
0,0.005210428,0
0,0.0036900279,0
0,0.020948548,0
0,0.004154316,0
0,0.08523346,0
0,0.101878285,0
1,0.95978904,1
0,0.0048752744,0
0,0.007132922,0
0,0.007356087,0
0,0.032705415,0
0,0.023044579,0
0,0.0028732875,0
0,0.103684135,0
0,0.014339402,0
0,0.0034836493,0
0,0.0035938416,0
0,0.02082087,0
1,0.99486274,1
0,0.044438608,0
0,0.013607267,0
0,0.11028426,0
0,0.045739368,0
0,0.015393161,0
0,0.03458184,0
0,0.035833795,0
0,0.0044065993,0
0,0.016169151,0
0,0.041406896,0
0,0.025268849,0
0,0.0052909995,0
0,0.029153757,0
0,0.0022238935,0
0,0.020853797,0
0,0.030708654,0
0,0.0072929296,0
0,0.1722796,0
1,0.96844065,1
0,0.0065497127,0
0,0.027474863,0
0,0.0037988778,0
0,0.040769033,0
0,0.0075396947,0
0,0.20080227,0
0,0.020240776,0
0,0.001452143,0
0,0.007469497,0
0,0.016274102,0
0,0.036597095,0
0,0.018159898,0
0,0.0029499244,0
0,0.019344032,0
0,0.060347755,0
0,0.14292222,0
0,0.0024635016,0
0,0.020920578,0
0,0.0063667344,0
0,0.007888509,0
0,0.010855052,0
0,0.008516512,0
0,0.022864599,0
0,0.009148272,0
0,0.026944803,0
0,0.0021179414,0
0,0.0063070594,0
0,0.034024797,0
0,0.0061479877,0
0,0.040314574,0
0,0.5229517,1
0,0.022509899,0
0,0.01178175,0
0,0.046861697,0
0,0.023407236,0
0,0.107767604,0
0,0.027739754,0
0,0.019108113,0
0,0.03298814,0
0,0.0012107083,0
0,0.025800722,0
0,0.047794353,0
0,0.006092273,0
0,0.004243386,0
0,0.011112027,0
0,0.0049425494,0
0,0.04692725,0
0,0.009594379,0
0,0.009774876,0
0,0.050124258,0
0,0.039464325,0
0,0.3592723,1
0,0.029450243,0
0,0.04832281,0
0,0.007414754,0
0,0.05008039,0
0,0.0142676355,0
0,0.024470957,0
0,0.0031255647,0
0,0.04176408,0
0,0.003432387,0
0,0.0057697576,0
0,0.0049651065,0
0,0.034791723,0
1,0.635838,1
0,0.0062468867,0
0,0.008533943,0
0,0.006563913,0
0,0.013056737,0
0,0.027235072,0
0,0.004626891,0
0,0.03531917,0
0,0.015388184,0
0,0.023246033,0
0,0.027430298,0
0,0.026317809,0
0,0.040816218,0
0,0.006460153,0
0,0.034059417,0
0,0.019632185,0
0,0.010521528,0
0,0.005979579,0
0,0.019188985,0
0,0.008527857,0
0,0.0071764844,0
0,0.03267578,0
0,0.0054413285,0
0,0.010562338,0
0,0.019279553,0
0,0.018322775,0
0,0.009064045,0
0,0.019101746,0
0,0.013567343,0
0,0.027539035,0
0,0.0021461402,0
0,0.052134506,0
0,0.007333511,0
0,0.029658103,0
0,0.019485118,0
0,0.20781654,0
1,0.08488126,0
0,0.009829007,0
0,0.024737077,0
0,0.017806474,0
0,0.002333791,0
0,0.047521114,0
0,0.030443558,0
0,0.032322664,0
0,0.004474213,0
0,0.014459658,0
0,0.010039394,0
0,0.00938906,0
0,0.0018236153,0
0,0.048982922,0
1,0.061238453,0
0,0.023473693,0
0,0.008841695,0
0,0.01646162,0
0,0.009598948,0
0,0.0032976638,0
0,0.0073940107,0
0,0.014595843,0
0,0.025305841,0
0,0.0027762926,0
0,0.052422434,0
1,0.82994205,1
0,0.018966503,0
0,0.08933091,0
0,0.018220041,0
0,0.004027498,0
0,0.040300794,0
0,0.009087093,0
0,0.01391555,0
0,0.017663756,0
0,0.042546276,0
0,0.25480226,0
0,0.011613902,0
0,0.011779642,0
0,0.010063388,0
0,0.009767297,0
0,0.007575438,0
1,0.026351761,0
0,0.08726449,0
0,0.0056453976,0
0,0.006971489,0
0,0.0017204137,0
0,0.009820025,0
0,0.011134786,0
0,0.022045825,0
1,0.21462364,0
0,0.035841275,0
0,0.048026763,0
0,0.057248343,0
0,0.013944743,0
0,0.0054990007,0
0,0.035367522,0
0,0.04088147,0
0,0.022110526,0
0,0.01233692,0
0,0.023384515,0
0,0.6797254,1
0,0.0039141355,0
0,0.01704912,0
0,0.022830985,0
0,0.02268502,0
1,0.002084705,0
0,0.010372429,0
0,0.024641946,0
0,0.009111544,0
0,0.019119784,0
0,0.012328457,0
0,0.016919227,0
0,0.01827887,0
0,0.15503046,0
1,0.17303044,0
0,0.016128514,0
0,0.0026696941,0
0,0.0073683434,0
0,0.05022501,0
0,0.0010922415,0
0,0.016530395,0
0,0.003979226,0
0,0.020661024,0
0,0.014679144,0
0,0.017344527,0
0,0.011451937,0
0,0.027669666,0
0,0.0067687025,0
0,0.0056619374,0
0,0.009579,0
0,0.006057703,0
0,0.13221031,0
0,0.0064514973,0
0,0.028862271,0
1,0.99576795,1
0,0.006587347,0
0,0.0029357304,0
0,0.03109839,0
0,0.028539857,0
0,0.029555907,0
0,0.0033093842,0
0,0.00580023,0
0,0.011789603,0
0,0.11212948,0
0,0.017261988,0
0,0.019974867,0
0,0.0103130685,0
0,0.013927563,0
0,0.09961102,0
0,0.0037725074,0
0,0.039747868,0
0,0.019350536,0
0,0.0022991758,0
0,0.02202135,0
0,0.19939266,0
0,0.0043119416,0
0,0.0179524,0
0,0.015402734,0
0,0.014443067,0
0,0.020424262,0
0,0.008088567,0
0,0.010225093,0
0,0.034624767,0
0,0.011312554,0
0,0.01789872,0
0,0.028049365,0
0,0.0035410677,0
0,0.003553983,0
0,0.020697609,0
0,0.0155173745,0
0,0.0071551125,0
0,0.0047407653,0
0,0.37893403,1
0,0.011786776,0
0,0.016321285,0
0,0.005718484,0
0,0.0039488487,0
0,0.04082221,0
0,0.0021140098,0
0,0.0036562888,0
0,0.006225168,0
0,0.010083098,0
0,0.107141376,0
0,0.023522696,0
0,0.011252048,0
0,0.022860726,0
0,0.12023352,0
0,0.02815525,0
0,0.12667516,0
0,0.09652041,0
0,0.0069141565,0
0,0.0015364945,0
0,0.0081411945,0
0,0.0043859603,0
0,0.011547226,0
0,0.013465449,0
0,0.01274142,0
0,0.026610078,0
0,0.008204353,0
0,0.035917953,0
0,0.03646515,0
0,0.034056917,0
0,0.018930415,0
0,0.059859004,0
0,0.08088173,0
0,0.003140154,0
0,0.009604648,0
0,0.014378854,0
0,0.015545735,0
0,0.11000651,0
0,0.025021426,0
0,0.035986815,0
0,0.006840385,0
0,0.023509387,0
0,0.0093784565,0
0,0.16976686,0
0,0.005808628,0
0,0.008573144,0
0,0.003236743,0
0,0.018175047,0
0,0.0037270149,0
0,0.0027337188,0
0,0.012713733,0
0,0.02881633,0
0,0.022026675,0
0,0.009003964,0
0,0.003433064,0
0,0.010906884,0
0,0.017251119,0
0,0.020278271,0
0,0.03374626,0
0,0.008033249,0
0,0.096721366,0
0,0.010997232,0
1,0.11654074,0
0,0.0014399106,0
0,0.0040994096,0
0,0.0037072864,0
0,0.03847365,0
0,0.04776254,0
0,0.00759715,0
0,0.033794004,0
0,0.011187601,0
0,0.014040167,0
0,0.002016595,0
1,0.77097464,1
0,0.02003572,0
0,0.017562332,0
0,0.037733115,0
0,0.015275754,0
0,0.03504143,0
0,0.008095327,0
0,0.018993951,0
0,0.051758092,0
0,0.0049255295,0
0,0.013041089,0
0,0.060130693,0
1,0.6000783,1
1,0.25174463,0
0,0.03402236,0
1,0.2796519,0
0,0.0048429845,0
0,0.005068338,0
0,0.022385402,0
0,0.0029713872,0
0,0.038026415,0
0,0.014197539,0
0,0.013120666,0
0,0.026382891,0
0,0.032028005,0
0,0.018796941,0
0,0.016362285,0
0,0.0064919684,0
0,0.006690445,0
0,0.014567813,0
0,0.015730862,0
0,0.013892348,0
0,0.019070126,0
0,0.019684022,0
0,0.018268023,0
0,0.009193168,0
0,0.013062366,0
0,0.0045036315,0
0,0.025684206,0
0,0.014104659,0
0,0.012250128,0
0,0.008536421,0
0,0.024202649,0
0,0.006643718,0
0,0.033603214,0
0,0.022013769,0
0,0.014643185,0
0,0.0016448542,0
0,0.0036239182,0
0,0.022958238,0
0,0.0030356306,0
0,0.027004259,0
0,0.0039417245,0
0,0.0051065776,0
0,0.006335793,0
0,0.008568699,0
0,0.04832746,0
0,0.02907585,0
0,0.005977686,0
0,0.15336443,0
0,0.016501442,0
0,0.03910017,0
0,0.032882176,0
0,0.024359422,0
0,0.009561134,0
0,0.112490505,0
0,0.021394435,0
0,0.0012816626,0
0,0.037529822,0
0,0.08062265,0
0,0.036431402,0
0,0.05349145,0
0,0.009877173,0
0,0.04248213,0
0,0.016884357,0
0,0.012106521,0
0,0.0041595725,0
0,0.00713409,0
0,0.004042539,0
0,0.023924904,0
0,0.23537989,0
0,0.006601444,0
0,0.745151,1
0,0.006867113,0
0,0.04620323,0
0,0.031248905,0
0,0.029341746,0
0,0.16744784,0
0,0.025912464,0
0,0.019704806,0
0,0.0064449753,0
0,0.010498325,0
0,0.04016184,0
0,0.022845006,0
0,0.011238561,0
0,0.04612923,0
0,0.013413316,0
0,0.017504342,0
0,0.016165685,0
1,0.08473705,0
0,0.00666078,0
0,0.027023416,0
0,0.034524184,0
0,0.024148265,0
0,0.060580976,0
0,0.008468671,0
0,0.016855957,0
0,0.0008418851,0
0,0.0039594015,0
0,0.005708892,0
0,0.0330229,0
0,0.043044645,0
0,0.013904928,0
0,0.002938294,0
0,0.0067367367,0
0,0.011443988,0
0,0.017072607,0
0,0.020186808,0
0,0.0021779651,0
0,0.003767969,0
0,0.0019186063,0
0,0.009144887,0
0,0.012317303,0
0,0.0066028917,0
0,0.005051613,0
1,0.004556356,0
0,0.0077017383,0
0,0.009925415,0
0,0.010562582,0
0,0.015780902,0
0,0.0058682086,0
0,0.066992015,0
0,0.0111863185,0
0,0.010700681,0
0,0.024591256,0
0,0.23157938,0
0,0.01087117,0
0,0.05477309,0
0,0.0044368813,0
0,0.00323584,0
0,0.0034487168,0
0,0.018565748,0
0,0.012951086,0
0,0.0027532263,0
0,0.04385867,0
0,0.0353395,0
0,0.0040853354,0
0,0.061354995,0
0,0.0038375133,0
0,0.009527456,0
0,0.13607408,0
0,0.01606984,0
0,0.08121512,0
0,0.053782158,0
0,0.016105006,0
0,0.0098698875,0
0,0.0034814368,0
0,0.0056755478,0
0,0.007923055,0
0,0.0311621,0
0,0.02201322,0
0,0.033871215,0
0,0.020157771,0
0,0.040413316,0
0,0.001732095,0
0,0.009892266,0
0,0.0019534475,0
0,0.05404321,0
0,0.029265868,0
0,0.013859229,0
0,0.030324701,0
0,0.024456156,0
0,0.04598972,0
0,0.016997257,0
0,0.014759536,0
0,0.046943065,0
0,0.09983376,0
0,0.028929174,0
0,0.0037449687,0
0,0.0047669467,0
0,0.009346049,0
0,0.0034931358,0
0,0.009094971,0
0,0.008213794,0
0,0.0067546633,0
0,0.06497822,0
0,0.02063183,0
0,0.015105445,0
0,0.0046941107,0
0,0.0051471163,0
0,0.011705254,0
0,0.018382587,0
0,0.009782024,0
1,0.5862201,1
0,0.022026675,0
0,0.0056081084,0
0,0.012775259,0
0,0.02294059,0
0,0.10888026,0
0,0.02006919,0
0,0.0060178745,0
0,0.025059946,0
0,0.01834085,0
0,0.007571517,0
0,0.015944945,0
0,0.08276682,0
0,0.032816034,0
0,0.009421717,0
0,0.007984795,0
0,0.008981991,0
0,0.013192929,0
0,0.0023499362,0
0,0.0047595846,0
1,0.12198036,0
0,0.03404442,0
0,0.010237275,0
0,0.0049280445,0
0,0.013404322,0
0,0.029375862,0
0,0.03957067,0
0,0.0018949088,0
0,0.0018286373,0
0,0.14238375,0
0,0.04304498,0
0,0.024538236,0
0,0.019471144,0
0,0.00092239806,0
0,0.031113671,0
0,0.03507938,0
0,0.0067108395,0
0,0.19111201,0
0,0.05106337,0
0,0.05484791,0
0,0.00512822,0
0,0.006410497,0
1,0.043649867,0
0,0.0069963112,0
0,0.49799606,1
0,0.02552264,0
0,0.00511079,0
0,0.014845325,0
0,0.010475495,0
0,0.0036420831,0
0,0.006454142,0
0,0.008452814,0
0,0.0082589965,0
0,0.0146181155,0
0,0.012229553,0
0,0.0052225925,0
1,0.030601226,0
0,0.026685908,0
0,0.0032467057,0
0,0.012114405,0
0,0.0040182164,0
0,0.032128047,0
0,0.0035168934,0
0,0.018442985,0
0,0.007894889,0
0,0.015945155,0
0,0.017984744,0
0,0.031573735,0
0,0.003269419,0
0,0.016466336,0
0,0.0035507507,0
0,0.07783017,0
0,0.01823265,0
0,0.007498577,0
0,0.037075877,0
0,0.0027389706,0
0,0.010549379,0
0,0.0028994582,0
0,0.0067805457,0
0,0.028002197,0
0,0.044396177,0
0,0.0223503,0
0,0.020284282,0
0,0.03345315,0
0,0.04566295,0
0,0.052549668,0
0,0.028630149,0
0,0.006209008,0
0,0.019725585,0
0,0.0023706553,0
1,0.012297629,0
0,0.0020293081,0
0,0.0037995474,0
0,0.028910259,0
0,0.07036303,0
0,0.0011450901,0
0,0.007669293,0
0,0.05067136,0
0,0.015774202,0
0,0.010292876,0
0,0.0077734715,0
0,0.0066795754,0
0,0.0025279713,0
0,0.0028041946,0
1,0.06341933,0
0,0.02470522,0
0,0.0514402,0
0,0.011561712,0
0,0.010072618,0
0,0.02830761,0
1,0.09114834,0
0,0.03501904,0
0,0.019248685,0
0,0.03233129,0
0,0.0064648986,0
0,0.014754842,0
0,0.015716827,0
0,0.004766922,0
0,0.027580226,0
0,0.056522444,0
1,0.01937078,0
0,0.009082496,0
0,0.0803161,0
0,0.0062116245,0
1,0.1416798,0
0,0.0017745179,0
0,0.08782352,0
0,0.008436555,0
0,0.011016563,0
0,0.009131921,0
0,0.0063632876,0
0,0.0019088474,0
0,0.12711968,0
0,0.021334024,0
0,0.020758772,0
0,0.0709319,0
0,0.026897298,0
0,0.018506719,0
0,0.0149540305,0
0,0.019914478,0
0,0.00752337,0
0,0.0021299568,0
0,0.03672753,0
0,0.0209289,0
0,0.014734504,0
0,0.0069414317,0
0,0.0140875485,0
0,0.0135166,0
0,0.023921685,0
0,0.012941197,0
0,0.01505323,0
1,0.028097672,0
0,0.004742937,0
0,0.0144419065,0
0,0.0032378263,0
0,0.06557776,0
1,0.9651729,1
0,0.0035574108,0
0,0.076241046,0
0,0.0019442018,0
0,0.00933112,0
0,0.040237106,0
0,0.010611902,0
0,0.016468422,0
0,0.030707953,0
0,0.19797601,0
0,0.006810769,0
0,0.049283553,0
0,0.021136343,0
0,0.0073533966,0
0,0.1404502,0
1,0.94331056,1
0,0.016343823,0
0,0.05062494,0
0,0.018665012,0
0,0.0059987316,0
0,0.0096178325,0
0,0.18923128,0
0,0.006654473,0
0,0.10137027,0
0,0.019697731,0
0,0.008503504,0
0,0.022493107,0
0,0.05008781,0
0,0.028084984,0
0,0.01081777,0
0,0.009773898,0
0,0.0056599462,0
0,0.011128638,0
0,0.031000078,0
0,0.018138302,0
0,0.015729282,0
0,0.00510363,0
0,0.009515238,0
0,0.036832105,0
0,0.0044866335,0
0,0.017407713,0
1,0.37277865,1
0,0.049187604,0
0,0.0030323914,0
0,0.004195182,0
0,0.010025703,0
0,0.046326395,0
0,0.002675052,0
0,0.030514078,0
0,0.033580877,0
0,0.054428346,0
0,0.026795065,0
0,0.015616628,0
0,0.004500022,0
0,0.009335,0
0,0.033317376,0
0,0.0074803648,0
0,0.014351188,0
0,0.011947868,0
0,0.010539469,0
0,0.03217638,0
0,0.1206102,0
1,0.9769165,1
0,0.0029532742,0
0,0.018130539,0
0,0.012653006,0
0,0.036027804,0
0,0.004633471,0
0,0.009512421,0
0,0.0056366087,0
0,0.080088064,0
0,0.0065430603,0
0,0.045979675,0
0,0.036783528,0
0,0.013430498,0
0,0.007001713,0
0,0.02446081,0
0,0.020878332,0
0,0.0044768304,0
0,0.031186007,0
0,0.104280695,0
0,0.0028963345,0
0,0.011969306,0
0,0.0136311725,0
0,0.15100881,0
0,0.028395329,0
0,0.022271587,0
0,0.0069453437,0
0,0.0018876888,0
0,0.0062497766,0
0,0.006019743,0
0,0.0031535071,0
0,0.008375787,0
0,0.014770822,0
0,0.0020320283,0
0,0.001627721,0
0,0.02430089,0
0,0.08880812,0
0,0.011880507,0
0,0.0027564033,0
0,0.010252676,0
0,0.0020936271,0
0,0.012910637,0
0,0.0030078115,0
0,0.021578545,0
0,0.0031436277,0
0,0.043243542,0
0,0.023110941,0
0,0.03462825,0
0,0.023164218,0
0,0.031845715,0
0,0.017866367,0
0,0.010499931,0
0,0.012325874,0
0,0.010538097,0
0,0.01315785,0
0,0.01747468,0
0,0.0013776072,0
0,0.0027516754,0
0,0.03415838,0
0,0.011398049,0
0,0.0048841103,0
0,0.009195258,0
0,0.044417292,0
0,0.050375506,0
0,0.0021814,0
0,0.009286144,0
0,0.053691935,0
0,0.043521572,0
0,0.012077373,0
0,0.010233942,0
0,0.0061936565,0
0,0.00349653,0
0,0.0025255699,0
0,0.003011082,0
0,0.011066758,0
0,0.012742344,0
0,0.018346716,0
0,0.003336953,0
0,0.015887847,0
0,0.0019595406,0
0,0.07663689,0
0,0.0053294594,0
0,0.016823526,0
0,0.014590509,0
0,0.0040261517,0
0,0.007921156,0
0,0.012678898,0
0,0.008128779,0
0,0.014384769,0
0,0.029703373,0
0,0.13635305,0
0,0.008153746,0
0,0.014203312,0
0,0.008177944,0
0,0.0051098615,0
0,0.02050858,0
1,0.6061647,1
0,0.041051995,0
0,0.28095493,0
0,0.0095259,0
0,0.043190468,0
0,0.0047966056,0
0,0.0020177192,0
0,0.006504492,0
0,0.011301418,0
0,0.0019224031,0
0,0.0047543403,0
0,0.09583966,0
0,0.004183088,0
0,0.002177043,0
0,0.004917781,0
0,0.050412312,0
0,0.003925834,0
0,0.0152970655,0
0,0.027439,0
1,0.015278079,0
0,0.015425124,0
0,0.00843691,0
0,0.0075332033,0
1,0.6814538,1
0,0.011117928,0
0,0.003750796,0
0,0.02995374,0
0,0.0032868765,0
0,0.0039489297,0
0,0.115524024,0
0,0.011402595,0
0,0.42847237,1
0,0.00456404,0
0,0.010810109,0
0,0.15117308,0
0,0.0104415575,0
0,0.054364733,0
1,0.92128485,1
0,0.013603031,0
0,0.015067186,0
0,0.000754949,0
0,0.020066509,0
0,0.006713809,0
0,0.01582523,0
0,0.026724117,0
0,0.0049665323,0
0,0.050690737,0
0,0.05180889,0
0,0.11083181,0
0,0.02068318,0
0,0.011825289,0
0,0.040654875,0
0,0.017549781,0
0,0.0025473586,0
0,0.004374087,0
0,0.050678805,0
0,0.025112996,0
0,0.004971698,0
0,0.07429049,0
0,0.006217143,0
0,0.0025242069,0
0,0.020543162,0
0,0.003253348,0
0,0.0027163983,0
0,0.0076052537,0
0,0.017336946,0
0,0.017327467,0
0,0.004778269,0
0,0.036041614,0
0,0.17029724,0
0,0.031195942,0
0,0.0141709875,0
0,0.025663557,0
0,0.010595343,0
0,0.013173003,0
0,0.011935912,0
0,0.002311656,0
0,0.0039465143,0
0,0.006770976,0
0,0.046621665,0
0,0.0013304314,0
0,0.011415739,0
0,0.011731667,0
0,0.00933766,0
0,0.005002505,0
0,0.018632326,0
0,0.0020312548,0
0,0.026825877,0
0,0.010938173,0
0,0.007649753,0
1,0.9671707,1
0,0.003485053,0
0,0.0031189243,0
0,0.017571663,0
0,0.0021792972,0
0,0.0031752067,0
0,0.051809464,0
0,0.00721494,0
0,0.013020857,0
0,0.0049566776,0
0,0.034362487,0
0,0.0070424625,0
0,0.016324494,0
0,0.0099044675,0
0,0.009635836,0
0,0.01105191,0
0,0.011625984,0
1,0.6848038,1
0,0.08626479,0
0,0.021993779,0
0,0.04342228,0
0,0.008156171,0
0,0.005544524,0
0,0.010059147,0
0,0.019923951,0
0,0.0051882286,0
0,0.008389977,0
0,0.0029472485,0
0,0.0011450901,0
0,0.015457747,0
0,0.0081483675,0
1,0.1272745,0
0,0.032498248,0
0,0.0044552144,0
0,0.0030906026,0
0,0.3333904,0
0,0.008621501,0
0,0.030122181,0
0,0.018320253,0
0,0.03907575,0
0,0.012030475,0
0,0.018530605,0
0,0.019974438,0
0,0.0054553254,0
0,0.019240992,0
0,0.014100688,0
0,0.003980661,0
0,0.008872198,0
0,0.026061036,0
0,0.0048106248,0
0,0.030956546,0
1,0.56189966,1
0,0.018520808,0
0,0.01723806,0
0,0.018885557,0
0,0.12145858,0
0,0.0125543745,0
0,0.016174546,0
0,0.022070618,0
0,0.0073225778,0
0,0.023890866,0
0,0.0022023774,0
0,0.012164812,0
0,0.02685601,0
0,0.001638793,0
0,0.01601978,0
0,0.003613643,0
0,0.046839148,0
0,0.06718122,0
0,0.03557366,0
0,0.028925303,0
0,0.0008630102,0
0,0.016568476,0
0,0.010397397,0
0,0.016889954,0
0,0.009814691,0
0,0.01561781,0
0,0.008755786,0
0,0.005830387,0
0,0.015834553,0
0,0.0072787134,0
1,0.12838703,0
0,0.67793167,1
0,0.009421099,0
0,0.062458705,0
0,0.006148573,0
0,0.040868428,0
0,0.0024385299,0
0,0.0070914035,0
0,0.02326411,0
0,0.0054454645,0
0,0.02299335,0
0,0.04423477,0
0,0.0067852708,0
0,0.012388812,0
0,0.14426509,0
0,0.02317557,0
0,0.0044598654,0
0,0.006118207,0
0,0.102004535,0
0,0.00459817,0
1,0.0039784852,0
0,0.0067940876,0
0,0.005064021,0
0,0.23393057,0
0,0.01526548,0
0,0.011151599,0
0,0.0042709387,0
0,0.027793322,0
0,0.002607031,0
0,0.038182214,0
0,0.0032926726,0
0,0.009704182,0
0,0.061866906,0
0,0.005293108,0
0,0.0048883366,0
0,0.0023937467,0
1,0.011867214,0
0,0.044136092,0
0,0.047438778,0
0,0.01699376,0
0,0.024316039,0
0,0.024670614,0
0,0.009276301,0
0,0.012884527,0
0,0.008597739,0
0,0.0062200045,0
0,0.040428296,0
0,0.007922493,0
0,0.0069168787,0
0,0.0071998457,0
0,0.0057022427,0
0,0.00456795,0
0,0.13596416,0
0,0.019140193,0
0,0.05941432,0
0,0.009661494,0
0,0.0024844608,0
0,0.032032203,0
0,0.008476758,0
0,0.008893486,0
0,0.019412825,0
1,0.5501019,1
0,0.016680956,0
0,0.04387841,0
0,0.009944762,0
0,0.015506945,0
0,0.060146365,0
0,0.010227294,0
0,0.015664686,0
0,0.007359208,0
0,0.0010779795,0
0,0.0039399276,0
0,0.003506328,0
0,0.07467635,0
0,0.06402443,0
0,0.003057661,0
0,0.0031994176,0
0,0.009042753,0
0,0.017753197,0
0,0.011559578,0
0,0.0025935795,0
0,0.02292551,0
0,0.0042398213,0
1,0.26476112,0
0,0.009174771,0
0,0.019372242,0
0,0.1321321,0
0,0.014577988,0
0,0.029195262,0
0,0.024363639,0
0,0.005196204,0
0,0.016737452,0
0,0.03671224,0
0,0.005988335,0
0,0.0104475655,0
0,0.0018387808,0
0,0.08342659,0
0,0.027196247,0
0,0.004350318,0
0,0.003358059,0
0,0.013636489,0
0,0.024284167,0
0,0.031838764,0
0,0.01612051,0
0,0.013826292,0
0,0.0028651962,0
0,0.007514944,0
0,0.21639335,0
0,0.055941645,0
0,0.0023113878,0
0,0.04790948,0
0,0.010163463,0
0,0.01714368,0
0,0.0541042,0
0,0.015984295,0
0,0.0069983485,0
0,0.0041447654,0
0,0.019871406,0
0,0.0025089956,0
0,0.004810919,0
0,0.0013965952,0
0,0.0077335695,0
1,0.8104237,1
0,0.0019984667,0
0,0.0070550945,0
0,0.009079386,0
0,0.029925624,0
0,0.009191232,0
0,0.039827704,0
0,0.024825089,0
0,0.02517576,0
0,0.06492146,0
1,0.39021158,1
0,0.07237308,0
0,0.04673844,0
0,0.021448366,0
0,0.0020492412,0
0,0.0054200757,0
0,0.0065217484,0
0,0.008968575,0
0,0.012375821,0
0,0.034594625,0
0,0.01484635,0
0,0.0051127784,0
0,0.0061094854,0
0,0.051121537,0
0,0.021292754,0
0,0.031541135,0
0,0.0069205156,0
0,0.00630966,0
0,0.0019579253,0
0,0.003730834,0
0,0.026405532,0
0,0.0043038446,0
0,0.062175684,0
0,0.0034976602,0
0,0.10732552,0
0,0.019618377,0
0,0.0051927366,0
0,0.010976222,0
0,0.011000028,0
0,0.0034761124,0
0,0.017402397,0
0,0.010599028,0
0,0.028254626,0
0,0.014396097,0
0,0.098935686,0
0,0.024302179,0
0,0.030058498,0
0,0.038202997,0
0,0.029198715,0
0,0.0072630043,0
0,0.007598376,0
0,0.15304764,0
0,0.004816118,0
0,0.0015577096,0
0,0.018978795,0
0,0.007130278,0
0,0.008130379,0
0,0.016649451,0
0,0.0074076266,0
0,0.010008146,0
0,0.041348528,0
0,0.005746946,0
0,0.03357898,0
0,0.004007761,0
0,0.043463368,0
0,0.01321876,0
0,0.0069088256,0
0,0.71967214,1
0,0.005812857,0
0,0.0022815666,0
0,0.011381581,0
0,0.0077908104,0
0,0.0020474321,0
0,0.060239904,0
0,0.0029624864,0
0,0.024679773,0
0,0.3304656,0
0,0.0072380663,0
0,0.018679043,0
0,0.0156395,0
0,0.004113903,0
0,0.014961281,0
0,0.0083841905,0
0,0.070907,0
0,0.08097942,0
0,0.009753954,0
0,0.008068504,0
0,0.0060559404,0
0,0.15695834,0
0,0.18872775,0
0,0.032377698,0
0,0.050884463,0
0,0.018244516,0
0,0.005840736,0
0,0.0043675443,0
0,0.021180773,0
0,0.0116718635,0
0,0.0020677133,0
0,0.0026459717,0
0,0.012191721,0
0,0.10116445,0
0,0.011861758,0
0,0.00940858,0
0,0.002538322,0
0,0.011833187,0
0,0.005453463,0
0,0.051889457,0
0,0.0038339472,0
0,0.017609222,0
0,0.1712876,0
0,0.015611279,0
0,0.028644508,0
0,0.015500213,0
0,0.07967074,0
0,0.0067290193,0
0,0.0031106214,0
0,0.045310248,0
0,0.004454491,0
0,0.026777893,0
0,0.025389152,0
0,0.012389682,0
0,0.007851906,0
0,0.033952653,0
0,0.022086274,0
0,0.015112399,0
0,0.048076373,0
0,0.017727703,0
0,0.0047294265,0
0,0.019206097,0
1,0.116101265,0
0,0.025027463,0
0,0.006397968,0
0,0.023973709,0
0,0.013120147,0
0,0.008147304,0
0,0.0069600376,0
0,0.035114758,0
0,0.010517721,0
0,0.0030811382,0
0,0.031509507,0
0,0.0027121543,0
0,0.002742624,0
0,0.02336459,0
0,0.00987564,0
0,0.004913151,0
0,0.015677763,0
0,0.003162759,0
0,0.013039157,0
0,0.06695732,0
0,0.03877278,0
0,0.08133842,0
0,0.046467517,0
1,0.025350638,0
0,0.020954441,0
0,0.012001463,0
0,0.011943146,0
0,0.042308852,0
0,0.012702515,0
0,0.005069451,0
0,0.015052954,0
0,0.018557973,0
0,0.03310396,0
0,0.0090621,0
0,0.004051401,0
0,0.003983259,0
0,0.003664983,0
0,0.052240063,0
0,0.0109620225,0
0,0.059344098,0
0,0.07455895,0
0,0.009456953,0
0,0.002870906,0
0,0.011474469,0
0,0.008826197,0
0,0.020534454,0
0,0.038406033,0
0,0.0058077415,0
0,0.05110446,0
0,0.0061643072,0
0,0.0017308069,0
0,0.018269332,0
0,0.020680945,0
0,0.0025302314,0
0,0.016616154,0
0,0.0070365835,0
0,0.025885906,0
0,0.011608052,0
0,0.0066468404,0
0,0.03150378,0
0,0.008501329,0
0,0.013897601,0
0,0.0026040683,0
0,0.008698189,0
0,0.02670021,0
0,0.01029617,0
0,0.01780981,0
0,0.012130301,0
0,0.014559697,0
0,0.014501998,0
0,0.058139533,0
0,0.0071591814,0
0,0.004659763,0
0,0.055826858,0
0,0.08925445,0
0,0.00562833,0
0,0.06252695,0
0,0.039109908,0
0,0.0145986425,0
0,0.004046503,0
0,0.01266362,0
0,0.009333281,0
0,0.0059098364,0
0,0.0018921251,0
0,0.26101425,0
0,0.034913883,0
0,0.1572312,0
0,0.015300095,0
0,0.0072992668,0
0,0.003680904,0
0,0.026900731,0
0,0.022410205,0
0,0.016103713,0
0,0.0117332935,0
0,0.026205713,0
0,0.0039345794,0
0,0.0150515195,0
0,0.0131786335,0
0,0.03925216,0
0,0.005605351,0
0,0.004308152,0
0,0.043832008,0
0,0.06986638,0
0,0.006619603,0
0,0.0069736256,0
0,0.0044005015,0
1,0.023443643,0
0,0.0046661636,0
0,0.015128363,0
0,0.011256034,0
0,0.059862755,0
0,0.098822884,0
0,0.00872218,0
0,0.0020434035,0
0,0.028880026,0
0,0.0035167446,0
0,0.05295961,0
0,0.043460008,0
0,0.006726419,0
0,0.029900495,0
0,0.011711363,0
0,0.029493887,0
0,0.009420266,0
0,0.02423882,0
0,0.027299182,0
0,0.009413626,0
0,0.0028991492,0
0,0.05119463,0
0,0.01046235,0
0,0.03881572,0
0,0.011992251,0
0,0.00738591,0
0,0.027998064,0
0,0.008202316,0
0,0.02233693,0
0,0.016609479,0
0,0.025553973,0
0,0.026308864,0
0,0.026470438,0
0,0.009785766,0
0,0.017354274,0
0,0.49819988,1
0,0.0047387476,0
0,0.014896145,0
0,0.07650881,0
0,0.05666058,0
0,0.0331758,0
0,0.052732237,0
0,0.024141889,0
0,0.051413536,0
0,0.0032518748,0
0,0.016089259,0
0,0.019094849,0
0,0.025513705,0
0,0.020773375,0
0,0.021784209,0
0,0.024629274,0
0,0.06472808,0
0,0.0071289344,0
0,0.013901398,0
0,0.010437435,0
0,0.0007193201,0
0,0.016604954,0
0,0.011750651,0
0,0.009898713,0
0,0.0077039064,0
0,0.075740665,0
1,0.52431875,1
0,0.010073002,0
0,0.009297478,0
0,0.01592037,0
0,0.0051064687,0
0,0.016384449,0
0,0.035061557,0
0,0.027971061,0
0,0.037856128,0
0,0.0042272336,0
0,0.024328101,0
0,0.0222987,0
0,0.0061741336,0
0,0.017014857,0
0,0.046100695,0
0,0.008579553,0
0,0.68505824,1
0,0.011408439,0
0,0.01609341,0
0,0.15207845,0
0,0.14138441,0
0,0.040461827,0
0,0.041510977,0
0,0.023573669,0
0,0.010283456,0
0,0.0040004663,0
0,0.0056575877,0
0,0.0054851915,0
0,0.022310637,0
0,0.015980635,0
0,0.0274615,0
0,0.046911996,0
0,0.0062749134,0
0,0.015469782,0
0,0.011672209,0
0,0.025476836,0
0,0.06006633,0
0,0.9467275,1
0,0.0075948606,0
0,0.019714653,0
0,0.044157434,0
0,0.110963255,0
0,0.04963283,0
0,0.027713897,0
0,0.012782959,0
0,0.014210251,0
1,0.043158643,0
0,0.00286969,0
0,0.05195859,0
0,0.015683437,0
0,0.004240011,0
0,0.0072179805,0
0,0.019291868,0
0,0.017590541,0
0,0.10863497,0
0,0.039052695,0
0,0.0049551725,0
0,0.003826546,0
0,0.0058308123,0
0,0.0042758365,0
0,0.009251936,0
0,0.018102637,0
0,0.008332704,0
1,0.03964353,0
0,0.036248874,0
0,0.0075348397,0
0,0.25004742,0
0,0.07752939,0
0,0.012782983,0
0,0.03075121,0
0,0.034049585,0
0,0.0030638115,0
0,0.0089537995,0
0,0.019725148,0
0,0.032825388,0
0,0.34129706,0
0,0.0023459487,0
0,0.0031810512,0
0,0.0065128324,0
0,0.0015752226,0
0,0.011950143,0
0,0.01375881,0
0,0.017783755,0
0,0.0034376692,0
0,0.24924134,0
0,0.038657546,0
0,0.004111194,0
0,0.1070573,0
0,0.007529268,0
0,0.0020429457,0
0,0.013499634,0
0,0.004949653,0
0,0.004322036,0
0,0.016681677,0
0,0.026566941,0
0,0.052332748,0
0,0.036849517,0
1,0.119565114,0
0,0.055087686,0
0,0.0049391245,0
0,0.014348092,0
0,0.004643534,0
0,0.031330176,0
0,0.03471118,0
0,0.031348746,0
0,0.004050937,0
0,0.07710853,0
0,0.008847949,0
0,0.04613897,0
0,0.006743041,0
0,0.033268597,0
0,0.0043224506,0
0,0.004434367,0
0,0.018658612,0
0,0.017712573,0
0,0.017870134,0
0,0.008651291,0
0,0.00689631,0
0,0.102984056,0
0,0.025730317,0
0,0.003537128,0
1,0.63859046,1
0,0.019531306,0
0,0.013190725,0
0,0.017574256,0
0,0.0024487856,0
0,0.062854424,0
0,0.003887705,0
1,0.21654303,0
0,0.020966848,0
0,0.0076257703,0
0,0.009220019,0
0,0.01246014,0
0,0.0040137535,0
0,0.002859517,0
0,0.0042912103,0
0,0.008989858,0
0,0.074552126,0
0,0.028508322,0
0,0.019197386,0
0,0.007737672,0
0,0.036806453,0
0,0.042459164,0
0,0.012700083,0
0,0.001898815,0
0,0.01342348,0
0,0.02490619,0
0,0.072427176,0
0,0.061063923,0
0,0.013401579,0
0,0.01337795,0
0,0.0025755921,0
0,0.011651594,0
0,0.08562752,0
0,0.0047534043,0
0,0.030612232,0
0,0.014161032,0
0,0.015838187,0
0,0.0068654977,0
0,0.0023467354,0
0,0.0036388969,0
1,0.9682925,1
0,0.035741363,0
0,0.050189875,0
0,0.01394572,0
0,0.03603017,0
0,0.20661885,0
0,0.0038967857,0
0,0.0023067466,0
0,0.015396798,0
0,0.02545719,0
0,0.00709747,0
0,0.006811876,0
0,0.059643626,0
0,0.009762672,0
1,0.6502269,1
0,0.123085864,0
0,0.0043657967,0
0,0.024303565,0
1,0.35221022,1
0,0.016228119,0
0,0.035917953,0
0,0.021559553,0
0,0.026009316,0
0,0.025511744,0
1,0.033549685,0
0,0.031595737,0
0,0.014809154,0
0,0.058708232,0
0,0.00414622,0
0,0.020048996,0
0,0.013527942,0
0,0.0042274185,0
0,0.011562247,0
0,0.02808524,0
0,0.017326899,0
0,0.0026736748,0
0,0.045599036,0
0,0.036754683,0
0,0.025134826,0
0,0.004757184,0
0,0.03436256,0
0,0.022145968,0
0,0.046015427,0
0,0.027560346,0
0,0.15586971,0
0,0.016110076,0
0,0.0059714755,0
0,0.061344627,0
0,0.0175833,0
0,0.0044437596,0
0,0.029054498,0
0,0.0063715144,0
0,0.09714837,0
0,0.06371132,0
0,0.03549345,0
0,0.00965831,0
0,0.0018054878,0
0,0.0030388595,0
0,0.13075683,0
0,0.008213958,0
0,0.032349095,0
0,0.03791659,0
0,0.0057032024,0
0,0.0046732067,0
1,0.7888935,1
0,0.016104348,0
0,0.009465364,0
0,0.0021130485,0
0,0.044691283,0
0,0.020462785,0
0,0.0047655148,0
0,0.013821319,0
0,0.0049909977,0
0,0.007503582,0
0,0.046344,0
0,0.007828456,0
0,0.0060201026,0
0,0.063660756,0
0,0.0057195663,0
0,0.011102469,0
0,0.23913808,0
0,0.0017301819,0
0,0.0036799577,0
0,0.006722378,0
0,0.030661236,0
0,0.027217083,0
0,0.003179023,0
0,0.0069654644,0
0,0.06663335,0
0,0.06113686,0
0,0.011613996,0
0,0.031884905,0
0,0.028223164,0
0,0.014767574,0
0,0.009791978,0
0,0.06655277,0
0,0.010912554,0
0,0.2991501,0
0,0.007031344,0
0,0.023900218,0
0,0.04368295,0
0,0.016768979,0
0,0.030312855,0
0,0.0081718555,0
0,0.006308043,0
0,0.008166574,0
0,0.0049138716,0
0,0.0016601225,0
1,0.5465337,1
0,0.0061347913,0
0,0.04362831,0
0,0.14578201,0
0,0.010222801,0
0,0.05026548,0
1,0.0035156803,0
0,0.01699999,0
0,0.03311579,0
0,0.004287854,0
0,0.0051901955,0
0,0.0038915847,0
0,0.004131662,0
0,0.028079713,0
0,0.10932425,0
0,0.23334835,0
0,0.019584663,0
0,0.15171729,0
0,0.010344493,0
0,0.031430487,0
0,0.026115287,0
0,0.0045016757,0
0,0.008438215,0
0,0.003006509,0
0,0.005523769,0
0,0.0043770242,0
0,0.03548118,0
0,0.008469804,0
0,0.016465241,0
0,0.021742642,0
0,0.009152163,0
0,0.049313657,0
0,0.00984708,0
0,0.03225837,0
0,0.014800279,0
0,0.03527083,0
0,0.014997747,0
0,0.016150357,0
0,0.007966042,0
0,0.06731098,0
0,0.14485404,0
0,0.035438836,0
1,0.39600736,1
0,0.019220196,0
0,0.03929094,0
0,0.010954115,0
0,0.0036117672,0
0,0.0031082446,0
0,0.0218558,0
0,0.014318544,0
0,0.030898541,0
0,0.008364768,0
0,0.010798612,0
0,0.048100013,0
0,0.030683745,0
0,0.02209234,0
0,0.0029011972,0
0,0.017048081,0
0,0.016886003,0
1,0.9644095,1
0,0.033991627,0
0,0.0023458952,0
0,0.07262893,0
0,0.03737944,0
0,0.0051633054,0
0,0.0073102447,0
0,0.005005181,0
0,0.057333015,0
0,0.053077832,0
0,0.013292619,0
0,0.022936342,0
0,0.030020652,0
0,0.030019596,0
0,0.009322666,0
0,0.006441947,0
0,0.0098984605,0
0,0.0054769185,0
0,0.017847335,0
0,0.020499343,0
0,0.010255676,0
0,0.0069482783,0
0,0.0029019653,0
0,0.012684754,0
0,0.0063841483,0
0,0.03535817,0
0,0.03300916,0
0,0.019708568,0
0,0.015858112,0
0,0.018717786,0
0,0.005513905,0
0,0.3002255,0
0,0.004516599,0
0,0.024662228,0
0,0.0016719222,0
0,0.009315591,0
0,0.0016425975,0
0,0.0038244636,0
0,0.0101532545,0
0,0.004502567,0
0,0.076078646,0
0,0.0066969953,0
0,0.024469817,0
0,0.0060022557,0
0,0.023440031,0
0,0.021798749,0
0,0.02521512,0
0,0.020543633,0
0,0.80880713,1
0,0.0142108975,0
0,0.07857308,0
0,0.06113659,0
0,0.09630763,0
0,0.011834676,0
0,0.037931178,0
0,0.061286904,0
0,0.014209055,0
0,0.102419525,0
0,0.02737381,0
0,0.07052874,0
0,0.018518204,0
0,0.022461388,0
0,0.00299029,0
0,0.014199473,0
0,0.4455625,1
0,0.12867399,0
0,0.002691594,0
0,0.009091286,0
0,0.015771832,0
0,0.0070294472,0
0,0.016289316,0
0,0.056695584,0
0,0.0048812926,0
0,0.0045464314,0
0,0.026474958,0
0,0.009421663,0
0,0.016057247,0
0,0.012602037,0
0,0.0030062431,0
0,0.00555003,0
0,0.27543744,0
0,0.013909473,0
0,0.012039677,0
0,0.02493983,0
0,0.036933947,0
0,0.015583238,0
0,0.001049402,0
0,0.0049875537,0
0,0.0064610406,0
0,0.03753875,0
0,0.02740771,0
0,0.025024183,0
0,0.00287355,0
0,0.17320275,0
0,0.090637125,0
0,0.03401075,0
0,0.014370308,0
0,0.021672852,0
0,0.0419284,0
0,0.010560275,0
0,0.0037721167,0
0,0.008404847,0
0,0.014719261,0
0,0.016038544,0
0,0.002046868,0
0,0.042168565,0
0,0.007265653,0
0,0.12287351,0
0,0.02446262,0
0,0.014934398,0
0,0.04772163,0
0,0.0020340928,0
0,0.013391419,0
0,0.02279059,0
0,0.049685936,0
0,0.01172686,0
0,0.01384098,0
0,0.01087694,0
0,0.02025383,0
0,0.009689112,0
0,0.001450729,0
0,0.2449063,0
0,0.006724687,0
0,0.014711083,0
0,0.0026697512,0
0,0.0114287855,0
0,0.043562505,0
0,0.003726183,0
0,0.013134287,0
0,0.0060459003,0
0,0.003966729,0
0,0.0050642686,0
0,0.0032953857,0
0,0.011607751,0
0,0.0074727363,0
0,0.021181494,0
0,0.012847373,0
0,0.0064983284,0
0,0.024346529,0
0,0.032010064,0
0,0.09339823,0
0,0.026664607,0
0,0.004521269,0
0,0.004834833,0
0,0.022461388,0
0,0.027584616,0
0,0.003140263,0
0,0.016828598,0
0,0.017870778,0
0,0.076811336,0
0,0.023265757,0
0,0.005383273,0
0,0.08342659,0
0,0.015740478,0
0,0.009850637,0
0,0.016846137,0
0,0.01954512,0
0,0.15755805,0
0,0.0060871127,0
0,0.03168071,0
0,0.026373621,0
0,0.005800137,0
0,0.021709492,0
0,0.0064373645,0
0,0.0024413734,0
0,0.007885405,0
0,0.0043247496,0
0,0.12346968,0
0,0.006065152,0
0,0.0083863875,0
0,0.009559169,0
0,0.021057978,0
0,0.009165369,0
0,0.02474569,0
0,0.043748863,0
0,0.015195912,0
0,0.012038957,0
0,0.006014832,0
0,0.07499578,0
0,0.0026635195,0
0,0.0047042267,0
0,0.0017886764,0
0,0.006097588,0
0,0.014476791,0
0,0.0020988937,0
0,0.016164608,0
0,0.03021898,0
0,0.0050293445,0
0,0.013935127,0
0,0.007573072,0
0,0.00934359,0
0,0.047306575,0
0,0.008069465,0
0,0.022252271,0
0,0.006803783,0
0,0.002602554,0
0,0.005624163,0
0,0.0012490758,0
0,0.0035798466,0
0,0.014159666,0
0,0.019566879,0
0,0.011626696,0
0,0.042480588,0
0,0.02101474,0
0,0.010803452,0
0,0.019346194,0
0,0.29992822,0
0,0.0031919233,0
0,0.051475473,0
0,0.021872625,0
0,0.020186475,0
0,0.0060282773,0
0,0.014459093,0
0,0.006906765,0
0,0.0019325331,0
0,0.0023357137,0
0,0.016161643,0
1,0.059859507,0
0,0.0026631523,0
0,0.01804755,0
0,0.006070855,0
0,0.004176168,0
0,0.00814915,0
0,0.028209645,0
0,0.010607873,0
0,0.15916409,0
0,0.022553764,0
0,0.2536118,0
0,0.0116167655,0
0,0.008195995,0
0,0.018439129,0
0,0.026896406,0
0,0.033454176,0
0,0.030317305,0
0,0.00818573,0
0,0.0019059487,0
0,0.0066460026,0
0,0.105618596,0
0,0.052434683,0
0,0.02817582,0
1,0.11732172,0
0,0.06481561,0
0,0.005149202,0
0,0.04642661,0
0,0.006700009,0
0,0.014445327,0
0,0.040209077,0
0,0.026654406,0
1,0.27765763,0
0,0.07188034,0
0,0.0025695344,0
0,0.016356591,0
0,0.0046871426,0
0,0.02972605,0
0,0.002457481,0
0,0.0042005023,0
0,0.021580242,0
0,0.007928687,0
0,0.014134117,0
0,0.0066654985,0
0,0.017260645,0
0,0.011412431,0
0,0.0039646947,0
0,0.011710629,0
0,0.0065027657,0
0,0.027467875,0
0,0.038275424,0
0,0.015597492,0
0,0.04221886,0
0,0.0053699263,0
0,0.018216783,0
0,0.020869087,0
0,0.06904665,0
0,0.004271245,0
0,0.045059327,0
0,0.0090891505,0
0,0.035736885,0
0,0.013344038,0
0,0.018155674,0
0,0.019875469,0
0,0.07849196,0
0,0.021752473,0
0,0.04219918,0
0,0.009583706,0
0,0.009170043,0
0,0.01889844,0
0,0.0043100915,0
0,0.0032805717,0
0,0.01635755,0
0,0.027894937,0
0,0.011581756,0
0,0.025450189,0
0,0.016510606,0
0,0.0106188925,0
0,0.018961022,0
0,0.04503255,0
0,0.03379809,0
0,0.14467555,0
0,0.012493005,0
0,0.008102566,0
0,0.008605795,0
0,0.035168607,0
1,0.6833623,1
0,0.01193851,0
0,0.045069702,0
0,0.013447763,0
0,0.010459779,0
0,0.020045592,0
0,0.013992997,0
0,0.006558294,0
0,0.008832089,0
0,0.009927464,0
0,0.02199399,0
0,0.036342535,0
0,0.014067489,0
0,0.026800921,0
0,0.009627554,0
0,0.03220792,0
1,0.08218309,0
0,0.0026428767,0
0,0.020478006,0
0,0.015946053,0
0,0.0048017437,0
0,0.037628084,0
0,0.009347488,0
0,0.006751778,0
0,0.039047405,0
0,0.008422,0
0,0.0049652364,0
0,0.01968206,0
0,0.019397242,0
0,0.0063046305,0
0,0.023602068,0
0,0.016484696,0
0,0.03743015,0
0,0.024538131,0
0,0.0044716797,0
0,0.03521781,0
0,0.023267692,0
0,0.016450822,0
0,0.027686555,0
0,0.021154296,0
0,0.0031110088,0
0,0.006143208,0
0,0.02251623,0
0,0.043517165,0
0,0.0034541043,0
0,0.026413266,0
0,0.018357208,0
0,0.015696177,0
0,0.005434979,0
0,0.014251422,0
0,0.0069408827,0
0,0.008515904,0
0,0.009876964,0
0,0.035385266,0
0,0.0027670115,0
0,0.0010471512,0
0,0.002103415,0
0,0.005606741,0
0,0.016582156,0
1,0.4363239,1
0,0.001207429,0
0,0.015311803,0
0,0.02387459,0
0,0.0033327956,0
0,0.010289204,0
0,0.029834354,0
0,0.004265856,0
0,0.047556307,0
0,0.024310295,0
0,0.004372206,0
0,0.10729537,0
0,0.0044640084,0
0,0.03911108,0
0,0.008092134,0
0,0.011533709,0
0,0.0039860336,0
0,0.007973023,0
0,0.028135452,0
0,0.10925595,0
0,0.010300514,0
0,0.005723668,0
0,0.009313936,0
0,0.021948919,0
0,0.004443401,0
0,0.014894158,0
0,0.0041830344,0
0,0.18172729,0
0,0.0062488997,0
0,0.009878601,0
0,0.017901098,0
0,0.005156902,0
0,0.015037437,0
0,0.0010458461,0
0,0.046662685,0
0,0.005801869,0
0,0.02950939,0
0,0.023721509,0
0,0.02220987,0
0,0.0050619454,0
0,0.009508082,0
0,0.014086781,0
0,0.035858937,0
0,0.022033133,0
0,0.030295277,0
0,0.2303498,0
0,0.0076884227,0
0,0.0034467194,0
0,0.0032267359,0
0,0.061798338,0
0,0.005427973,0
0,0.05567167,0
0,0.0044628154,0
0,0.0058241906,0
0,0.030386418,0
0,0.079752594,0
0,0.03973502,0
0,0.45681405,1
0,0.011387565,0
0,0.01923569,0
0,0.059892926,0
0,0.007677872,0
0,0.016381206,0
0,0.030054327,0
0,0.018887965,0
0,0.04669033,0
0,0.0077132583,0
0,0.03875891,0
0,0.014019923,0
0,0.0068120044,0
0,0.0038233355,0
0,0.022847949,0
0,0.0035486862,0
0,0.028604966,0
0,0.007907782,0
0,0.023898233,0
0,0.012675974,0
0,0.022437284,0
0,0.055409774,0
0,0.019066412,0
0,0.0035347943,0
0,0.022461388,0
0,0.08276222,0
0,0.0031084777,0
0,0.06535728,0
0,0.0170465,0
0,0.015407717,0
0,0.016041216,0
0,0.03759133,0
0,0.0070866942,0
0,0.018031653,0
0,0.096809514,0
0,0.057793263,0
0,0.0121689895,0
0,0.034289636,0
0,0.042557873,0
0,0.015506444,0
0,0.0035790727,0
0,0.021943357,0
0,0.008558238,0
0,0.0028640453,0
1,0.5033193,1
1,0.03135396,0
0,0.112563685,0
0,0.019091528,0
0,0.017976021,0
0,0.005603794,0
0,0.006056245,0
0,0.0490991,0
1,0.558486,1
0,0.007607461,0
0,0.007172018,0
0,0.15025608,0
0,0.0042020404,0
0,0.014710856,0
0,0.022263967,0
0,0.016008148,0
0,0.0045434195,0
0,0.005256791,0
0,0.001482978,0
0,0.008418266,0
0,0.01319756,0
0,0.13317747,0
0,0.017948644,0
0,0.035863817,0
0,0.0045183166,0
0,0.035773776,0
0,0.053891446,0
0,0.0047281203,0
0,0.010573481,0
0,0.069309406,0
0,0.02049155,0
0,0.0035458345,0
0,0.0247374,0
0,0.03961934,0
0,0.017817903,0
1,0.04082862,0
0,0.013707562,0
0,0.0046260785,0
0,0.008183411,0
0,0.0022613776,0
0,0.0020153327,0
0,0.02082067,0
0,0.016161263,0
0,0.008341022,0
0,0.022238187,0
0,0.0155240325,0
0,0.05182723,0
0,0.04895634,0
0,0.015714724,0
1,0.016290164,0
0,0.018712409,0
0,0.024721902,0
0,0.36508536,1
0,0.0136011755,0
0,0.029082227,0
0,0.003579015,0
0,0.0068340455,0
0,0.013912084,0
0,0.009770779,0
0,0.010301672,0
0,0.019998137,0
0,0.0039872588,0
0,0.04841758,0
0,0.0036014807,0
0,0.010234126,0
0,0.012831345,0
0,0.012008974,0
0,0.0047395485,0
0,0.032558504,0
0,0.017484196,0
0,0.035374653,0
0,0.01015025,0
0,0.14124064,0
0,0.012141209,0
0,0.0073782443,0
0,0.011079801,0
0,0.0077778306,0
0,0.006198774,0
0,0.003065385,0
0,0.008390731,0
0,0.015366568,0
0,0.0067781536,0
1,0.0050177397,0
0,0.016343798,0
0,0.035508778,0
0,0.004344698,0
0,0.017738385,0
0,0.021922132,0
0,0.024042109,0
0,0.0041707037,0
0,0.004376216,0
0,0.0143559445,0
0,0.018375283,0
0,0.0042133387,0
0,0.008172165,0
0,0.009298093,0
0,0.003560042,0
0,0.039044812,0
0,0.0037632233,0
0,0.0044994433,0
0,0.031129329,0
0,0.006752805,0
0,0.068030626,0
0,0.0060518775,0
0,0.004376625,0
0,0.036027804,0
0,0.027855616,0
0,0.025637632,0
0,0.0055689504,0
0,0.015602758,0
0,0.002466217,0
0,0.0032731101,0
0,0.01301443,0
0,0.012092499,0
0,0.001422737,0
0,0.007844094,0
0,0.019517122,0
0,0.0014528089,0
0,0.0048462674,0
0,0.04217882,0
0,0.014066265,0
0,0.018978689,0
0,0.0028010309,0
0,0.0067001465,0
0,0.036530636,0
0,0.013747479,0
0,0.08953391,0
0,0.0112348525,0
0,0.004232084,0
0,0.07922039,0
0,0.024319304,0
0,0.042747945,0
0,0.016919885,0
0,0.016199855,0
0,0.004855074,0
0,0.010774972,0
0,0.012792133,0
0,0.0070786397,0
0,0.00211548,0
0,0.010728308,0
0,0.017305892,0
0,0.025762308,0
0,0.0078830775,0
0,0.0539101,0
0,0.023760393,0
0,0.040600773,0
0,0.010665117,0
1,0.005808094,0
0,0.008641575,0
0,0.022627741,0
0,0.008602232,0
0,0.010421868,0
0,0.009033511,0
1,0.058545936,0
0,0.049606867,0
0,0.0077010314,0
0,0.011743654,0
0,0.0336978,0
0,0.07429121,0
0,0.008886836,0
0,0.08255221,0
0,0.004474474,0
0,0.026171418,0
0,0.039644912,0
0,0.047479358,0
0,0.020982828,0
0,0.004909059,0
0,0.006694268,0
0,0.025188446,0
0,0.0012009735,0
0,0.0032301117,0
0,0.010367609,0
0,0.025614075,0
0,0.0018744932,0
0,0.083216794,0
0,0.007986385,0
0,0.039815556,0
0,0.016241582,0
0,0.005952522,0
0,0.03350602,0
0,0.01952743,0
0,0.008385476,0
0,0.01621284,0
0,0.0393289,0
0,0.023432102,0
0,0.035060298,0
0,0.030102292,0
0,0.004793959,0
0,0.0119200535,0
0,0.04750643,0
0,0.022022583,0
0,0.0029312603,0
0,0.024515778,0
0,0.012278716,0
0,0.0020293824,0
0,0.013146921,0
0,0.056075063,0
0,0.0027320292,0
0,0.022021957,0
0,0.012472697,0
0,0.0073111346,0
0,0.0026526821,0
0,0.0030017304,0
0,0.120832644,0
0,0.031880945,0
0,0.025781492,0
0,0.0032410056,0
0,0.10650747,0
1,0.20233858,0
0,0.007931595,0
0,0.020047722,0
0,0.009549025,0
0,0.07679059,0
0,0.011483375,0
0,0.00576044,0
0,0.0822929,0
0,0.01926347,0
0,0.6188506,1
0,0.012774591,0
0,0.015170209,0
0,0.0034579146,0
0,0.03666224,0
0,0.01658386,0
0,0.0456284,0
0,0.06269672,0
0,0.42834854,1
0,0.002826978,0
0,0.026387008,0
0,0.023855723,0
0,0.49830985,1
0,0.018543765,0
0,0.0035762067,0
0,0.02267004,0
0,0.08411137,0
0,0.0069039688,0
0,0.009976216,0
0,0.0037230598,0
0,0.06900628,0
0,0.0035360123,0
0,0.014231393,0
0,0.015071786,0
0,0.03035244,0
0,0.010392781,0
1,0.04136732,0
0,0.015547911,0
0,0.012844556,0
0,0.0099611655,0
0,0.012287064,0
0,0.010771558,0
0,0.022939265,0
0,0.080440074,0
0,0.0027457334,0
1,0.9685203,1
0,0.009876708,0
0,0.052285258,0
0,0.008047998,0
0,0.024960293,0
0,0.0020559516,0
0,0.0026921595,0
0,0.06356841,0
0,0.013617356,0
0,0.021264374,0
0,0.0023199916,0
0,0.0110201165,0
0,0.09655759,0
0,0.017329238,0
0,0.011192719,0
0,0.006968473,0
0,0.0024810396,0
0,0.026050128,0
0,0.015481988,0
0,0.022963617,0
0,0.027180312,0
0,0.025928415,0
0,0.016562805,0
0,0.017938484,0
0,0.009819674,0
0,0.010305241,0
0,0.017279597,0
0,0.0108209085,0
0,0.008737253,0
0,0.023500789,0
0,0.024069939,0
0,0.043997027,0
0,0.0056881937,0
0,0.008763769,0
0,0.2939564,0
0,0.017336303,0
0,0.0068720225,0
0,0.02506818,0
0,0.0104172565,0
0,0.010319475,0
0,0.001971983,0
0,0.02169417,0
0,0.016175516,0
0,0.0041444935,0
0,0.017379401,0
0,0.0034283767,0
0,0.02485468,0
0,0.010245232,0
0,0.0025418242,0
0,0.04242157,0
0,0.0055001113,0
0,0.01993386,0
0,0.004235473,0
0,0.030527994,0
0,0.0055467966,0
0,0.023770522,0
1,0.0072669764,0
0,0.0036825202,0
0,0.023436554,0
0,0.019599993,0
0,0.014988657,0
0,0.007832487,0
0,0.010359686,0
0,0.017666668,0
0,0.01823214,0
0,0.03379254,0
0,0.011980352,0
1,0.7100906,1
0,0.009197226,0
0,0.0403222,0
0,0.025280595,0
0,0.005241402,0
0,0.022460692,0
0,0.05014643,0
0,0.016063953,0
0,0.009737295,0
0,0.013168777,0
0,0.045996025,0
0,0.0027624168,0
0,0.007878499,0
0,0.15178849,0
0,0.046461567,0
0,0.010157722,0
0,0.019887991,0
0,0.047691695,0
0,0.004294571,0
0,0.021865765,0
0,0.0017416748,0
0,0.054533288,0
0,0.033050667,0
0,0.04446196,0
0,0.006020979,0
1,0.7202497,1
0,0.0023488933,0
0,0.02630897,0
0,0.0060841995,0
0,0.008896349,0
0,0.030552857,0
0,0.08526914,0
0,0.008316518,0
0,0.00595035,0
0,0.013322452,0
0,0.016658923,0
0,0.10048487,0
0,0.021065677,0
0,0.0017931048,0
0,0.006397217,0
0,0.0030168307,0
0,0.08251278,0
0,0.02352935,0
0,0.008414279,0
0,0.109134,0
0,0.031653207,0
0,0.063122265,0
0,0.020674765,0
0,0.007834614,0
0,0.038132414,0
0,0.016778842,0
0,0.008497644,0
0,0.030299878,0
0,0.04995281,0
0,0.0025216832,0
0,0.013618413,0
0,0.03299866,0
0,0.0177523,0
0,0.009111308,0
0,0.0033069912,0
0,0.020853685,0
0,0.012942483,0
0,0.0141726,0
0,0.009005382,0
0,0.008766905,0
0,0.025825338,0
0,0.006596902,0
0,0.018927725,0
1,0.4918643,1
0,0.029201722,0
0,0.02429592,0
0,0.1628162,0
0,0.023017155,0
0,0.2104885,0
0,0.14708596,0
0,0.025634434,0
0,0.09632197,0
0,0.037789643,0
0,0.0029671353,0
0,0.01272054,0
0,0.033002026,0
0,0.027473036,0
0,0.094816424,0
0,0.002457245,0
0,0.022573505,0
0,0.015285232,0
0,0.004508821,0
0,0.012725158,0
0,0.01776336,0
0,0.06253909,0
0,0.008453441,0
0,0.023925306,0
0,0.038670998,0
0,0.0710236,0
0,0.026061924,0
0,0.011613596,0
0,0.038742952,0
0,0.02925426,0
0,0.017074374,0
0,0.012433372,0
0,0.0048553157,0
0,0.011910745,0
0,0.0038046716,0
0,0.047519658,0
0,0.1876309,0
0,0.008431009,0
0,0.04012942,0
0,0.01601482,0
0,0.002616745,0
1,0.7206715,1
0,0.0035180168,0
0,0.0059115007,0
0,0.009520606,0
0,0.0032998086,0
0,0.020802911,0
0,0.0033732187,0
0,0.0070942985,0
1,0.9315794,1
0,0.0037897688,0
0,0.011534101,0
0,0.03895908,0
0,0.016588798,0
0,0.0141918855,0
0,0.0063361772,0
0,0.018382963,0
0,0.103349924,0
0,0.041124366,0
0,0.012178136,0
0,0.08573114,0
0,0.0022127493,0
0,0.009661758,0
0,0.007626041,0
0,0.017280892,0
1,0.8272311,1
0,0.013683645,0
0,0.108059764,0
0,0.045498203,0
0,0.041374665,0
0,0.037582085,0
0,0.0066221645,0
0,0.00826947,0
0,0.042798072,0
0,0.054239,0
0,0.022637106,0
0,0.0065410184,0
0,0.0009168954,0
0,0.067258134,0
0,0.035915516,0
0,0.0042954176,0
0,0.024414862,0
0,0.017963089,0
0,0.010925908,0
0,0.011735616,0
0,0.011654334,0
0,0.004608999,0
0,0.21868423,0
0,0.14985229,0
0,0.0420482,0
0,0.16269405,0
0,0.0281838,0
0,0.012269657,0
0,0.012664693,0
1,0.70203584,1
0,0.024522038,0
0,0.009289207,0
0,0.019935211,0
0,0.017567663,0
0,0.007443524,0
0,0.01893277,0
0,0.0050581237,0
0,0.028858477,0
0,0.0037433233,0
0,0.0060676103,0
0,0.006422188,0
0,0.015004287,0
0,0.047869537,0
0,0.0040006656,0
0,0.23228256,0
0,0.052328512,0
0,0.0624779,0
0,0.014978233,0
0,0.015826976,0
0,0.0068984916,0
0,0.01623146,0
0,0.007977403,0
0,0.021929095,0
0,0.00745356,0
0,0.0050118063,0
0,0.005830862,0
1,0.8435156,1
0,0.0026124227,0
0,0.009800979,0
0,0.014308158,0
0,0.0125720855,0
0,0.030322863,0
0,0.0053109983,0
0,0.0053159934,0
0,0.019724522,0
0,0.019171836,0
0,0.007661411,0
0,0.10100693,0
0,0.011304429,0
0,0.005238434,0
1,0.909586,1
0,0.0069331536,0
0,0.0029947746,0
0,0.0022298745,0
0,0.012443593,0
0,0.024466079,0
0,0.020007364,0
0,0.112629145,0
0,0.017307384,0
0,0.010423147,0
0,0.00824395,0
0,0.0058142706,0
0,0.01778568,0
0,0.0063265865,0
0,0.0051004137,0
0,0.03078487,0
0,0.008003827,0
0,0.008525991,0
0,0.006811808,0
0,0.0039071017,0
0,0.0444795,0
0,0.0037932862,0
0,0.01224466,0
0,0.013346593,0
0,0.012178852,0
0,0.020672143,0
0,0.0075547956,0
0,0.035351012,0
0,0.013537388,0
0,0.0023925628,0
0,0.02326057,0
0,0.037787862,0
0,0.0037881543,0
0,0.02517137,0
0,0.075660095,0
0,0.09011426,0
0,0.0066498066,0
1,0.98196584,1
0,0.012732013,0
0,0.012460369,0
0,0.014410644,0
0,0.018436184,0
0,0.013931662,0
0,0.026005497,0
0,0.05917817,0
0,0.033619113,0
0,0.004340144,0
0,0.0064709964,0
0,0.10785267,0
0,0.0017290777,0
0,0.021682434,0
0,0.006985851,0
0,0.0065108454,0
1,0.370948,1
0,0.015996585,0
1,0.41897658,1
1,0.99070555,1
0,0.011912518,0
0,0.0056403414,0
0,0.0041060434,0
0,0.01588081,0
0,0.06614201,0
0,0.004180263,0
0,0.003216521,0
0,0.0124470275,0
0,0.017892232,0
0,0.009518969,0
0,0.027429758,0
0,0.014030766,0
0,0.0020299687,0
0,0.018612662,0
0,0.0065270183,0
0,0.02055142,0
0,0.027706895,0
0,0.015478413,0
0,0.0124664195,0
0,0.007702751,0
0,0.022988,0
0,0.02050976,0
0,0.0077564134,0
0,0.02278051,0
0,0.01362716,0
0,0.01971527,0
0,0.017118333,0
0,0.011629425,0
0,0.03277666,0
0,0.007762023,0
0,0.010103082,0
0,0.0015512457,0
0,0.27688023,0
0,0.010793108,0
0,0.05045055,0
0,0.021002488,0
0,0.0018538754,0
0,0.0020529267,0
0,0.16129291,0
0,0.0046806806,0
0,0.056312826,0
0,0.016555078,0
0,0.023317317,0
0,0.0070658484,0
0,0.0040128864,0
0,0.11429443,0
0,0.042103186,0
0,0.024175238,0
0,0.009714332,0
0,0.002179374,0
0,0.0020288455,0
0,0.004663164,0
0,0.004388599,0
0,0.026496775,0
0,0.0044265725,0
0,0.0047804755,0
0,0.041171614,0
0,0.0059244013,0
0,0.12840897,0
0,0.0036083076,0
0,0.003670716,0
0,0.007981898,0
0,0.013184333,0
0,0.027327472,0
0,0.012542091,0
0,0.0059549403,0
0,0.0040145544,0
0,0.38025463,1
0,0.04152631,0
0,0.005713219,0
0,0.014642925,0
0,0.018556679,0
0,0.008153194,0
0,0.045816123,0
0,0.004183207,0
0,0.036302224,0
0,0.021748891,0
0,0.011562138,0
0,0.013247439,0
0,0.008929106,0
0,0.015185062,0
0,0.0033686964,0
0,0.04804063,0
0,0.0056974594,0
0,0.006332665,0
0,0.0012021301,0
0,0.051709577,0
0,0.005791877,0
0,0.005175761,0
0,0.009375715,0
0,0.010424465,0
0,0.0028047455,0
0,0.041125767,0
0,0.030544328,0
0,0.011735438,0
0,0.015991565,0
0,0.0034594676,0
0,0.004615553,0
0,0.012483661,0
0,0.042862486,0
0,0.0056111272,0
0,0.01440862,0
0,0.006561423,0
0,0.002923023,0
0,0.026669009,0
0,0.0040785177,0
0,0.0147428615,0
0,0.005130325,0
0,0.038879417,0
0,0.0056250994,0
0,0.005483681,0
0,0.01348597,0
0,0.0043781316,0
0,0.0072094128,0
0,0.012876779,0
0,0.025160164,0
0,0.005676296,0
0,0.0025434738,0
0,0.014368695,0
0,0.023799641,0
0,0.10067791,0
0,0.3866977,1
0,0.0040239836,0
0,0.003938904,0
0,0.027858438,0
0,0.005108458,0
0,0.033800546,0
0,0.061479244,0
0,0.06531768,0
0,0.0059346436,0
0,0.021082869,0
0,0.004929958,0
0,0.0152868265,0
0,0.07564507,0
0,0.0033633583,0
0,0.008343196,0
0,0.016012182,0
0,0.0041316855,0
0,0.008821443,0
0,0.055043,0
0,0.11838818,0
0,0.005820379,0
0,0.0029969793,0
0,0.13421825,0
0,0.015376572,0
0,0.15210882,0
0,0.024872,0
0,0.007869813,0
0,0.05744996,0
0,0.0052106827,0
0,0.009671426,0
0,0.010022447,0
0,0.0039566737,0
0,0.009541637,0
0,0.002324969,0
0,0.0016778015,0
0,0.04141108,0
0,0.011450555,0
0,0.007061354,0
0,0.008485364,0
0,0.02587805,0
0,0.0126635665,0
0,0.09472138,0
0,0.0068265307,0
0,0.005024727,0
0,0.026096141,0
0,0.007292712,0
0,0.0041241115,0
0,0.015454067,0
1,0.7846905,1
0,0.01588552,0
0,0.007075728,0
0,0.0070442134,0
0,0.008335751,0
1,0.97972965,1
0,0.0024062514,0
0,0.011469684,0
0,0.006393417,0
0,0.036086597,0
0,0.33853114,0
0,0.025495982,0
0,0.00624414,0
0,0.021625243,0
0,0.009685352,0
0,0.016140267,0
0,0.009703801,0
0,0.02193688,0
0,0.017927693,0
0,0.0031998754,0
0,0.0035806922,0
0,0.023840833,0
0,0.005162605,0
0,0.036356997,0
0,0.031046143,0
0,0.007606697,0
0,0.005203189,0
0,0.006971823,0
0,0.061042666,0
0,0.005715974,0
0,0.015712393,0
0,0.005369356,0
0,0.016256507,0
0,0.0016869907,0
0,0.17681496,0
1,0.1404176,0
0,0.032438815,0
0,0.0019690082,0
0,0.03305429,0
0,0.008164396,0
0,0.003688461,0
0,0.037545107,0
0,0.0068315663,0
0,0.0057649403,0
0,0.0046748416,0
0,0.018363286,0
0,0.014741455,0
0,0.0045335894,0
0,0.005938265,0
0,0.0063056643,0
0,0.0423255,0
0,0.044535063,0
0,0.006031084,0
0,0.0010346028,0
0,0.0086302385,0
0,0.2927768,0
0,0.004721828,0
0,0.016317971,0
0,0.025105363,0
0,0.022676645,0
0,0.013132699,0
0,0.0031523937,0
0,0.095180035,0
0,0.0036141379,0
1,0.66622746,1
0,0.002645276,0
0,0.008701639,0
0,0.001800458,0
0,0.009752706,0
0,0.009216112,0
0,0.0054842453,0
0,0.019580718,0
0,0.011842743,0
0,0.045361284,0
0,0.035607543,0
0,0.018881846,0
0,0.07405906,0
0,0.00596569,0
0,0.011158757,0
0,0.030005826,0
0,0.005595937,0
0,0.01853132,0
1,0.2471234,0
0,0.008644436,0
0,0.03427763,0
0,0.0022423281,0
0,0.0082139615,0
0,0.015215141,0
0,0.014380368,0
0,0.0028918446,0
0,0.0020146805,0
0,0.06412654,0
1,0.9882762,1
0,0.005909556,0
0,0.01113048,0
0,0.0047586425,0
0,0.0024936232,0
1,0.8473451,1
0,0.01051161,0
0,0.006413367,0
1,0.8766337,1
0,0.013022304,0
0,0.013984619,0
0,0.030393353,0
0,0.008078638,0
0,0.02501483,0
0,0.030997943,0
0,0.022294167,0
0,0.002051137,0
0,0.010054381,0
0,0.03030703,0
0,0.00309539,0
0,0.018062733,0
0,0.012697421,0
0,0.02898309,0
0,0.026014842,0
0,0.016802646,0
0,0.00460096,0
0,0.0146244075,0
0,0.013636098,0
0,0.0059248228,0
0,0.0075459057,0
0,0.05811181,0
0,0.073098786,0
0,0.014273618,0
0,0.020612536,0
0,0.00613891,0
0,0.007487183,0
0,0.025927378,0
0,0.13984764,0
0,0.002905273,0
0,0.035117388,0
0,0.027031966,0
0,0.018095667,0
1,0.2610319,0
0,0.026747804,0
0,0.008102647,0
0,0.0044607716,0
1,0.033570033,0
0,0.03610108,0
0,0.012786371,0
0,0.011019363,0
0,0.06693655,0
0,0.08387952,0
0,0.0109602595,0
0,0.015200479,0
0,0.011419383,0
0,0.17910369,0
0,0.034867797,0
0,0.015553435,0
0,0.0062317345,0
0,0.0062217996,0
0,0.06382594,0
0,0.016133009,0
0,0.03233406,0
0,0.15806694,0
0,0.06440058,0
0,0.014537534,0
0,0.008942982,0
0,0.028726004,0
0,0.05258633,0
0,0.0032486923,0
0,0.0122386925,0
0,0.011977908,0
0,0.011075644,0
0,0.0156087,0
0,0.002258998,0
0,0.03692941,0
0,0.0108997,0
0,0.01122457,0
0,0.01825673,0
0,0.0058264136,0
0,0.03343004,0
0,0.0019355466,0
0,0.014880507,0
0,0.022974983,0
0,0.015895467,0
0,0.01805607,0
0,0.004484994,0
0,0.021825507,0
0,0.03601695,0
0,0.0148719875,0
0,0.051695876,0
0,0.001310225,0
0,0.04456233,0
0,0.0024987545,0
0,0.020946767,0
0,0.0038876424,0
0,0.011144313,0
0,0.003193093,0
0,0.006176767,0
0,0.0044458467,0
0,0.0040783337,0
1,0.046158426,0
0,0.009986611,0
0,0.0044154804,0
1,0.0042497334,0
0,0.021770684,0
0,0.08600852,0
0,0.027105073,0
0,0.033943683,0
0,0.019510124,0
0,0.017123716,0
0,0.00961505,0
0,0.0013926193,0
0,0.015580906,0
0,0.027841983,0
0,0.010698501,0
0,0.014814498,0
0,0.14873755,0
0,0.029275343,0
0,0.010291812,0
1,0.07432691,0
0,0.028914943,0
0,0.010407985,0
0,0.018452028,0
0,0.03665169,0
0,0.05249827,0
0,0.07685991,0
0,0.0109720975,0
0,0.0062469225,0
0,0.2813063,0
0,0.002451703,0
0,0.0066427644,0
0,0.037199266,0
0,0.018219028,0
0,0.017332997,0
0,0.00746691,0
0,0.0065932716,0
0,0.011502655,0
0,0.0043698465,0
0,0.0054512415,0
0,0.02088097,0
0,0.0136575615,0
0,0.0036026665,0
0,0.020781416,0
0,0.015410452,0
0,0.013611498,0
1,0.51393574,1
0,0.0030810942,0
0,0.023469131,0
0,0.06532828,0
0,0.0072515234,0
0,0.009103588,0
0,0.0037027998,0
0,0.01859585,0
0,0.030929102,0
0,0.033756036,0
0,0.028170848,0
0,0.0068649775,0
0,0.0028153504,0
0,0.0076981313,0
0,0.033514034,0
0,0.003545986,0
0,0.0123515,0
0,0.060883306,0
0,0.005875646,0
0,0.0021794257,0
0,0.012770786,0
0,0.0023726274,0
0,0.024540626,0
0,0.012478184,0
0,0.024447085,0
0,0.0056658154,0
0,0.040115073,0
0,0.010927701,0
0,0.017509565,0
0,0.017152078,0
0,0.023475176,0
0,0.105763495,0
0,0.014692653,0
0,0.008378555,0
0,0.005858833,0
0,0.012160132,0
0,0.008548254,0
0,0.0062270914,0
0,0.014520083,0
0,0.085060686,0
0,0.0029816537,0
0,0.026717247,0
0,0.012477061,0
0,0.017370097,0
0,0.2856431,0
0,0.0036251766,0
0,0.11542006,0
0,0.022812748,0
0,0.019426282,0
0,0.03733925,0
0,0.022461388,0
0,0.004680472,0
0,0.008938086,0
0,0.006947387,0
0,0.0063160732,0
0,0.010970794,0
0,0.09063534,0
0,0.048544817,0
0,0.021421073,0
0,0.043640703,0
0,0.022313258,0
1,0.93301797,1
0,0.011023267,0
0,0.0053385748,0
0,0.011738149,0
0,0.17002167,0
0,0.007139844,0
0,0.004717498,0
0,0.009588735,0
0,0.0057347333,0
0,0.0047120946,0
0,0.03010661,0
0,0.04431562,0
0,0.018211838,0
0,0.04936116,0
0,0.03847018,0
0,0.0018859467,0
0,0.0045856507,0
0,0.02487322,0
0,0.22243011,0
0,0.029156115,0
0,0.38159704,1
0,0.022461388,0
0,0.09594013,0
0,0.057055697,0
0,0.002913268,0
0,0.021643491,0
0,0.024616951,0
0,0.022156741,0
0,0.0156649,0
0,0.014842514,0
0,0.0132809775,0
0,0.012645896,0
0,0.017388819,0
0,0.0032009343,0
0,0.0057482645,0
0,0.024693968,0
0,0.021266663,0
0,0.010662869,0
0,0.018043786,0
0,0.038018085,0
0,0.005406826,0
0,0.01552917,0
0,0.0065940963,0
1,0.15536778,0
0,0.007660247,0
0,0.011294356,0
0,0.009013867,0
0,0.034604393,0
0,0.039460503,0
1,0.018661134,0
0,0.0047892747,0
0,0.013372407,0
0,0.005867513,0
0,0.047270376,0
0,0.03151404,0
0,0.05681219,0
0,0.0046640025,0
0,0.025902836,0
0,0.012398974,0
0,0.0045095915,0
0,0.050173078,0
0,0.010873478,0
0,0.022938233,0
0,0.008070561,0
0,0.009986611,0
0,0.008170897,0
0,0.0025742499,0
0,0.009968095,0
0,0.05347495,0
1,0.8470446,1
0,0.015055656,0
0,0.0129924305,0
0,0.0020236482,0
0,0.0038088937,0
0,0.0034812565,0
0,0.04421363,0
0,0.022825439,0
0,0.034920078,0
0,0.0042271614,0
0,0.0064496147,0
0,0.0084371455,0
0,0.06920203,0
0,0.01374788,0
0,0.043518193,0
0,0.012352902,0
0,0.0046410705,0
0,0.0078016873,0
0,0.010582749,0
0,0.19641852,0
0,0.004042717,0
0,0.77553433,1
0,0.119066566,0
0,0.013502956,0
0,0.015366777,0
0,0.002674439,0
0,0.029341746,0
0,0.0061083827,0
0,0.024956482,0
0,0.017047675,0
0,0.011003246,0
0,0.014854295,0
0,0.011218899,0
0,0.0038741909,0
0,0.05101657,0
0,0.0031757834,0
0,0.044529267,0
0,0.11849704,0
0,0.0059425533,0
0,0.12008363,0
0,0.015692664,0
0,0.023077339,0
0,0.0046289754,0
0,0.057108704,0
0,0.048086066,0
0,0.0056237094,0
0,0.016881144,0
0,0.008225542,0
0,0.003987221,0
0,0.00902077,0
0,0.024537293,0
0,0.0048053907,0
0,0.011849669,0
0,0.05998238,0
0,0.011980488,0
0,0.016180381,0
0,0.010496913,0
0,0.022118028,0
0,0.0021296954,0
0,0.02237921,0
0,0.09273214,0
0,0.0025606882,0
1,0.8778521,1
0,0.0031697555,0
0,0.00426911,0
0,0.0054198676,0
0,0.022972194,0
1,0.01202708,0
0,0.0031639705,0
0,0.008079249,0
0,0.00799792,0
0,0.014376511,0
0,0.030405274,0
0,0.026183276,0
0,0.02175611,0
0,0.005526976,0
0,0.0032693536,0
0,0.04068738,0
0,0.008246156,0
0,0.008047449,0
0,0.33774513,0
0,0.029173099,0
0,0.00984708,0
0,0.03423883,0
0,0.00665026,0
0,0.008033344,0
0,0.006336922,0
0,0.012226663,0
0,0.02721807,0
0,0.015427398,0
0,0.010407022,0
0,0.074909486,0
0,0.021692773,0
0,0.022735942,0
1,0.99136025,1
0,0.020709923,0
0,0.014662924,0
0,0.007716376,0
0,0.0043026432,0
0,0.0029160175,0
0,0.013446124,0
0,0.010512755,0
0,0.004680003,0
0,0.02023474,0
0,0.03549327,0
0,0.020289656,0
0,0.005061266,0
0,0.028699454,0
0,0.015914746,0
0,0.006049483,0
0,0.026512612,0
0,0.024308626,0
0,0.0048072767,0
0,0.003598889,0
0,0.028212344,0
0,0.08045734,0
0,0.0030142416,0
0,0.032658502,0
0,0.0032149146,0
0,0.003805161,0
0,0.01321504,0
0,0.025906263,0
0,0.015621952,0
0,0.037442323,0
0,0.011041314,0
0,0.020798735,0
0,0.46263394,1
0,0.028799519,0
0,0.012456897,0
0,0.023769416,0
0,0.008105012,0
0,0.028241944,0
0,0.012043041,0
1,0.01659836,0
0,0.015404064,0
0,0.01790956,0
0,0.023992164,0
0,0.046124365,0
0,0.005953964,0
0,0.0061899447,0
0,0.017378418,0
0,0.014348835,0
0,0.03944713,0
0,0.0034952592,0
0,0.01999655,0
0,0.020503981,0
0,0.0058473265,0
0,0.014393574,0
0,0.023202602,0
0,0.016479617,0
0,0.026342502,0
0,0.005736588,0
0,0.0068724095,0
0,0.0133625325,0
0,0.0035631133,0
0,0.036302224,0
0,0.061414655,0
0,0.042026665,0
0,0.010964152,0
0,0.02017104,0
0,0.1800839,0
0,0.024255138,0
0,0.0025801065,0
0,0.0022415856,0
0,0.013492429,0
0,0.0022351448,0
0,0.0051572444,0
0,0.005972959,0
0,0.015010228,0
0,0.0029072808,0
0,0.01425543,0
0,0.024938196,0
0,0.030876968,0
0,0.004314706,0
0,0.002754342,0
0,0.0041352697,0
0,0.0053262957,0
0,0.0097769955,0
0,0.015269838,0
0,0.018714322,0
0,0.0022437847,0
0,0.016019156,0
0,0.00554928,0
0,0.0058168042,0
0,0.0050151595,0
0,0.047082506,0
0,0.017925218,0
0,0.004569238,0
0,0.008335826,0
0,0.00092239806,0
0,0.014879451,0
0,0.017254999,0
0,0.13593529,0
0,0.0047044326,0
0,0.0011437149,0
0,0.0059213834,0
0,0.0041563367,0
0,0.03309099,0
0,0.012232555,0
0,0.00837892,0
0,0.0200263,0
0,0.18274148,0
0,0.05915142,0
0,0.007169011,0
0,0.015380962,0
0,0.028928095,0
0,0.012805671,0
0,0.005217707,0
0,0.01144161,0
0,0.033688165,0
0,0.0067334063,0
0,0.0020082921,0
0,0.0026582363,0
0,0.06556193,0
0,0.054161686,0
0,0.0048261364,0
0,0.020788934,0
0,0.013425014,0
0,0.0032819426,0
0,0.014965666,0
0,0.0069604884,0
0,0.15957601,0
0,0.02454328,0
0,0.0063576815,0
0,0.0059859166,0
0,0.04375058,0
0,0.0075410646,0
0,0.018900383,0
0,0.0160684,0
0,0.002332173,0
0,0.09279723,0
0,0.004054059,0
0,0.003974702,0
0,0.012372773,0
0,0.021827579,0
0,0.012544979,0
0,0.008357849,0
0,0.01393161,0
0,0.00226144,0
0,0.003694938,0
0,0.030543374,0
0,0.015387744,0
1,0.047576692,0
0,0.011054974,0
0,0.022144338,0
0,0.01696917,0
0,0.029175373,0
0,0.009216508,0
0,0.37130433,1
0,0.011906469,0
0,0.008869871,0
0,0.008407387,0
0,0.009829448,0
0,0.026456652,0
0,0.013992721,0
0,0.015376572,0
0,0.016192477,0
0,0.54264295,1
0,0.0031312944,0
0,0.018327942,0
0,0.022441518,0
0,0.006299136,0
0,0.002342457,0
0,0.1089967,0
0,0.01730187,0
0,0.14963089,0
1,0.0034839937,0
0,0.07836541,0
0,0.004838372,0
0,0.0049811355,0
0,0.001396516,0
0,0.013165004,0
0,0.037630465,0
1,0.6169722,1
0,0.020939087,0
0,0.0066128485,0
0,0.0125084445,0
0,0.083745345,0
0,0.015259273,0
1,0.16246325,0
0,0.011798934,0
0,0.0066525224,0
0,0.02344806,0
0,0.003267319,0
0,0.022461388,0
0,0.022784315,0
0,0.025492841,0
0,0.04876328,0
0,0.004461915,0
0,0.012942031,0
0,0.02257984,0
0,0.117913395,0
0,0.004463754,0
0,0.004723782,0
0,0.02496422,0
0,0.00713071,0
1,0.98881626,1
0,0.089634106,0
0,0.023658546,0
0,0.016569415,0
0,0.019631222,0
0,0.0040767496,0
0,0.03962129,0
0,0.0108395135,0
0,0.0023066644,0
0,0.1014193,0
0,0.018757893,0
0,0.011652373,0
0,0.045453448,0
0,0.0030676457,0
0,0.010529369,0
0,0.018938828,0
0,0.10491392,0
1,0.8834812,1
0,0.004387945,0
0,0.31933513,0
0,0.08203315,0
0,0.0047531943,0
0,0.0033218628,0
0,0.015570376,0
0,0.01189441,0
0,0.105520055,0
0,0.03237457,0
0,0.053422287,0
0,0.047124743,0
0,0.0055692988,0
0,0.030581852,0
0,0.0058931466,0
0,0.003935299,0
0,0.022398822,0
0,0.019520119,0
0,0.029409027,0
0,0.0047604656,0
0,0.00465424,0
0,0.011007584,0
0,0.021452906,0
0,0.020570414,0
0,0.015808543,0
0,0.031012125,0
0,0.0249874,0
0,0.020828325,0
0,0.00068762794,0
0,0.025569312,0
0,0.009048819,0
0,0.0023438905,0
0,0.0124378465,0
0,0.016941711,0
0,0.013080741,0
0,0.024074975,0
0,0.013724204,0
0,0.0035788266,0
0,0.011930116,0
0,0.028832596,0
0,0.0740803,0
0,0.037674014,0
0,0.003844245,0
0,0.010626852,0
0,0.002315156,0
0,0.02069631,0
0,0.012043897,0
0,0.017191237,0
0,0.0160998,0
0,0.009428132,0
0,0.016374968,0
0,0.0011517495,0
1,0.99506444,1
0,0.013095314,0
0,0.012954109,0
0,0.02022595,0
0,0.029454952,0
0,0.010985596,0
0,0.029495142,0
0,0.010210996,0
0,0.047769327,0
0,0.014022323,0
0,0.005353834,0
0,0.1503322,0
0,0.016480073,0
0,0.10953834,0
0,0.008300401,0
0,0.018052068,0
0,0.0026634396,0
0,0.012853308,0
0,0.045218825,0
1,0.69350463,1
0,0.013246199,0
0,0.021880127,0
0,0.010008334,0
0,0.010373417,0
0,0.006103125,0
1,0.2371049,0
0,0.009279957,0
0,0.0046458575,0
0,0.019588359,0
0,0.0022367386,0
0,0.018287275,0
1,0.06754052,0
0,0.016474888,0
0,0.010295703,0
0,0.0101175,0
0,0.004207561,0
0,0.03014095,0
0,0.0037364336,0
0,0.011560252,0
0,0.024130568,0
0,0.048682824,0
0,0.022749227,0
0,0.09559425,0
0,0.0023528724,0
0,0.115664326,0
0,0.011174853,0
0,0.038371395,0
0,0.0020753369,0
0,0.036488913,0
0,0.0019131327,0
0,0.0035108658,0
0,0.0014974053,0
0,0.061155666,0
0,0.054991208,0
0,0.024906075,0
0,0.0076311054,0
0,0.008131555,0
0,0.0019180778,0
0,0.011634775,0
0,0.01989507,0
0,0.014910474,0
0,0.0057421857,0
0,0.03082374,0
0,0.01600473,0
0,0.057495087,0
0,0.030412922,0
0,0.01587482,0
0,0.0010458461,0
